instance,algorithm_1,algorithm_2,algorithm_3,algorithm_4,algorithm_5,algorithm_6,algorithm_7,algorithm_8,algorithm_9,algorithm_10,algorithm_11,algorithm_12,algorithm_13,algorithm_14,algorithm_15,algorithm_16,algorithm_17,algorithm_18
instance_427,18000.0,18000.0,18000.0,18000.0,14.74,8.4,18000.0,196.94,18000.0,6.18,18000.0,18000.0,18000.0,1774.69,8.28,19.37,24.71,336.67
instance_370,18000.0,18000.0,18000.0,18000.0,18000.0,18000.0,18000.0,18000.0,18000.0,18000.0,18000.0,18000.0,18000.0,18000.0,18000.0,18000.0,18000.0,18000.0
instance_537,106.94,18000.0,18000.0,721.48,0.35,0.25,412.88,0.24,18000.0,2.41,18000.0,88.52,18000.0,0.92,0.28,0.71,1.24,0.62
instance_287,18000.0,0.55,18000.0,0.07,0.11,0.04,0.05,0.1,18000.0,0.26,18000.0,18000.0,18000.0,0.44,0.08,0.12,0.09,0.31
instance_425,18000.0,18000.0,18000.0,18000.0,26.81,50.8,18000.0,476.26,18000.0,12.02,18000.0,18000.0,18000.0,18000.0,13.72,55.63,38.15,18000.0
instance_500,18000.0,42.56,18000.0,12.8,0.99,0.64,15.16,2.18,18000.0,0.66,18000.0,18000.0,18000.0,115.01,1.07,1.05,3.02,23.36
instance_552,18000.0,18000.0,18000.0,188.62,1.14,1.64,166.24,0.7,18000.0,41.55,18000.0,18000.0,18000.0,0.71,1.26,2.66,3.57,1.73
instance_398,18000.0,18000.0,18000.0,18000.0,18000.0,18000.0,18000.0,18000.0,18000.0,18000.0,18000.0,18000.0,18000.0,18000.0,18000.0,18000.0,18000.0,18000.0
instance_71,18000.0,18000.0,18000.0,18000.0,18000.0,18000.0,18000.0,18000.0,18000.0,18000.0,18000.0,18000.0,18000.0,610.69,18000.0,18000.0,18000.0,1188.4
instance_523,18000.0,18000.0,18000.0,18000.0,18000.0,18000.0,18000.0,18000.0,18000.0,18000.0,18000.0,18000.0,18000.0,18000.0,18000.0,18000.0,18000.0,18000.0
instance_255,18000.0,18000.0,18000.0,16.78,0.99,1.54,19.4,0.92,18000.0,18000.0,18000.0,18000.0,18000.0,1.6,0.84,2.6,1.04,1.78
instance_454,18000.0,18000.0,18000.0,18000.0,34.9,248.93,18000.0,603.38,18000.0,19.43,18000.0,18000.0,18000.0,18000.0,18.9,72.43,37.06,1775.89
instance_539,18000.0,18000.0,18000.0,511.85,3.9,4.37,538.19,2.38,18000.0,18000.0,18000.0,18000.0,18000.0,10.38,3.44,5.04,12.37,2.58
instance_566,18000.0,18000.0,18000.0,245.21,1.1,1.6,236.26,0.68,18000.0,37.82,18000.0,18000.0,18000.0,0.62,1.35,6.57,2.81,0.21
instance_251,18000.0,18000.0,18000.0,53.79,0.98,1.61,48.52,0.92,64.88,18000.0,18000.0,18000.0,64.88,1.82,0.85,3.07,1.08,1.74
instance_614,5.56,18000.0,18000.0,4.39,0.09,0.06,5.31,0.06,18000.0,0.38,18000.0,4.69,18000.0,0.06,0.05,0.16,0.17,0.2
instance_6,18000.0,0.52,18000.0,0.42,0.01,0.01,0.43,0.01,18000.0,0.05,18000.0,18000.0,18000.0,0.4,0.01,0.02,0.02,0.16
instance_59,18000.0,18000.0,18000.0,18000.0,18000.0,18000.0,18000.0,18000.0,18000.0,18000.0,18000.0,18000.0,18000.0,18000.0,18000.0,18000.0,18000.0,18000.0
instance_41,18000.0,18000.0,18000.0,1498.26,18000.0,18000.0,1646.99,18000.0,18000.0,18000.0,18000.0,18000.0,18000.0,18000.0,18000.0,1775.64,18000.0,18000.0
instance_626,1766.72,18000.0,1011.05,33.18,0.23,0.4,30.06,0.14,1140.45,11.0,1646.3,702.99,1142.42,0.2,0.26,2.93,0.49,0.08
instance_66,18000.0,18000.0,18000.0,18000.0,18000.0,18000.0,18000.0,18000.0,18000.0,18000.0,18000.0,18000.0,18000.0,18000.0,18000.0,18000.0,18000.0,18000.0
instance_276,18000.0,18000.0,18000.0,932.08,1.2,2.71,1021.58,1.17,18000.0,18000.0,18000.0,18000.0,18000.0,1.89,1.0,4.96,1.41,2.35
instance_617,18000.0,18000.0,18000.0,77.31,0.44,0.65,63.4,0.27,18000.0,12.04,18000.0,1786.94,18000.0,0.29,0.41,1.8,0.96,0.32
instance_146,18000.0,18000.0,18000.0,18000.0,18000.0,18000.0,18000.0,18000.0,18000.0,18000.0,18000.0,18000.0,18000.0,18000.0,541.72,18000.0,1584.56,174.89
instance_257,18000.0,18000.0,18000.0,57.16,1.12,1.99,52.65,1.05,75.8,18000.0,18000.0,18000.0,75.5,1.9,0.85,3.4,1.14,1.84
instance_455,18000.0,11.69,18000.0,1.48,1.3,0.5,0.91,1.65,18000.0,0.6,18000.0,18000.0,18000.0,12.79,1.09,0.82,1.84,3.61
instance_76,18000.0,18000.0,18000.0,18000.0,18000.0,18000.0,18000.0,18000.0,18000.0,18000.0,18000.0,18000.0,18000.0,671.66,18000.0,18000.0,18000.0,18000.0
instance_610,28.76,18000.0,1210.02,5.45,0.13,0.08,4.83,0.08,18000.0,0.64,18000.0,28.07,18000.0,0.12,0.08,0.26,0.25,0.34
instance_337,18000.0,18000.0,18000.0,18000.0,18000.0,18000.0,18000.0,18000.0,18000.0,18000.0,18000.0,18000.0,18000.0,18000.0,18000.0,18000.0,18000.0,18000.0
instance_598,18000.0,18000.0,18000.0,95.92,0.5,0.8,96.81,0.3,18000.0,20.2,18000.0,18000.0,18000.0,0.36,0.53,5.07,1.07,0.24
instance_524,18000.0,18000.0,18000.0,466.65,1013.09,1600.11,542.85,674.91,18000.0,18000.0,18000.0,18000.0,18000.0,1087.15,722.08,1193.92,258.45,311.24
instance_163,18000.0,18000.0,18000.0,18000.0,18000.0,18000.0,18000.0,18000.0,18000.0,18000.0,18000.0,18000.0,18000.0,291.14,18000.0,18000.0,18000.0,764.81
instance_231,18000.0,18000.0,18000.0,1372.01,1.1,1.93,1553.79,1.02,18000.0,18000.0,18000.0,18000.0,18000.0,1.8,0.81,3.48,1.16,1.93
instance_318,18000.0,18000.0,18000.0,18000.0,18000.0,18000.0,18000.0,18000.0,18000.0,18000.0,18000.0,18000.0,18000.0,18000.0,18000.0,18000.0,18000.0,18000.0
instance_85,18000.0,18000.0,18000.0,18000.0,18000.0,18000.0,18000.0,18000.0,18000.0,18000.0,18000.0,18000.0,18000.0,12.34,18000.0,18000.0,37.19,26.12
instance_475,18000.0,18000.0,18000.0,490.08,9.82,4.47,492.84,27.88,18000.0,3.15,18000.0,18000.0,18000.0,517.66,5.01,8.03,28.74,163.78
instance_118,18000.0,18000.0,18000.0,18000.0,18000.0,18000.0,18000.0,18000.0,18000.0,18000.0,18000.0,18000.0,18000.0,1045.85,18000.0,18000.0,18000.0,18000.0
instance_553,18000.0,18000.0,18000.0,82.03,0.44,0.65,61.44,0.27,18000.0,10.44,18000.0,18000.0,18000.0,0.3,0.41,1.83,0.95,0.32
instance_5,0.87,1.57,0.55,0.07,0.0,0.0,0.07,0.0,18000.0,0.02,0.51,0.25,18000.0,0.05,0.0,0.0,0.01,0.01
instance_348,18000.0,18000.0,18000.0,18000.0,18000.0,18000.0,18000.0,18000.0,18000.0,18000.0,18000.0,18000.0,18000.0,18000.0,18000.0,18000.0,18000.0,18000.0
instance_25,1.15,1.3,0.95,0.06,0.0,0.0,0.06,0.0,0.06,0.01,0.87,0.06,0.06,0.05,0.0,0.01,0.01,0.01
instance_169,18000.0,18000.0,18000.0,18000.0,18000.0,18000.0,18000.0,18000.0,18000.0,18000.0,18000.0,18000.0,18000.0,214.14,18000.0,18000.0,18000.0,1037.52
instance_178,18000.0,18000.0,18000.0,18000.0,18000.0,18000.0,18000.0,18000.0,18000.0,18000.0,18000.0,18000.0,18000.0,39.12,18000.0,18000.0,18000.0,59.67
instance_319,18000.0,50.78,18000.0,8.62,17.23,3.97,20.19,17.17,18000.0,8.45,18000.0,18000.0,18000.0,369.64,4.21,6.4,9.92,83.78
instance_364,18000.0,18000.0,18000.0,18000.0,18000.0,18000.0,18000.0,18000.0,18000.0,18000.0,18000.0,18000.0,18000.0,18000.0,18000.0,18000.0,18000.0,18000.0
instance_125,18000.0,18000.0,18000.0,18000.0,18000.0,18000.0,18000.0,18000.0,18000.0,18000.0,18000.0,18000.0,18000.0,18000.0,18000.0,18000.0,18000.0,18000.0
instance_493,18000.0,18000.0,18000.0,18000.0,5.61,285.73,1634.68,264.23,18000.0,7.19,18000.0,18000.0,18000.0,18000.0,6.07,17.9,8.82,931.89
instance_443,18000.0,18000.0,18000.0,1427.76,130.53,18000.0,18000.0,435.23,18000.0,43.14,18000.0,18000.0,18000.0,18000.0,80.83,172.11,18.6,18000.0
instance_265,18000.0,18000.0,18000.0,35.7,1.11,2.1,46.43,1.01,169.8,18000.0,18000.0,18000.0,168.37,1.95,0.88,3.54,1.18,2.09
instance_95,18000.0,18000.0,18000.0,18000.0,17.94,160.86,18000.0,14.6,18000.0,18000.0,18000.0,18000.0,18000.0,242.27,12.2,18000.0,31.32,8.0
instance_380,18000.0,18000.0,18000.0,18000.0,18000.0,18000.0,18000.0,18000.0,18000.0,18000.0,18000.0,18000.0,18000.0,271.95,18000.0,18000.0,18000.0,1216.02
instance_35,992.37,0.21,18000.0,0.03,0.01,0.01,0.03,0.02,18000.0,0.09,18000.0,419.99,18000.0,7.17,0.01,0.03,0.02,0.05
instance_556,421.81,18000.0,18000.0,302.71,0.79,0.43,220.9,0.53,18000.0,5.36,18000.0,298.25,18000.0,3.6,0.65,1.5,2.49,1.72
instance_15,0.93,0.07,0.32,0.01,0.01,0.01,0.01,0.0,2.79,0.26,0.29,0.9,2.03,0.61,0.01,0.02,0.01,0.37
instance_115,18000.0,18000.0,18000.0,18000.0,18000.0,18000.0,18000.0,18000.0,18000.0,18000.0,18000.0,18000.0,18000.0,18000.0,913.15,18000.0,18000.0,244.96
instance_132,18000.0,18000.0,18000.0,18000.0,18000.0,18000.0,18000.0,18000.0,18000.0,18000.0,18000.0,18000.0,18000.0,18000.0,1727.86,18000.0,18000.0,301.08
instance_404,18000.0,33.23,18000.0,0.21,0.02,0.04,0.21,0.02,4.47,0.23,18000.0,18000.0,4.46,0.05,0.06,18000.0,0.03,15.43
instance_624,18000.0,18000.0,18000.0,246.17,1.1,1.5,229.91,0.66,18000.0,41.21,18000.0,18000.0,18000.0,0.61,1.28,6.49,3.01,0.22
instance_111,18000.0,18000.0,18000.0,18000.0,18000.0,18000.0,18000.0,18000.0,18000.0,18000.0,18000.0,18000.0,18000.0,18000.0,18000.0,18000.0,18000.0,182.68
instance_407,18000.0,263.34,18000.0,2.77,4.59,82.75,3.18,24.04,18000.0,18000.0,18000.0,18000.0,18000.0,0.65,183.6,18000.0,8.37,0.75
instance_399,18000.0,18000.0,18000.0,18000.0,18000.0,18000.0,18000.0,18000.0,18000.0,18000.0,18000.0,18000.0,18000.0,18000.0,18000.0,18000.0,18000.0,18000.0
instance_9,18000.0,3.85,18000.0,0.51,0.09,5.14,0.48,0.26,18000.0,18000.0,18000.0,18000.0,18000.0,18000.0,0.15,8.17,0.08,16.85
instance_497,18000.0,18000.0,18000.0,18000.0,342.05,18000.0,18000.0,18000.0,18000.0,18000.0,18000.0,18000.0,18000.0,18000.0,810.93,519.84,36.92,18000.0
instance_264,18000.0,18000.0,18000.0,18000.0,1.06,2.65,18000.0,1.04,331.68,18000.0,18000.0,18000.0,346.77,2.19,1.06,4.26,1.65,2.12
instance_222,18000.0,18000.0,18000.0,84.34,1.06,1.96,87.75,0.98,93.87,18000.0,18000.0,18000.0,94.2,1.82,0.89,3.48,1.17,1.92
instance_347,18000.0,18000.0,18000.0,18000.0,18000.0,18000.0,18000.0,18000.0,18000.0,18000.0,18000.0,18000.0,18000.0,18000.0,18000.0,18000.0,18000.0,18000.0
instance_448,18000.0,5.08,18000.0,2.27,1.07,0.76,1.23,1.97,18000.0,0.64,18000.0,18000.0,18000.0,526.54,1.09,0.86,1.6,39.83
instance_461,18000.0,9.96,18000.0,0.77,1.4,0.48,0.83,1.26,18000.0,0.72,18000.0,18000.0,18000.0,8.89,1.1,0.9,1.71,3.46
instance_24,18000.0,4.13,18000.0,2.79,0.07,0.07,2.46,0.08,18000.0,0.36,18000.0,18000.0,18000.0,18000.0,0.04,0.17,0.1,3.17
instance_253,18000.0,18000.0,18000.0,18.06,1.04,1.73,21.76,1.09,18000.0,18000.0,18000.0,18000.0,18000.0,2.0,0.94,3.29,0.98,1.83
instance_202,18000.0,18000.0,18000.0,19.63,1.15,1.8,17.59,1.03,18000.0,18000.0,18000.0,18000.0,18000.0,1.65,0.9,3.25,0.96,1.94
instance_428,18000.0,18000.0,18000.0,18000.0,22.22,13.08,18000.0,100.74,18000.0,8.54,18000.0,18000.0,18000.0,18000.0,11.39,30.59,23.08,787.32
instance_109,18000.0,18000.0,18000.0,18000.0,97.79,827.8,18000.0,102.53,18000.0,18000.0,18000.0,18000.0,18000.0,1233.65,55.84,18000.0,253.0,43.68
instance_63,18000.0,18000.0,18000.0,18000.0,18000.0,18000.0,18000.0,18000.0,18000.0,18000.0,18000.0,18000.0,18000.0,939.25,18000.0,18000.0,18000.0,1494.16
instance_521,18000.0,18000.0,18000.0,18000.0,18000.0,18000.0,18000.0,18000.0,18000.0,18000.0,18000.0,18000.0,18000.0,18000.0,18000.0,18000.0,18000.0,18000.0
instance_233,18000.0,18000.0,18000.0,31.12,1.15,2.07,27.31,1.05,18000.0,18000.0,18000.0,18000.0,18000.0,1.72,1.02,3.42,1.24,2.0
instance_218,18000.0,18000.0,18000.0,61.7,1.04,1.99,52.35,0.97,642.57,18000.0,18000.0,18000.0,623.68,1.75,0.87,3.13,1.07,1.98
instance_517,18000.0,18000.0,18000.0,18000.0,18000.0,18000.0,18000.0,18000.0,18000.0,18000.0,18000.0,18000.0,18000.0,18000.0,18000.0,18000.0,18000.0,18000.0
instance_622,18000.0,18000.0,18000.0,86.23,0.52,0.84,91.55,0.31,18000.0,20.08,18000.0,18000.0,18000.0,0.36,0.55,5.21,1.11,0.18
instance_208,18000.0,18000.0,18000.0,18000.0,1.03,2.23,18000.0,0.95,18000.0,18000.0,18000.0,18000.0,18000.0,1.82,0.9,4.0,1.41,2.16
instance_92,18000.0,18000.0,18000.0,18000.0,18000.0,18000.0,18000.0,18000.0,18000.0,18000.0,18000.0,18000.0,18000.0,18000.0,18000.0,18000.0,18000.0,18000.0
instance_1,0.29,0.1,1.88,0.13,0.0,0.0,0.11,0.01,0.09,0.2,1.76,0.06,0.09,0.95,0.0,0.02,0.01,0.37
instance_514,18000.0,18000.0,18000.0,18000.0,18000.0,18000.0,18000.0,18000.0,18000.0,18000.0,18000.0,18000.0,18000.0,18000.0,18000.0,18000.0,18000.0,18000.0
instance_554,106.94,18000.0,18000.0,14.17,0.2,0.14,12.1,0.12,18000.0,1.38,18000.0,105.51,18000.0,0.2,0.11,0.34,0.35,0.38
instance_504,18000.0,18000.0,18000.0,18000.0,22.73,16.26,18000.0,75.62,18000.0,8.55,18000.0,18000.0,18000.0,18000.0,10.71,45.19,30.36,572.44
instance_244,18000.0,18000.0,18000.0,18000.0,1.15,2.4,18000.0,1.01,18000.0,18000.0,18000.0,18000.0,18000.0,1.9,0.98,4.14,1.42,2.09
instance_571,18000.0,18000.0,18000.0,616.95,1.66,2.06,641.01,1.01,18000.0,49.65,18000.0,18000.0,18000.0,1.2,2.0,3.67,4.57,1.28
instance_628,18000.0,18000.0,18000.0,141.38,1.07,1.74,142.68,0.63,18000.0,47.09,18000.0,18000.0,18000.0,0.62,1.15,2.55,2.53,1.13
instance_377,18000.0,18000.0,18000.0,18000.0,18000.0,18000.0,18000.0,18000.0,18000.0,18000.0,18000.0,18000.0,18000.0,18000.0,18000.0,18000.0,18000.0,18000.0
instance_284,18000.0,0.2,2.69,0.01,0.03,0.01,0.01,0.02,0.73,0.03,2.26,18000.0,0.73,0.12,0.02,0.01,0.02,0.1
instance_182,18000.0,18000.0,18000.0,43.28,0.94,1.78,40.92,0.94,211.29,18000.0,18000.0,18000.0,214.61,1.8,0.69,3.01,1.02,1.8
instance_52,18000.0,18000.0,18000.0,18000.0,18000.0,18000.0,18000.0,18000.0,18000.0,18000.0,18000.0,18000.0,18000.0,18000.0,18000.0,18000.0,18000.0,18000.0
instance_260,18000.0,18000.0,18000.0,18000.0,0.99,2.15,18000.0,0.88,18000.0,18000.0,18000.0,18000.0,18000.0,1.85,0.88,4.02,1.45,1.95
instance_410,18000.0,18000.0,18000.0,380.57,10.11,4.4,391.65,50.99,18000.0,3.83,18000.0,18000.0,18000.0,476.14,6.68,8.67,25.9,207.32
instance_585,5.01,749.93,167.67,1.49,0.16,0.13,1.3,0.11,376.22,0.63,18000.0,4.98,374.05,1.23,0.16,0.9,0.6,0.88
instance_548,18000.0,18000.0,18000.0,85.32,0.51,0.8,95.8,0.3,18000.0,20.35,18000.0,18000.0,18000.0,0.35,0.53,5.07,1.05,0.23
instance_185,18000.0,18000.0,18000.0,102.05,1.05,2.27,118.34,1.03,18000.0,18000.0,18000.0,18000.0,18000.0,1.89,0.89,4.27,1.23,2.12
instance_192,18000.0,18000.0,18000.0,16.02,1.18,2.03,20.56,1.13,18000.0,18000.0,18000.0,18000.0,18000.0,1.73,1.0,3.53,1.03,2.12
instance_384,18000.0,18000.0,18000.0,18000.0,18000.0,18000.0,18000.0,18000.0,18000.0,18000.0,18000.0,18000.0,18000.0,120.59,18000.0,18000.0,18000.0,448.22
instance_590,1565.12,18000.0,18000.0,64.8,0.62,1.44,68.51,0.39,18000.0,45.12,18000.0,1403.16,18000.0,0.66,0.69,1.86,1.46,0.31
instance_409,18000.0,18000.0,18000.0,18000.0,18000.0,18000.0,18000.0,18000.0,18000.0,18000.0,18000.0,18000.0,18000.0,18000.0,18000.0,18000.0,18000.0,18000.0
instance_570,18000.0,18000.0,18000.0,91.13,0.64,0.76,96.59,0.38,18000.0,16.5,18000.0,18000.0,18000.0,0.27,0.61,2.01,1.32,0.23
instance_354,18000.0,18000.0,18000.0,441.16,18000.0,18000.0,471.2,18000.0,18000.0,18000.0,18000.0,18000.0,18000.0,18000.0,18000.0,18000.0,18000.0,254.59
instance_175,18000.0,18000.0,18000.0,18000.0,18000.0,18000.0,18000.0,18000.0,18000.0,18000.0,18000.0,18000.0,18000.0,18000.0,18000.0,18000.0,18000.0,18000.0
instance_367,18000.0,18000.0,18000.0,750.8,18000.0,18000.0,747.54,18000.0,18000.0,18000.0,18000.0,18000.0,18000.0,18000.0,18000.0,18000.0,18000.0,135.2
instance_502,18000.0,18000.0,18000.0,275.08,5.7,2.58,285.56,39.41,18000.0,2.59,18000.0,18000.0,18000.0,535.65,4.5,5.27,23.32,158.09
instance_168,18000.0,18000.0,18000.0,18000.0,18000.0,18000.0,18000.0,18000.0,18000.0,18000.0,18000.0,18000.0,18000.0,1575.2,18000.0,18000.0,18000.0,18000.0
instance_93,18000.0,18000.0,18000.0,18000.0,1043.55,18000.0,18000.0,1034.96,18000.0,18000.0,18000.0,18000.0,18000.0,731.77,18000.0,18000.0,18000.0,1494.05
instance_578,18000.0,18000.0,18000.0,92.49,0.51,0.82,99.33,0.3,18000.0,19.59,18000.0,18000.0,18000.0,0.35,0.53,5.26,1.06,0.23
instance_603,18000.0,18000.0,18000.0,96.72,0.63,0.76,94.5,0.39,18000.0,16.54,18000.0,18000.0,18000.0,0.27,0.6,1.84,1.33,0.22
instance_369,18000.0,18000.0,18000.0,493.66,18000.0,18000.0,646.81,1448.27,18000.0,18000.0,18000.0,18000.0,18000.0,18000.0,18000.0,18000.0,18000.0,257.48
instance_83,18000.0,18000.0,18000.0,18000.0,18000.0,18000.0,18000.0,18000.0,18000.0,18000.0,18000.0,18000.0,18000.0,23.44,18000.0,18000.0,44.7,33.09
instance_194,18000.0,18000.0,18000.0,18000.0,0.97,2.43,18000.0,0.95,102.32,18000.0,18000.0,18000.0,100.35,1.9,0.88,4.01,1.51,2.11
instance_531,18000.0,18000.0,18000.0,18000.0,18000.0,18000.0,18000.0,18000.0,18000.0,18000.0,18000.0,18000.0,18000.0,18000.0,18000.0,18000.0,18000.0,18000.0
instance_572,169.95,18000.0,18000.0,63.34,0.27,0.23,72.78,0.17,18000.0,2.42,18000.0,170.51,18000.0,1.15,0.18,0.64,0.72,0.72
instance_289,18000.0,0.79,18000.0,0.34,0.47,0.23,0.23,0.41,18000.0,0.72,18000.0,18000.0,18000.0,9.3,0.37,0.37,0.8,2.11
instance_297,18000.0,7.43,18000.0,4.61,7.93,3.73,5.96,8.45,18000.0,31.57,18000.0,18000.0,18000.0,6.69,2.45,3.43,2.42,4.03
instance_313,18000.0,18000.0,18000.0,220.5,45.01,10.92,1396.58,34.78,18000.0,124.65,18000.0,18000.0,18000.0,86.68,27.98,698.34,23.03,148.45
instance_316,18000.0,107.28,18000.0,14.67,47.72,4.54,31.45,66.06,18000.0,16.47,18000.0,18000.0,18000.0,1149.31,6.09,7.36,14.82,538.62
instance_181,18000.0,18000.0,18000.0,603.82,1.16,3.03,692.53,1.2,130.5,18000.0,18000.0,18000.0,136.48,2.07,0.94,5.36,1.6,2.54
instance_73,18000.0,18000.0,18000.0,18000.0,18000.0,18000.0,18000.0,18000.0,18000.0,18000.0,18000.0,18000.0,18000.0,18000.0,18000.0,18000.0,18000.0,18000.0
instance_288,18000.0,3.12,18000.0,1.99,1.68,1.96,1.69,1.68,18000.0,17.04,18000.0,18000.0,18000.0,3.99,1.26,2.11,1.35,2.43
instance_245,18000.0,18000.0,18000.0,67.08,1.1,2.09,67.29,1.01,113.11,18000.0,18000.0,18000.0,108.59,1.91,0.9,3.64,1.16,1.9
instance_161,18000.0,18000.0,18000.0,18000.0,199.53,18000.0,18000.0,138.72,18000.0,475.21,18000.0,18000.0,18000.0,321.78,71.14,18000.0,96.9,237.61
instance_450,354.07,7.58,18000.0,0.39,0.49,0.26,0.34,0.48,18000.0,0.34,18000.0,18000.0,18000.0,2.53,0.51,0.43,0.58,1.28
instance_608,18000.0,18000.0,18000.0,238.64,2.62,3.84,235.81,1.5,18000.0,18000.0,18000.0,18000.0,18000.0,2.6,2.06,3.44,5.28,0.79
instance_38,18000.0,23.51,18000.0,11.71,0.18,0.23,10.8,0.43,18000.0,114.02,18000.0,18000.0,18000.0,18000.0,0.11,0.78,0.2,30.7
instance_272,18000.0,18000.0,18000.0,66.22,1.13,2.13,66.61,1.03,92.67,18000.0,18000.0,18000.0,94.03,1.86,0.86,4.02,1.2,2.07
instance_101,18000.0,18000.0,18000.0,18000.0,128.8,18000.0,18000.0,101.88,18000.0,685.94,18000.0,18000.0,18000.0,60.65,81.51,18000.0,85.23,194.12
instance_379,18000.0,18000.0,18000.0,202.46,18000.0,18000.0,214.43,18000.0,18000.0,18000.0,18000.0,18000.0,18000.0,619.76,18000.0,18000.0,18000.0,357.11
instance_567,18000.0,18000.0,18000.0,59.83,0.44,0.62,69.37,0.27,18000.0,14.8,18000.0,18000.0,18000.0,0.3,0.45,3.25,0.93,0.2
instance_449,18000.0,110.75,18000.0,70.69,2.07,2.62,69.89,42.04,18000.0,1.3,18000.0,18000.0,18000.0,18000.0,2.0,3.49,6.07,115.4
instance_406,18000.0,18000.0,18000.0,18000.0,18000.0,18000.0,18000.0,18000.0,18000.0,18000.0,18000.0,18000.0,18000.0,18000.0,18000.0,18000.0,18000.0,18000.0
instance_525,18000.0,138.36,18000.0,37.94,17.64,23.88,38.87,12.61,18000.0,7.62,18000.0,18000.0,18000.0,352.02,8.94,11.48,13.92,53.35
instance_426,18000.0,11.13,18000.0,1.22,1.46,0.55,1.11,1.33,18000.0,0.66,18000.0,18000.0,18000.0,10.33,1.4,0.92,2.01,3.5
instance_311,18000.0,18000.0,18000.0,18000.0,18000.0,18000.0,18000.0,18000.0,18000.0,18000.0,18000.0,18000.0,18000.0,18000.0,18000.0,18000.0,18000.0,18000.0
instance_327,18000.0,18000.0,18000.0,18000.0,18000.0,18000.0,18000.0,18000.0,18000.0,18000.0,18000.0,18000.0,18000.0,18000.0,18000.0,18000.0,18000.0,18000.0
instance_355,18000.0,18000.0,18000.0,18000.0,18000.0,18000.0,18000.0,18000.0,18000.0,18000.0,18000.0,18000.0,18000.0,70.08,18000.0,18000.0,18000.0,18000.0
instance_220,18000.0,18000.0,18000.0,18000.0,1.01,2.32,18000.0,0.92,1471.21,18000.0,18000.0,18000.0,1575.12,1.98,0.95,3.93,1.6,1.97
instance_238,18000.0,18000.0,18000.0,53.52,1.07,2.02,64.95,1.02,88.81,18000.0,18000.0,18000.0,88.69,1.85,0.87,3.48,1.07,1.91
instance_378,18000.0,18000.0,18000.0,576.14,18000.0,18000.0,464.1,18000.0,18000.0,18000.0,18000.0,18000.0,18000.0,18000.0,18000.0,18000.0,18000.0,57.09
instance_302,18000.0,6.72,18000.0,3.53,4.54,5.39,1.19,4.31,18000.0,6.51,18000.0,18000.0,18000.0,16.65,5.65,3.21,5.57,23.57
instance_247,18000.0,18000.0,18000.0,40.82,0.96,1.77,46.1,0.91,80.18,18000.0,18000.0,18000.0,80.9,1.73,0.76,2.8,0.88,1.81
instance_439,18000.0,18000.0,18000.0,311.15,2.05,1.86,385.93,22.71,18000.0,1.21,18000.0,18000.0,18000.0,102.14,2.14,4.92,10.72,98.79
instance_623,18000.0,18000.0,18000.0,18000.0,6.37,18000.0,18000.0,4.08,18000.0,18000.0,18000.0,18000.0,18000.0,11.81,7.78,55.85,23.88,7.24
instance_301,18000.0,25.1,18000.0,15.17,20.79,42.42,39.12,21.0,18000.0,320.18,18000.0,18000.0,18000.0,53.26,88.87,49.64,92.1,28.35
instance_112,18000.0,18000.0,18000.0,18000.0,359.84,18000.0,18000.0,313.8,18000.0,18000.0,18000.0,18000.0,18000.0,18000.0,278.56,827.37,1384.55,121.2
instance_462,18000.0,18000.0,18000.0,1762.24,4.82,8.67,18000.0,144.88,18000.0,3.73,18000.0,18000.0,18000.0,18000.0,3.73,9.56,10.42,429.87
instance_167,18000.0,18000.0,18000.0,18000.0,18000.0,18000.0,18000.0,18000.0,18000.0,18000.0,18000.0,18000.0,18000.0,18000.0,18000.0,18000.0,18000.0,18000.0
instance_508,18000.0,18000.0,18000.0,35.4,3.29,2.09,35.03,19.41,18000.0,1.67,18000.0,18000.0,18000.0,100.48,3.42,3.65,6.16,66.48
instance_159,18000.0,18000.0,18000.0,18000.0,18000.0,18000.0,18000.0,18000.0,18000.0,18000.0,18000.0,18000.0,18000.0,18000.0,18000.0,18000.0,18000.0,18000.0
instance_155,18000.0,18000.0,18000.0,18000.0,18000.0,18000.0,18000.0,18000.0,18000.0,18000.0,18000.0,18000.0,18000.0,93.95,18000.0,18000.0,18000.0,104.47
instance_460,18000.0,84.3,18000.0,19.97,0.98,0.59,25.44,1.2,18000.0,0.62,18000.0,18000.0,18000.0,72.14,0.96,0.99,3.88,13.43
instance_162,18000.0,18000.0,18000.0,18000.0,18000.0,18000.0,18000.0,18000.0,18000.0,18000.0,18000.0,18000.0,18000.0,18000.0,645.31,18000.0,1362.5,91.06
instance_558,6.32,18000.0,60.62,7.39,0.04,0.06,6.18,0.03,63.31,0.86,117.49,6.12,63.11,0.04,0.04,0.12,0.11,0.07
instance_135,18000.0,18000.0,18000.0,18000.0,18000.0,18000.0,18000.0,18000.0,18000.0,18000.0,18000.0,18000.0,18000.0,18000.0,18000.0,18000.0,18000.0,18000.0
instance_423,18000.0,18000.0,18000.0,295.66,2.43,2.0,240.54,14.68,18000.0,1.64,18000.0,18000.0,18000.0,271.45,1.96,4.27,10.89,50.9
instance_304,18000.0,8.98,18000.0,9.23,13.41,12.77,8.91,14.02,18000.0,16.07,18000.0,18000.0,18000.0,106.83,13.6,13.92,14.64,43.13
instance_40,18000.0,24.9,18000.0,5.38,0.12,0.18,5.21,0.21,18000.0,13.5,18000.0,18000.0,18000.0,18000.0,0.09,0.79,0.19,17.15
instance_151,18000.0,18000.0,18000.0,18000.0,57.16,41.69,18000.0,44.07,18000.0,18000.0,18000.0,18000.0,18000.0,1339.05,75.66,18000.0,242.32,44.12
instance_596,18000.0,18000.0,18000.0,18000.0,11.6,9.82,18000.0,7.39,18000.0,358.08,18000.0,18000.0,18000.0,11.1,17.03,26.44,42.5,18.09
instance_296,18000.0,0.03,0.82,0.0,0.0,0.0,0.0,0.0,0.02,0.0,0.67,18000.0,0.02,0.02,0.0,0.0,0.0,0.08
instance_346,18000.0,18000.0,18000.0,18000.0,18000.0,18000.0,18000.0,18000.0,18000.0,18000.0,18000.0,18000.0,18000.0,18000.0,18000.0,18000.0,18000.0,18000.0
instance_625,18000.0,18000.0,18000.0,18000.0,2.64,3.28,18000.0,1.58,18000.0,63.06,18000.0,18000.0,18000.0,2.12,3.04,8.12,8.01,0.93
instance_483,18000.0,55.4,18000.0,31.39,1.29,1.32,24.46,3.68,18000.0,0.78,18000.0,18000.0,18000.0,430.53,1.24,2.26,3.58,39.14
instance_386,18000.0,18000.0,18000.0,18000.0,18000.0,18000.0,18000.0,18000.0,18000.0,18000.0,18000.0,18000.0,18000.0,392.91,18000.0,18000.0,18000.0,373.1
instance_341,18000.0,18000.0,18000.0,18000.0,18000.0,18000.0,18000.0,18000.0,18000.0,18000.0,18000.0,18000.0,18000.0,18000.0,18000.0,18000.0,18000.0,18000.0
instance_133,18000.0,18000.0,18000.0,1510.26,82.76,18000.0,18000.0,54.54,18000.0,167.28,18000.0,18000.0,18000.0,490.88,17.33,18000.0,42.31,134.12
instance_513,18000.0,18000.0,18000.0,18000.0,277.46,51.86,18000.0,640.07,18000.0,544.93,18000.0,18000.0,18000.0,18000.0,218.19,226.61,586.24,717.58
instance_476,18000.0,18000.0,18000.0,680.03,9.97,4.43,701.61,70.18,18000.0,3.4,18000.0,18000.0,18000.0,397.41,6.3,9.37,20.4,284.85
instance_464,18000.0,18000.0,18000.0,83.68,6.08,3.13,82.77,93.77,18000.0,2.28,18000.0,18000.0,18000.0,690.12,4.68,5.68,13.66,108.24
instance_148,18000.0,18000.0,18000.0,18000.0,18000.0,18000.0,18000.0,18000.0,18000.0,18000.0,18000.0,18000.0,18000.0,18000.0,18000.0,18000.0,18000.0,18000.0
instance_28,3.01,0.07,0.35,0.01,0.0,0.0,0.01,0.0,0.11,0.03,0.33,2.29,0.09,0.2,0.0,0.01,0.0,0.06
instance_68,18000.0,18000.0,18000.0,18000.0,18000.0,18000.0,18000.0,18000.0,18000.0,18000.0,18000.0,18000.0,18000.0,1234.92,18000.0,18000.0,18000.0,18000.0
instance_374,18000.0,18000.0,18000.0,519.41,18000.0,18000.0,491.54,18000.0,18000.0,18000.0,18000.0,18000.0,18000.0,87.0,18000.0,18000.0,18000.0,151.88
instance_315,18000.0,37.58,18000.0,6.63,11.12,1.59,10.98,10.53,18000.0,5.1,18000.0,18000.0,18000.0,366.12,2.84,3.39,5.99,98.59
instance_465,18000.0,18000.0,18000.0,222.28,8.25,5.28,174.16,35.24,18000.0,3.88,18000.0,18000.0,18000.0,18000.0,7.12,8.34,16.52,207.42
instance_602,18000.0,18000.0,18000.0,18000.0,5.38,5.48,18000.0,3.47,18000.0,18000.0,18000.0,18000.0,18000.0,9.89,5.77,7.86,22.66,11.71
instance_532,10.73,1748.59,22.62,2.65,0.04,0.04,2.75,0.02,38.08,0.36,32.15,10.74,38.12,0.13,0.04,0.17,0.12,0.09
instance_84,18000.0,18000.0,18000.0,18000.0,18000.0,18000.0,18000.0,18000.0,18000.0,18000.0,18000.0,18000.0,18000.0,18000.0,18000.0,18000.0,18000.0,223.06
instance_621,18000.0,18000.0,18000.0,61.87,0.44,0.61,57.23,0.27,18000.0,14.82,18000.0,18000.0,18000.0,0.29,0.45,3.13,0.94,0.2
instance_431,18000.0,78.83,18000.0,50.46,1.91,1.07,44.83,14.66,18000.0,1.09,18000.0,18000.0,18000.0,18000.0,1.59,1.86,4.34,61.56
instance_480,18000.0,18000.0,18000.0,18000.0,12.46,7.37,18000.0,29.34,18000.0,4.22,18000.0,18000.0,18000.0,18000.0,7.47,14.05,43.92,249.47
instance_422,18000.0,18000.0,18000.0,307.33,8.62,3.44,336.27,30.97,18000.0,2.75,18000.0,18000.0,18000.0,248.2,5.2,6.55,30.04,107.92
instance_600,18000.0,18000.0,18000.0,18000.0,5.26,5.11,18000.0,3.21,18000.0,158.28,18000.0,18000.0,18000.0,7.68,7.19,19.71,17.72,4.55
instance_511,18000.0,18000.0,18000.0,18000.0,18000.0,103.36,18000.0,18000.0,18000.0,18000.0,18000.0,18000.0,18000.0,18000.0,18000.0,694.78,18000.0,18000.0
instance_14,18000.0,18000.0,18000.0,18000.0,18000.0,18000.0,18000.0,18000.0,18000.0,18000.0,18000.0,18000.0,18000.0,18000.0,18000.0,18000.0,18000.0,18000.0
instance_206,18000.0,18000.0,18000.0,18000.0,1.06,2.39,18000.0,1.01,99.31,18000.0,18000.0,18000.0,93.21,1.93,0.93,4.27,1.54,2.12
instance_157,18000.0,18000.0,18000.0,18000.0,18000.0,18000.0,18000.0,18000.0,18000.0,18000.0,18000.0,18000.0,18000.0,44.66,18000.0,18000.0,294.23,60.23
instance_210,18000.0,18000.0,18000.0,23.54,1.08,1.89,23.18,1.1,18000.0,18000.0,18000.0,18000.0,18000.0,1.74,0.96,3.17,1.31,1.92
instance_401,18000.0,18000.0,18000.0,18000.0,18000.0,18000.0,18000.0,18000.0,18000.0,18000.0,18000.0,18000.0,18000.0,18000.0,18000.0,18000.0,18000.0,695.75
instance_183,18000.0,18000.0,18000.0,421.03,1.1,2.45,428.8,1.1,18000.0,18000.0,18000.0,18000.0,18000.0,1.89,0.99,4.03,1.41,2.03
instance_613,18000.0,18000.0,18000.0,96.08,0.64,0.71,95.85,0.39,18000.0,16.63,18000.0,18000.0,18000.0,0.28,0.59,2.07,1.28,0.22
instance_134,18000.0,18000.0,18000.0,18000.0,18000.0,18000.0,18000.0,18000.0,18000.0,18000.0,18000.0,18000.0,18000.0,118.45,18000.0,18000.0,18000.0,598.9
instance_424,18000.0,64.13,18000.0,33.78,2.35,6.27,46.87,10.68,18000.0,1.37,18000.0,18000.0,18000.0,18000.0,1.71,3.5,4.38,104.55
instance_557,18000.0,18000.0,18000.0,52.25,0.45,0.8,61.4,0.27,18000.0,19.24,18000.0,18000.0,18000.0,0.33,0.47,4.77,0.9,0.18
instance_89,18000.0,18000.0,18000.0,18000.0,18000.0,18000.0,18000.0,18000.0,18000.0,18000.0,18000.0,18000.0,18000.0,18000.0,18000.0,18000.0,18000.0,18000.0
instance_127,18000.0,18000.0,18000.0,18000.0,18000.0,18000.0,18000.0,18000.0,18000.0,18000.0,18000.0,18000.0,18000.0,126.6,18000.0,18000.0,18000.0,207.78
instance_488,18000.0,43.63,18000.0,19.28,0.94,0.6,22.62,3.49,18000.0,0.59,18000.0,18000.0,18000.0,56.09,1.01,1.01,2.65,13.74
instance_350,18000.0,18000.0,18000.0,259.33,18000.0,18000.0,261.67,18000.0,18000.0,18000.0,18000.0,18000.0,18000.0,405.92,18000.0,18000.0,18000.0,485.22
instance_365,18000.0,18000.0,18000.0,18000.0,18000.0,18000.0,18000.0,18000.0,18000.0,18000.0,18000.0,18000.0,18000.0,1780.39,18000.0,18000.0,18000.0,18000.0
instance_363,18000.0,18000.0,18000.0,24.37,36.72,88.49,22.88,18.78,18000.0,18000.0,18000.0,18000.0,18000.0,32.7,18000.0,18000.0,19.4,28.94
instance_262,18000.0,18000.0,18000.0,22.55,1.11,1.72,25.57,1.02,18000.0,18000.0,18000.0,18000.0,18000.0,1.66,0.96,3.08,1.17,1.96
instance_526,18000.0,18000.0,18000.0,1734.7,18000.0,18000.0,1586.42,18000.0,18000.0,18000.0,18000.0,18000.0,18000.0,18000.0,18000.0,18000.0,18000.0,18000.0
instance_258,18000.0,18000.0,18000.0,1471.01,0.99,2.25,1418.66,0.96,18000.0,18000.0,18000.0,18000.0,18000.0,1.94,0.95,3.92,1.34,2.04
instance_469,18000.0,18000.0,18000.0,1202.86,11.46,6.02,1077.11,77.59,18000.0,4.82,18000.0,18000.0,18000.0,18000.0,6.42,13.02,22.99,791.52
instance_328,18000.0,730.96,18000.0,312.34,58.58,25.9,1186.16,124.86,18000.0,160.06,18000.0,18000.0,18000.0,18000.0,54.85,72.92,95.46,18000.0
instance_290,18000.0,6.56,18000.0,2.71,0.48,0.38,1.31,0.45,18000.0,1.28,18000.0,18000.0,18000.0,32.92,0.37,0.45,0.7,10.46
instance_107,18000.0,18000.0,18000.0,18000.0,18000.0,18000.0,18000.0,18000.0,18000.0,18000.0,18000.0,18000.0,18000.0,18000.0,18000.0,18000.0,18000.0,18000.0
instance_221,18000.0,18000.0,18000.0,30.08,1.07,1.87,29.92,1.13,18000.0,18000.0,18000.0,18000.0,18000.0,1.78,0.99,3.11,1.04,2.16
instance_61,18000.0,18000.0,18000.0,18000.0,18000.0,18000.0,18000.0,18000.0,18000.0,18000.0,18000.0,18000.0,18000.0,48.25,18000.0,18000.0,740.91,189.53
instance_433,18000.0,18000.0,18000.0,18000.0,18.03,13.76,18000.0,37.06,18000.0,7.63,18000.0,18000.0,18000.0,18000.0,10.34,21.19,30.01,379.1
instance_323,18000.0,18000.0,18000.0,18000.0,1038.32,81.29,18000.0,1020.67,18000.0,18000.0,18000.0,18000.0,18000.0,18000.0,215.2,225.89,327.37,18000.0
instance_138,18000.0,18000.0,18000.0,18000.0,367.27,18000.0,18000.0,559.61,18000.0,18000.0,18000.0,18000.0,18000.0,297.02,18000.0,18000.0,18000.0,358.38
instance_144,18000.0,18000.0,18000.0,18000.0,18000.0,18000.0,18000.0,18000.0,18000.0,18000.0,18000.0,18000.0,18000.0,18000.0,18000.0,18000.0,934.5,79.82
instance_263,18000.0,18000.0,18000.0,18000.0,1.01,2.56,18000.0,0.97,1617.2,18000.0,18000.0,18000.0,1595.96,1.88,0.88,4.56,1.4,2.08
instance_215,18000.0,18000.0,18000.0,23.93,1.01,1.47,23.75,0.92,18000.0,18000.0,18000.0,18000.0,18000.0,1.7,0.77,2.33,0.86,1.85
instance_176,18000.0,18000.0,18000.0,18000.0,18000.0,18000.0,18000.0,18000.0,18000.0,18000.0,18000.0,18000.0,18000.0,18000.0,18000.0,18000.0,18000.0,18000.0
instance_237,18000.0,18000.0,18000.0,18000.0,1.11,2.57,18000.0,1.03,545.43,18000.0,18000.0,18000.0,562.83,2.07,1.01,3.94,1.87,2.13
instance_82,18000.0,18000.0,18000.0,18000.0,131.12,130.54,18000.0,53.31,18000.0,18000.0,18000.0,18000.0,18000.0,171.22,18000.0,18000.0,43.69,20.68
instance_139,18000.0,18000.0,18000.0,18000.0,18000.0,18000.0,18000.0,18000.0,18000.0,18000.0,18000.0,18000.0,18000.0,18000.0,18000.0,18000.0,18000.0,18000.0
instance_373,18000.0,18000.0,18000.0,18000.0,18000.0,18000.0,18000.0,18000.0,18000.0,18000.0,18000.0,18000.0,18000.0,999.65,18000.0,18000.0,18000.0,728.19
instance_117,18000.0,18000.0,18000.0,18000.0,18000.0,18000.0,18000.0,18000.0,18000.0,18000.0,18000.0,18000.0,18000.0,18000.0,18000.0,18000.0,18000.0,18000.0
instance_188,18000.0,18000.0,18000.0,18000.0,1.06,2.21,18000.0,0.98,18000.0,18000.0,18000.0,18000.0,18000.0,2.06,0.9,4.21,1.64,2.08
instance_80,18000.0,18000.0,18000.0,18000.0,18000.0,18000.0,18000.0,18000.0,18000.0,18000.0,18000.0,18000.0,18000.0,197.62,18000.0,18000.0,18000.0,308.46
instance_48,0.93,18000.0,18000.0,18000.0,69.37,75.68,18000.0,95.58,18.25,18000.0,18000.0,173.21,18.43,2.37,272.89,289.21,579.2,1.14
instance_100,18000.0,18000.0,18000.0,18000.0,18000.0,18000.0,18000.0,18000.0,18000.0,18000.0,18000.0,18000.0,18000.0,80.17,18000.0,18000.0,18000.0,115.31
instance_7,18000.0,18.43,18000.0,7.38,0.12,36.36,8.44,0.17,18000.0,519.84,18000.0,18000.0,18000.0,18000.0,0.11,5.94,0.15,267.01
instance_131,18000.0,18000.0,18000.0,18000.0,18000.0,18000.0,18000.0,18000.0,18000.0,18000.0,18000.0,18000.0,18000.0,18000.0,18000.0,18000.0,18000.0,18000.0
instance_414,18000.0,6.98,18000.0,0.46,0.65,0.24,0.4,0.62,18000.0,0.28,18000.0,18000.0,18000.0,3.33,0.56,0.39,0.67,1.51
instance_177,18000.0,18000.0,18000.0,18000.0,142.72,123.92,18000.0,138.77,18000.0,18000.0,18000.0,18000.0,18000.0,18000.0,121.04,18000.0,485.22,61.79
instance_573,20.26,18000.0,18000.0,15.34,0.18,0.14,19.4,0.11,1359.74,1.1,18000.0,20.13,1369.8,0.62,0.18,0.48,0.64,0.6
instance_223,18000.0,18000.0,18000.0,253.39,1.04,2.2,248.18,1.05,18000.0,18000.0,18000.0,18000.0,18000.0,1.85,0.84,3.77,1.32,2.04
instance_160,18000.0,18000.0,18000.0,18000.0,18000.0,18000.0,18000.0,18000.0,18000.0,18000.0,18000.0,18000.0,18000.0,393.48,18000.0,18000.0,1612.88,68.27
instance_389,18000.0,18000.0,18000.0,6.91,308.82,87.94,5.49,34.86,18000.0,108.88,18000.0,18000.0,18000.0,18000.0,18000.0,18000.0,336.3,40.45
instance_579,18000.0,18000.0,18000.0,18000.0,8.52,7.82,18000.0,5.43,18000.0,203.74,18000.0,18000.0,18000.0,20.21,10.88,20.52,39.91,7.21
instance_591,18000.0,18000.0,18000.0,60.48,0.38,0.72,59.28,0.23,18000.0,17.63,18000.0,18000.0,18000.0,0.31,0.41,4.62,0.78,0.24
instance_456,18000.0,18000.0,18000.0,386.3,1.42,1.42,343.52,5.58,18000.0,1.2,18000.0,18000.0,18000.0,114.19,1.76,3.45,10.17,48.74
instance_8,18000.0,18000.0,18000.0,18000.0,18000.0,18000.0,18000.0,18000.0,18000.0,18000.0,18000.0,18000.0,18000.0,18000.0,18000.0,18000.0,18000.0,18000.0
instance_179,18000.0,18000.0,18000.0,18000.0,18000.0,18000.0,18000.0,18000.0,18000.0,18000.0,18000.0,18000.0,18000.0,333.12,18000.0,18000.0,18000.0,278.5
instance_468,18000.0,18000.0,18000.0,48.1,2.57,1.69,41.72,5.06,18000.0,1.45,18000.0,18000.0,18000.0,155.31,2.75,3.26,5.98,91.48
instance_240,18000.0,18000.0,18000.0,405.65,1.05,2.02,457.54,0.98,18000.0,18000.0,18000.0,18000.0,18000.0,1.85,0.85,4.07,1.28,2.14
instance_286,18000.0,1.08,18000.0,0.34,0.4,0.31,0.43,0.37,18000.0,2.78,18000.0,18000.0,18000.0,1.31,0.22,2.17,0.33,0.88
instance_611,5.29,781.94,171.0,1.57,0.16,0.13,1.34,0.12,375.43,0.65,18000.0,5.06,370.81,1.23,0.16,0.89,0.61,0.88
instance_98,18000.0,18000.0,18000.0,18000.0,18000.0,18000.0,18000.0,18000.0,18000.0,18000.0,18000.0,18000.0,18000.0,719.68,18000.0,18000.0,18000.0,126.65
instance_459,18000.0,18000.0,18000.0,949.14,17.12,39.59,885.42,246.93,18000.0,9.97,18000.0,18000.0,18000.0,18000.0,11.29,22.49,30.36,370.94
instance_187,18000.0,18000.0,18000.0,154.71,0.99,2.31,150.16,0.95,18000.0,18000.0,18000.0,18000.0,18000.0,1.88,0.87,3.66,1.2,2.0
instance_122,18000.0,18000.0,18000.0,18000.0,504.19,18000.0,18000.0,318.56,18000.0,1352.0,18000.0,18000.0,18000.0,18000.0,94.6,18000.0,200.61,369.59
instance_199,18000.0,18000.0,18000.0,18000.0,1.09,2.49,18000.0,0.99,1271.74,18000.0,18000.0,18000.0,1289.11,1.92,0.93,4.39,1.56,2.02
instance_191,18000.0,18000.0,18000.0,95.27,0.99,2.14,122.3,0.95,18000.0,18000.0,18000.0,18000.0,18000.0,1.81,0.84,3.86,1.08,1.97
instance_106,18000.0,18000.0,18000.0,18000.0,18000.0,18000.0,18000.0,18000.0,18000.0,18000.0,18000.0,18000.0,18000.0,18000.0,18000.0,18000.0,18000.0,18000.0
instance_51,18000.0,18000.0,18000.0,18000.0,375.29,140.14,18000.0,523.75,18000.0,18000.0,18000.0,18000.0,18000.0,46.15,377.91,440.71,978.1,1.32
instance_249,18000.0,18000.0,18000.0,729.93,1.01,2.11,770.75,0.9,18000.0,18000.0,18000.0,18000.0,18000.0,1.84,0.81,3.58,1.26,1.98
instance_329,18000.0,18000.0,18000.0,18000.0,18000.0,18000.0,18000.0,18000.0,18000.0,18000.0,18000.0,18000.0,18000.0,18000.0,18000.0,18000.0,18000.0,18000.0
instance_113,18000.0,18000.0,18000.0,18000.0,18000.0,18000.0,18000.0,18000.0,18000.0,18000.0,18000.0,18000.0,18000.0,125.74,18000.0,18000.0,18000.0,530.17
instance_515,18000.0,18000.0,18000.0,18000.0,250.29,61.11,18000.0,475.54,18000.0,555.95,18000.0,18000.0,18000.0,18000.0,76.95,125.0,370.12,492.25
instance_336,18000.0,18000.0,18000.0,18000.0,18000.0,18000.0,18000.0,18000.0,18000.0,18000.0,18000.0,18000.0,18000.0,18000.0,18000.0,18000.0,18000.0,18000.0
instance_324,18000.0,18000.0,18000.0,18000.0,18000.0,18000.0,18000.0,18000.0,18000.0,18000.0,18000.0,18000.0,18000.0,18000.0,18000.0,18000.0,18000.0,18000.0
instance_391,18000.0,18000.0,18000.0,18000.0,18000.0,18000.0,18000.0,18000.0,18000.0,18000.0,18000.0,18000.0,18000.0,263.48,18000.0,18000.0,18000.0,1226.2
instance_274,18000.0,18000.0,18000.0,45.04,1.13,2.21,49.62,1.08,139.8,18000.0,18000.0,18000.0,139.2,1.75,0.86,3.94,1.06,2.13
instance_358,18000.0,18000.0,18000.0,18000.0,18000.0,18000.0,18000.0,18000.0,18000.0,18000.0,18000.0,18000.0,18000.0,18000.0,18000.0,18000.0,18000.0,18000.0
instance_241,18000.0,18000.0,18000.0,176.52,1.03,2.1,187.56,0.9,18000.0,18000.0,18000.0,18000.0,18000.0,1.84,0.76,3.81,1.12,1.98
instance_72,18000.0,18000.0,18000.0,18000.0,18000.0,18000.0,18000.0,18000.0,18000.0,18000.0,18000.0,18000.0,18000.0,18000.0,299.21,18000.0,637.84,68.4
instance_382,18000.0,18000.0,18000.0,264.03,18000.0,18000.0,253.69,18000.0,18000.0,18000.0,18000.0,18000.0,18000.0,526.7,18000.0,18000.0,18000.0,426.2
instance_27,18000.0,0.58,18000.0,0.31,0.01,0.0,0.36,0.01,18000.0,0.04,18000.0,18000.0,18000.0,0.38,0.01,0.02,0.02,0.15
instance_16,18000.0,378.23,18000.0,108.99,18000.0,18000.0,73.61,18000.0,18000.0,18000.0,18000.0,18000.0,18000.0,18000.0,18000.0,18000.0,18000.0,18000.0
instance_209,18000.0,18000.0,18000.0,18000.0,1.05,2.5,18000.0,1.05,18000.0,18000.0,18000.0,18000.0,18000.0,1.92,0.94,4.36,1.54,2.15
instance_453,18000.0,8.35,18000.0,0.74,0.9,0.38,0.67,0.89,18000.0,0.5,18000.0,18000.0,18000.0,6.21,0.85,0.58,1.14,2.88
instance_149,18000.0,18000.0,18000.0,18000.0,18000.0,18000.0,18000.0,18000.0,18000.0,18000.0,18000.0,18000.0,18000.0,18000.0,18000.0,18000.0,18000.0,190.36
instance_136,18000.0,18000.0,18000.0,18000.0,18000.0,18000.0,18000.0,18000.0,18000.0,18000.0,18000.0,18000.0,18000.0,202.55,18000.0,18000.0,18000.0,230.42
instance_362,18000.0,18000.0,18000.0,18000.0,18000.0,18000.0,18000.0,18000.0,18000.0,18000.0,18000.0,18000.0,18000.0,18000.0,18000.0,18000.0,18000.0,115.16
instance_213,18000.0,18000.0,18000.0,18000.0,1.0,2.44,18000.0,0.9,1490.49,18000.0,18000.0,18000.0,1462.59,1.81,0.88,4.21,1.5,2.19
instance_36,0.0,0.0,0.01,0.0,0.0,0.0,0.0,0.0,0.01,0.0,0.01,0.0,0.01,0.0,0.0,0.0,0.0,0.0
instance_487,18000.0,18000.0,18000.0,18000.0,12.89,7.96,18000.0,36.47,18000.0,5.7,18000.0,18000.0,18000.0,18000.0,8.02,17.07,25.91,288.08
instance_587,18000.0,18000.0,18000.0,18000.0,6.31,6.43,18000.0,4.41,18000.0,18000.0,18000.0,18000.0,18000.0,9.15,8.31,14.11,23.48,4.07
instance_606,86.28,619.39,1274.73,1.15,0.12,0.09,1.1,0.07,45.92,0.65,18000.0,80.73,45.99,0.21,0.06,0.2,0.21,0.2
instance_99,18000.0,18000.0,18000.0,18000.0,18000.0,18000.0,18000.0,18000.0,18000.0,18000.0,18000.0,18000.0,18000.0,498.88,18000.0,18000.0,18000.0,18000.0
instance_271,18000.0,18000.0,18000.0,18000.0,1.15,2.7,18000.0,1.03,114.72,18000.0,18000.0,18000.0,116.28,2.08,0.91,4.42,1.62,2.34
instance_581,10.44,18000.0,20.01,2.16,0.04,0.04,2.27,0.03,37.9,0.36,57.4,11.31,38.54,0.06,0.03,0.14,0.12,0.09
instance_538,18000.0,18000.0,18000.0,18000.0,1.28,2.4,1627.84,0.86,18000.0,8.49,18000.0,18000.0,18000.0,4.07,1.26,9.87,3.74,7.5
instance_629,18000.0,18000.0,18000.0,98.1,0.52,0.78,94.6,0.3,18000.0,19.85,18000.0,18000.0,18000.0,0.35,0.54,5.2,1.06,0.24
instance_305,18000.0,8.26,18000.0,3.91,10.14,5.67,5.39,13.92,18000.0,26.54,18000.0,18000.0,18000.0,38.17,4.28,9.41,6.33,13.38
instance_103,18000.0,18000.0,18000.0,18000.0,178.58,98.96,18000.0,451.02,18000.0,18000.0,18000.0,18000.0,18000.0,18000.0,226.47,862.55,1015.79,90.34
instance_395,18000.0,18000.0,18000.0,18000.0,18000.0,18000.0,18000.0,18000.0,18000.0,18000.0,18000.0,18000.0,18000.0,18000.0,18000.0,18000.0,18000.0,18000.0
instance_471,18000.0,18000.0,18000.0,406.67,2.18,2.58,412.51,22.94,18000.0,1.26,18000.0,18000.0,18000.0,392.79,1.89,4.74,10.22,69.78
instance_91,18000.0,18000.0,18000.0,18000.0,18000.0,18000.0,18000.0,18000.0,18000.0,18000.0,18000.0,18000.0,18000.0,31.53,18000.0,18000.0,18000.0,41.77
instance_2,18000.0,31.61,18000.0,9.31,0.14,3.91,7.88,0.43,18000.0,18000.0,18000.0,18000.0,18000.0,18000.0,0.12,14.12,0.22,18000.0
instance_583,18000.0,18000.0,18000.0,74.7,0.44,0.66,61.41,0.28,18000.0,11.57,18000.0,18000.0,18000.0,0.29,0.41,1.83,0.96,0.33
instance_396,18000.0,18000.0,18000.0,5.77,140.55,65.05,5.18,23.26,18000.0,131.34,18000.0,18000.0,18000.0,18000.0,18000.0,18000.0,229.53,61.88
instance_559,18000.0,18000.0,18000.0,18000.0,1.96,2.62,18000.0,1.24,18000.0,63.51,18000.0,18000.0,18000.0,1.19,2.83,5.23,7.05,0.95
instance_141,18000.0,18000.0,18000.0,18000.0,18000.0,18000.0,18000.0,18000.0,18000.0,18000.0,18000.0,18000.0,18000.0,44.62,18000.0,18000.0,18000.0,78.78
instance_256,18000.0,18000.0,18000.0,24.77,0.95,1.63,22.19,0.93,18000.0,18000.0,18000.0,18000.0,18000.0,1.54,0.9,3.08,0.96,1.68
instance_411,18000.0,18000.0,18000.0,18000.0,16.51,6.38,18000.0,34.38,18000.0,7.18,18000.0,18000.0,18000.0,18000.0,7.89,19.13,26.89,500.15
instance_234,18000.0,18000.0,18000.0,37.31,1.03,1.97,35.78,1.0,165.74,18000.0,18000.0,18000.0,163.06,1.8,0.83,3.29,1.19,1.91
instance_335,18000.0,18000.0,18000.0,1183.3,196.19,117.0,18000.0,463.51,18000.0,18000.0,18000.0,18000.0,18000.0,18000.0,294.31,18000.0,143.48,18000.0
instance_94,18000.0,18000.0,18000.0,18000.0,18000.0,18000.0,18000.0,18000.0,18000.0,18000.0,18000.0,18000.0,18000.0,1192.94,18000.0,18000.0,18000.0,368.45
instance_542,338.48,18000.0,18000.0,31.39,0.51,0.29,36.52,0.32,18000.0,2.25,18000.0,230.56,18000.0,2.3,0.34,0.86,1.41,1.87
instance_418,18000.0,18000.0,18000.0,18000.0,26.88,18000.0,18000.0,18000.0,18000.0,73.6,18000.0,18000.0,18000.0,18000.0,24.33,740.42,16.96,18000.0
instance_58,18000.0,18000.0,18000.0,18000.0,18000.0,18000.0,18000.0,18000.0,18000.0,18000.0,18000.0,18000.0,18000.0,18000.0,613.46,18000.0,18000.0,216.89
instance_564,18000.0,18000.0,18000.0,105.56,0.64,0.72,104.91,0.39,18000.0,15.65,18000.0,18000.0,18000.0,0.28,0.59,2.02,1.28,0.22
instance_97,18000.0,18000.0,18000.0,18000.0,18000.0,18000.0,18000.0,18000.0,18000.0,18000.0,18000.0,18000.0,18000.0,18000.0,18000.0,18000.0,18000.0,18000.0
instance_309,18000.0,0.16,9.96,0.01,0.02,0.01,0.01,0.03,11.11,0.03,9.49,18000.0,10.44,0.1,0.02,0.01,0.02,0.08
instance_128,18000.0,18000.0,18000.0,18000.0,18000.0,18000.0,18000.0,18000.0,18000.0,18000.0,18000.0,18000.0,18000.0,1648.71,18000.0,18000.0,18000.0,18000.0
instance_248,18000.0,18000.0,18000.0,18000.0,1.05,2.26,18000.0,0.94,93.49,18000.0,18000.0,18000.0,88.23,1.83,0.91,4.33,1.5,2.01
instance_498,18000.0,7.93,18000.0,0.51,0.73,0.35,0.53,0.73,18000.0,0.46,18000.0,18000.0,18000.0,4.66,0.79,0.52,1.04,1.91
instance_124,18000.0,18000.0,18000.0,18000.0,18000.0,18000.0,18000.0,18000.0,18000.0,18000.0,18000.0,18000.0,18000.0,1336.98,18000.0,18000.0,18000.0,1735.29
instance_310,18000.0,18000.0,18000.0,18000.0,18000.0,18000.0,18000.0,18000.0,18000.0,18000.0,18000.0,18000.0,18000.0,18000.0,18000.0,18000.0,18000.0,18000.0
instance_436,18000.0,18000.0,18000.0,18000.0,22.14,20.18,18000.0,66.47,18000.0,10.24,18000.0,18000.0,18000.0,18000.0,10.67,33.11,34.03,832.33
instance_387,18000.0,18000.0,18000.0,18000.0,18000.0,18000.0,18000.0,18000.0,18000.0,18000.0,18000.0,18000.0,18000.0,822.96,18000.0,18000.0,18000.0,405.42
instance_620,18000.0,18000.0,18000.0,18000.0,6.65,8.05,18000.0,3.61,18000.0,221.82,18000.0,18000.0,18000.0,3.21,11.53,22.49,28.33,1.61
instance_325,18000.0,283.45,18000.0,150.16,20.77,5.54,95.11,20.63,18000.0,1136.29,18000.0,18000.0,18000.0,18000.0,14.61,8.61,17.14,651.56
instance_381,18000.0,1120.9,18000.0,10.97,341.39,18000.0,9.67,18000.0,18000.0,18000.0,18000.0,18000.0,18000.0,2.04,18000.0,18000.0,18000.0,1.95
instance_607,18000.0,18000.0,18000.0,1532.83,4.2,5.72,1122.21,2.27,18000.0,134.94,18000.0,18000.0,18000.0,6.07,3.43,6.73,13.11,0.74
instance_174,18000.0,18000.0,18000.0,18000.0,18000.0,18000.0,18000.0,18000.0,18000.0,18000.0,18000.0,18000.0,18000.0,1465.08,18000.0,18000.0,18000.0,149.45
instance_54,18000.0,18000.0,18000.0,18000.0,18000.0,18000.0,18000.0,18000.0,18000.0,18000.0,18000.0,18000.0,18000.0,18000.0,18000.0,18000.0,18000.0,18000.0
instance_225,18000.0,18000.0,18000.0,31.25,1.07,1.62,27.91,1.01,18000.0,18000.0,18000.0,18000.0,18000.0,1.79,0.9,2.81,1.05,1.98
instance_412,18000.0,18000.0,18000.0,562.71,12.62,6.22,438.0,65.32,18000.0,4.64,18000.0,18000.0,18000.0,1568.5,6.7,13.22,25.65,262.64
instance_489,18000.0,39.99,18000.0,18.3,0.87,0.5,25.4,3.0,18000.0,0.48,18000.0,18000.0,18000.0,45.49,0.96,1.01,3.23,11.36
instance_180,18000.0,18000.0,18000.0,18000.0,18000.0,18000.0,18000.0,18000.0,18000.0,18000.0,18000.0,18000.0,18000.0,71.56,18000.0,18000.0,18000.0,205.72
instance_236,18000.0,18000.0,18000.0,896.74,1.02,2.19,872.24,0.93,18000.0,18000.0,18000.0,18000.0,18000.0,2.02,0.93,3.75,1.32,2.04
instance_408,18000.0,18000.0,18000.0,18000.0,18000.0,18000.0,18000.0,18000.0,18000.0,18000.0,18000.0,18000.0,18000.0,70.68,18000.0,18000.0,18000.0,1730.77
instance_592,0.7,32.98,105.78,15.68,0.06,0.29,17.68,0.04,0.25,10.2,120.45,3.79,0.26,0.13,0.13,2.97,0.14,0.04
instance_402,18000.0,18000.0,18000.0,437.19,18000.0,18000.0,373.52,18000.0,18000.0,18000.0,18000.0,18000.0,18000.0,18000.0,18000.0,18000.0,18000.0,919.79
instance_150,18000.0,18000.0,18000.0,18000.0,18000.0,18000.0,18000.0,18000.0,18000.0,18000.0,18000.0,18000.0,18000.0,259.27,18000.0,18000.0,18000.0,52.08
instance_172,18000.0,18000.0,18000.0,18000.0,18000.0,18000.0,18000.0,18000.0,18000.0,18000.0,18000.0,18000.0,18000.0,1495.93,18000.0,18000.0,18000.0,1630.97
instance_419,18000.0,18000.0,18000.0,757.8,17.2,6.1,435.19,228.91,18000.0,4.86,18000.0,18000.0,18000.0,18000.0,8.33,14.77,27.88,302.72
instance_397,18000.0,18000.0,18000.0,321.66,18000.0,18000.0,335.0,18000.0,18000.0,18000.0,18000.0,18000.0,18000.0,18000.0,18000.0,18000.0,18000.0,744.53
instance_292,18000.0,1.14,18000.0,0.33,0.33,0.32,0.31,0.36,18000.0,1.77,18000.0,18000.0,18000.0,0.85,0.26,0.72,0.31,0.66
instance_10,18000.0,221.73,18000.0,17.43,1.39,51.98,19.2,1.5,18000.0,18000.0,18000.0,18000.0,18000.0,18000.0,0.23,1.94,0.24,628.79
instance_522,18000.0,18000.0,18000.0,18000.0,18000.0,18000.0,18000.0,18000.0,18000.0,18000.0,18000.0,18000.0,18000.0,18000.0,18000.0,18000.0,18000.0,18000.0
instance_37,18000.0,87.9,18000.0,10.24,0.17,0.43,9.88,0.12,18000.0,52.42,18000.0,18000.0,18000.0,18000.0,0.1,0.74,0.2,85.22
instance_330,18000.0,18000.0,18000.0,18000.0,18000.0,18000.0,18000.0,18000.0,18000.0,18000.0,18000.0,18000.0,18000.0,18000.0,18000.0,18000.0,18000.0,18000.0
instance_560,3.59,18000.0,278.87,11.42,0.07,0.08,5.96,0.05,18000.0,0.68,396.03,3.52,18000.0,0.27,0.04,0.2,0.14,0.18
instance_605,18000.0,18000.0,18000.0,1538.43,2.11,107.45,1348.75,1.43,18000.0,11.62,18000.0,18000.0,18000.0,18.74,2.14,20.34,7.61,8.08
instance_417,18000.0,6.21,18000.0,2.98,0.74,1.47,1.43,1.04,18000.0,0.53,18000.0,18000.0,18000.0,35.16,0.96,1.21,1.36,14.5
instance_77,18000.0,18000.0,18000.0,18000.0,18000.0,18000.0,18000.0,18000.0,18000.0,18000.0,18000.0,18000.0,18000.0,18000.0,18000.0,18000.0,18000.0,905.31
instance_546,909.33,18000.0,18000.0,128.01,1.33,18000.0,157.23,0.71,18000.0,8.49,18000.0,776.22,18000.0,2.75,0.67,2.73,2.53,1.77
instance_18,18000.0,18000.0,18000.0,1425.44,18000.0,18000.0,1203.53,18000.0,18000.0,18000.0,18000.0,18000.0,18000.0,18000.0,1695.41,18000.0,18000.0,18000.0
instance_108,18000.0,18000.0,18000.0,18000.0,18000.0,18000.0,18000.0,18000.0,18000.0,18000.0,18000.0,18000.0,18000.0,18000.0,18000.0,18000.0,18000.0,18000.0
instance_595,429.24,18000.0,18000.0,174.42,0.78,0.55,206.51,0.6,18000.0,5.8,18000.0,328.25,18000.0,2.47,1.05,5.05,3.01,1.38
instance_43,0.68,18000.0,18000.0,18000.0,41.56,18000.0,18000.0,99.44,18000.0,18000.0,18000.0,18000.0,18000.0,49.84,18000.0,18000.0,18000.0,3.75
instance_120,18000.0,18000.0,18000.0,18000.0,18000.0,18000.0,18000.0,18000.0,18000.0,18000.0,18000.0,18000.0,18000.0,29.58,18000.0,18000.0,18000.0,38.09
instance_32,18000.0,13.31,18000.0,4.36,0.17,0.24,4.3,0.15,18000.0,24.42,18000.0,18000.0,18000.0,18000.0,0.11,0.6,0.15,6.08
instance_104,18000.0,18000.0,18000.0,18000.0,18000.0,18000.0,18000.0,18000.0,18000.0,18000.0,18000.0,18000.0,18000.0,18000.0,353.67,18000.0,1258.62,134.78
instance_612,18000.0,18000.0,18000.0,18000.0,8.39,18000.0,18000.0,5.24,18000.0,185.6,18000.0,18000.0,18000.0,15.54,10.15,160.28,38.88,12.21
instance_343,18000.0,18000.0,18000.0,18000.0,18000.0,18000.0,18000.0,18000.0,18000.0,18000.0,18000.0,18000.0,18000.0,18000.0,18000.0,18000.0,18000.0,18000.0
instance_470,18000.0,18000.0,18000.0,953.9,20.25,35.22,999.78,428.54,18000.0,5.97,18000.0,18000.0,18000.0,18000.0,9.39,19.5,23.18,574.38
instance_520,18000.0,18000.0,18000.0,18000.0,323.34,105.01,18000.0,356.06,18000.0,228.09,18000.0,18000.0,18000.0,18000.0,92.01,312.83,459.57,1119.39
instance_516,18000.0,18000.0,18000.0,18000.0,18000.0,18000.0,18000.0,18000.0,18000.0,18000.0,18000.0,18000.0,18000.0,18000.0,18000.0,18000.0,18000.0,18000.0
instance_121,18000.0,18000.0,18000.0,18000.0,18000.0,18000.0,18000.0,18000.0,18000.0,18000.0,18000.0,18000.0,18000.0,761.8,18000.0,18000.0,18000.0,1583.6
instance_574,18000.0,18000.0,18000.0,18000.0,2.37,2.85,18000.0,1.56,18000.0,70.06,18000.0,18000.0,18000.0,1.51,3.03,5.76,7.46,2.2
instance_342,18000.0,1759.73,18000.0,18000.0,507.85,385.95,18000.0,394.38,18000.0,575.44,18000.0,18000.0,18000.0,721.28,18000.0,345.68,18000.0,18000.0
instance_64,18000.0,18000.0,18000.0,18000.0,18000.0,18000.0,18000.0,18000.0,18000.0,18000.0,18000.0,18000.0,18000.0,934.22,18000.0,18000.0,18000.0,18000.0
instance_226,18000.0,18000.0,18000.0,18000.0,1.11,2.6,18000.0,1.02,130.33,18000.0,18000.0,18000.0,131.13,2.04,0.9,3.9,1.43,1.98
instance_371,18000.0,18000.0,18000.0,18000.0,18000.0,18000.0,18000.0,18000.0,18000.0,18000.0,18000.0,18000.0,18000.0,18000.0,18000.0,18000.0,18000.0,18000.0
instance_307,18000.0,0.06,2.15,0.0,0.01,0.0,0.0,0.01,0.09,0.01,1.9,18000.0,0.09,0.03,0.01,0.0,0.01,0.03
instance_481,18000.0,62.99,18000.0,26.64,1.32,1.23,20.24,6.89,18000.0,0.99,18000.0,18000.0,18000.0,1608.89,1.33,1.89,3.7,109.75
instance_441,18000.0,18000.0,18000.0,563.68,3.03,1.64,702.48,10.5,18000.0,1.88,18000.0,18000.0,18000.0,1330.6,2.21,4.07,10.92,72.39
instance_29,1.16,0.13,0.42,0.11,0.0,0.01,0.12,0.0,0.04,0.07,0.44,0.04,0.04,1.19,0.0,0.02,0.01,0.12
instance_147,18000.0,18000.0,18000.0,18000.0,699.2,18000.0,18000.0,18000.0,18000.0,18000.0,18000.0,18000.0,18000.0,18000.0,495.44,18000.0,18000.0,169.68
instance_31,18000.0,54.85,18000.0,4.45,2.08,8.07,5.5,3.09,18000.0,15.7,18000.0,18000.0,18000.0,18000.0,1.06,1.53,0.76,18000.0
instance_158,18000.0,18000.0,18000.0,18000.0,18000.0,18000.0,18000.0,18000.0,18000.0,18000.0,18000.0,18000.0,18000.0,18000.0,18000.0,18000.0,18000.0,680.35
instance_473,18000.0,18000.0,18000.0,40.41,3.16,1.95,41.56,26.63,18000.0,1.77,18000.0,18000.0,18000.0,154.99,3.66,3.92,7.32,105.57
instance_440,18000.0,18000.0,18000.0,125.25,5.4,6.05,82.4,26.37,18000.0,3.32,18000.0,18000.0,18000.0,869.98,6.15,8.04,12.96,136.45
instance_235,18000.0,18000.0,18000.0,1600.86,1.01,2.09,1764.67,0.96,18000.0,18000.0,18000.0,18000.0,18000.0,1.94,0.86,3.39,1.43,2.01
instance_543,18000.0,18000.0,18000.0,18000.0,6.31,8.94,18000.0,3.67,18000.0,221.96,18000.0,18000.0,18000.0,2.26,9.07,23.09,21.21,2.63
instance_314,18000.0,18000.0,18000.0,18000.0,18000.0,18000.0,18000.0,18000.0,18000.0,18000.0,18000.0,18000.0,18000.0,18000.0,18000.0,18000.0,18000.0,18000.0
instance_269,18000.0,18000.0,18000.0,15.01,0.9,1.24,18.64,0.91,18000.0,18000.0,18000.0,18000.0,18000.0,1.56,0.72,2.4,0.75,1.53
instance_376,18000.0,271.51,18000.0,2.84,5.67,99.06,2.26,21.57,18000.0,18000.0,18000.0,18000.0,18000.0,0.66,134.62,18000.0,2.75,0.82
instance_547,95.96,18000.0,18000.0,203.55,0.27,0.18,248.9,0.18,18000.0,2.13,18000.0,78.23,18000.0,0.27,0.25,0.69,0.71,0.39
instance_577,1371.21,18000.0,855.67,31.08,0.23,0.39,31.14,0.14,1082.83,10.85,18000.0,780.53,1075.81,0.19,0.27,2.91,0.5,0.08
instance_435,18000.0,7.47,18000.0,0.53,0.9,0.36,0.54,0.84,18000.0,0.43,18000.0,18000.0,18000.0,6.5,0.84,0.56,1.06,2.32
instance_494,18000.0,7.0,18000.0,0.37,0.48,0.24,0.32,0.45,18000.0,0.32,18000.0,18000.0,18000.0,2.9,0.55,0.38,0.71,1.24
instance_81,18000.0,18000.0,18000.0,18000.0,818.94,18000.0,18000.0,790.38,18000.0,18000.0,18000.0,18000.0,18000.0,18000.0,18000.0,18000.0,604.94,62.96
instance_79,18000.0,18000.0,18000.0,18000.0,18000.0,18000.0,18000.0,18000.0,18000.0,18000.0,18000.0,18000.0,18000.0,768.3,18000.0,18000.0,18000.0,976.09
instance_205,18000.0,18000.0,18000.0,161.64,1.16,2.58,210.1,1.08,18000.0,18000.0,18000.0,18000.0,18000.0,1.7,0.91,4.37,1.38,2.03
instance_507,18000.0,18000.0,18000.0,101.58,3.27,6.01,112.57,79.66,18000.0,2.35,18000.0,18000.0,18000.0,18000.0,2.54,4.62,10.06,287.33
instance_211,18000.0,18000.0,18000.0,168.92,0.97,1.83,199.28,0.98,18000.0,18000.0,18000.0,18000.0,18000.0,1.85,0.81,3.56,1.17,1.9
instance_438,18000.0,4.63,18000.0,0.29,0.38,0.2,0.34,0.38,18000.0,0.25,18000.0,18000.0,18000.0,3.58,0.48,0.35,0.77,1.35
instance_153,18000.0,18000.0,18000.0,18000.0,18000.0,18000.0,18000.0,18000.0,18000.0,18000.0,18000.0,18000.0,18000.0,62.95,18000.0,18000.0,18000.0,91.52
instance_189,18000.0,18000.0,18000.0,19.19,1.09,1.86,25.0,1.05,18000.0,18000.0,18000.0,18000.0,18000.0,1.76,0.96,3.16,1.19,2.27
instance_20,18000.0,5.7,18000.0,3.61,0.06,3.71,3.28,1.35,18000.0,468.52,18000.0,18000.0,18000.0,18000.0,0.07,2.52,0.09,18000.0
instance_86,18000.0,18000.0,18000.0,18000.0,7.74,3.37,18000.0,6.21,18000.0,18000.0,18000.0,18000.0,18000.0,58.21,3.98,134.46,11.33,6.53
instance_501,18000.0,18000.0,18000.0,23.63,1.97,1.38,26.27,6.35,18000.0,1.26,18000.0,18000.0,18000.0,60.29,2.5,2.4,4.45,27.6
instance_200,18000.0,18000.0,18000.0,18000.0,1.09,2.76,18000.0,1.03,238.91,18000.0,18000.0,18000.0,240.69,2.0,1.01,4.73,1.65,2.2
instance_510,18000.0,18000.0,18000.0,18000.0,18000.0,18000.0,18000.0,18000.0,18000.0,18000.0,18000.0,18000.0,18000.0,18000.0,18000.0,18000.0,18000.0,18000.0
instance_528,18000.0,18000.0,18000.0,18000.0,18000.0,18000.0,18000.0,18000.0,18000.0,18000.0,18000.0,18000.0,18000.0,18000.0,18000.0,18000.0,18000.0,18000.0
instance_576,0.42,12.56,1.42,0.41,0.01,0.01,0.34,0.01,0.42,0.06,2.84,0.42,0.42,0.02,0.01,0.02,0.01,0.03
instance_129,18000.0,18000.0,18000.0,18000.0,18000.0,18000.0,18000.0,18000.0,18000.0,18000.0,18000.0,18000.0,18000.0,374.0,18000.0,18000.0,18000.0,431.33
instance_482,18000.0,18000.0,18000.0,109.12,5.74,1.86,102.26,41.99,18000.0,2.04,18000.0,18000.0,18000.0,49.55,3.81,4.34,20.52,82.68
instance_49,18000.0,18000.0,18000.0,18000.0,443.85,143.53,18000.0,624.32,18000.0,18000.0,18000.0,18000.0,18000.0,49.73,368.47,583.82,1090.14,1.43
instance_430,18000.0,7.17,18000.0,0.56,0.84,0.36,0.56,0.85,18000.0,0.45,18000.0,18000.0,18000.0,5.67,0.83,0.56,1.09,2.58
instance_630,18000.0,18000.0,18000.0,60.42,0.44,0.62,70.62,0.27,18000.0,14.67,18000.0,18000.0,18000.0,0.3,0.47,3.34,0.94,0.2
instance_164,18000.0,18000.0,18000.0,18000.0,320.39,18000.0,18000.0,202.93,18000.0,953.02,18000.0,18000.0,18000.0,18000.0,67.15,18000.0,147.62,311.28
instance_228,18000.0,18000.0,18000.0,18000.0,0.98,2.61,18000.0,0.96,18000.0,18000.0,18000.0,18000.0,18000.0,2.01,0.98,4.55,1.65,1.99
instance_452,18000.0,18000.0,18000.0,107.98,8.17,4.83,125.03,31.35,18000.0,3.52,18000.0,18000.0,18000.0,737.53,6.26,9.37,15.9,202.14
instance_45,18000.0,18000.0,18000.0,18000.0,18000.0,18000.0,18000.0,18000.0,18000.0,18000.0,18000.0,18000.0,18000.0,18000.0,18000.0,18000.0,18000.0,18000.0
instance_252,18000.0,18000.0,18000.0,283.43,1.01,1.91,270.05,0.91,100.53,18000.0,18000.0,18000.0,98.41,1.73,0.93,3.15,1.26,1.85
instance_445,18000.0,18000.0,18000.0,18000.0,6.0,45.31,18000.0,19.82,18000.0,13.12,18000.0,18000.0,18000.0,18000.0,5.81,29.36,13.51,584.62
instance_434,18000.0,50.71,18000.0,23.73,1.59,1.31,29.06,4.57,18000.0,0.9,18000.0,18000.0,18000.0,18000.0,1.52,2.05,3.24,46.13
instance_529,18000.0,18000.0,18000.0,992.87,18000.0,18000.0,980.59,18000.0,18000.0,18000.0,18000.0,18000.0,18000.0,18000.0,18000.0,18000.0,18000.0,18000.0
instance_261,18000.0,18000.0,18000.0,14.52,1.03,1.44,17.52,0.99,18000.0,18000.0,18000.0,18000.0,18000.0,1.62,0.86,2.93,0.95,1.96
instance_484,18000.0,18000.0,18000.0,57.35,2.26,2.21,46.33,4.54,18000.0,1.8,18000.0,18000.0,18000.0,276.43,2.77,3.93,6.73,56.62
instance_518,18000.0,18000.0,18000.0,1422.56,18000.0,18000.0,1464.56,18000.0,18000.0,18000.0,18000.0,18000.0,18000.0,18000.0,18000.0,18000.0,18000.0,18000.0
instance_102,18000.0,18000.0,18000.0,833.64,54.26,1287.05,1329.17,35.86,18000.0,95.53,18000.0,18000.0,18000.0,303.69,10.82,18000.0,30.22,115.82
instance_322,18000.0,18000.0,18000.0,18000.0,18000.0,18000.0,18000.0,18000.0,18000.0,18000.0,18000.0,18000.0,18000.0,18000.0,461.07,18000.0,18000.0,18000.0
instance_224,18000.0,18000.0,18000.0,88.75,1.05,1.77,95.26,1.06,69.46,18000.0,18000.0,18000.0,67.61,1.72,0.86,3.5,1.14,1.88
instance_239,18000.0,18000.0,18000.0,15.98,1.13,1.64,21.01,0.95,18000.0,18000.0,18000.0,18000.0,18000.0,1.63,0.81,2.91,1.01,1.9
instance_30,18000.0,389.17,18000.0,18000.0,18000.0,18000.0,18000.0,18000.0,18000.0,18000.0,18000.0,18000.0,18000.0,18000.0,18000.0,18000.0,18000.0,18000.0
instance_533,1.57,42.3,36.9,17.55,0.07,0.3,15.24,0.04,0.29,10.72,125.37,5.83,0.29,0.13,0.13,3.02,0.14,0.04
instance_229,18000.0,18000.0,18000.0,52.75,1.07,1.89,48.7,0.96,84.11,18000.0,18000.0,18000.0,87.04,1.89,0.83,3.39,1.14,1.87
instance_173,18000.0,18000.0,18000.0,18000.0,18000.0,18000.0,18000.0,18000.0,18000.0,18000.0,18000.0,18000.0,18000.0,118.84,18000.0,18000.0,18000.0,165.6
instance_447,18000.0,5.3,18000.0,0.61,0.53,0.25,0.46,0.63,18000.0,0.3,18000.0,18000.0,18000.0,4.82,0.64,0.42,0.84,1.57
instance_55,18000.0,18000.0,18000.0,18000.0,134.09,18000.0,18000.0,72.67,18000.0,626.29,18000.0,18000.0,18000.0,941.52,25.98,18000.0,53.63,150.22
instance_477,18000.0,18000.0,18000.0,188.22,7.88,6.75,195.53,52.98,18000.0,4.03,18000.0,18000.0,18000.0,341.78,6.88,9.39,19.53,162.11
instance_193,18000.0,18000.0,18000.0,252.61,1.03,2.66,213.51,1.03,132.08,18000.0,18000.0,18000.0,126.92,1.97,0.88,4.6,1.36,2.48
instance_392,18000.0,18000.0,18000.0,24.58,34.06,105.79,26.25,16.27,18000.0,18000.0,18000.0,18000.0,18000.0,47.16,18000.0,18000.0,72.88,34.97
instance_227,18000.0,18000.0,18000.0,20.32,0.94,1.59,25.89,0.97,18000.0,18000.0,18000.0,18000.0,18000.0,1.57,0.83,2.71,0.77,1.7
instance_385,18000.0,672.53,18000.0,3.72,35.15,18000.0,3.58,113.9,163.26,18000.0,18000.0,18000.0,163.42,2.48,18000.0,18000.0,15.27,1.67
instance_293,18000.0,10.84,18000.0,7.32,10.14,9.84,4.72,13.79,18000.0,25.75,18000.0,18000.0,18000.0,35.87,5.75,6.88,8.33,21.34
