instance,algorithm_1,algorithm_2,algorithm_3,algorithm_4,algorithm_5,algorithm_6,algorithm_7,algorithm_8
instance_1159,113.04,0.48,76.8,4.8,88.8,0.4,1.04,61.24
instance_418,12.64,1.0,30.08,5.2,40.12,0.96,1.56,32.36
instance_470,4.24,28800.0,0.32,55.6,0.88,28800.0,1.92,3.04
instance_675,33.28,112.24,57.64,51.92,43.4,107.92,5.12,29.8
instance_547,589.88,28800.0,812.52,4431.28,714.96,28800.0,309.8,478.4
instance_122,28800.0,143.8,28800.0,110.92,28800.0,178.44,374.88,28800.0
instance_673,80.04,57.52,186.76,28800.0,163.0,57.76,11.76,95.24
instance_1075,19.68,0.2,34.0,4.48,44.64,0.24,1.0,20.72
instance_224,226.24,28800.0,382.16,1094.24,328.56,28800.0,2062.16,184.32
instance_36,982.64,28800.0,834.4,345.28,1292.04,28800.0,28800.0,395.36
instance_1014,5.24,28800.0,1.68,202.96,2.84,28800.0,55.52,1.92
instance_117,118.36,576.04,436.92,166.36,383.64,1083.48,50.6,99.12
instance_1081,3663.64,0.8,3671.64,9.92,3926.0,0.8,1.6,3224.72
instance_361,40.84,524.44,22.28,5.28,48.08,660.24,301.24,23.16
instance_1149,8.8,28800.0,5.2,28800.0,6.72,28800.0,47.36,6.16
instance_976,26669.72,28800.0,28800.0,28800.0,28800.0,28800.0,28800.0,11482.28
instance_312,28800.0,28800.0,2070.44,28800.0,2022.72,28800.0,28800.0,9705.0
instance_629,50.08,1330.16,63.0,561.2,80.88,28800.0,961.08,31.36
instance_212,130.92,302.56,175.04,161.56,217.96,370.52,257.0,99.92
instance_441,0.76,28800.0,0.16,30.72,0.52,28800.0,0.8,0.4
instance_133,5397.12,28800.0,2810.52,28800.0,2885.24,28800.0,28800.0,6640.36
instance_564,41.48,33.92,56.12,124.0,83.96,34.12,35.84,32.64
instance_1059,28800.0,196.6,28800.0,359.88,28800.0,358.52,6332.36,28800.0
instance_1125,29.4,28800.0,6.56,63.12,9.36,28800.0,14.72,9.28
instance_951,162.32,28800.0,226.76,28800.0,224.92,28800.0,8948.0,138.4
instance_1044,28800.0,399.72,28800.0,327.4,28800.0,409.68,554.24,28800.0
instance_905,63.48,70.92,124.44,14.8,112.96,76.4,381.96,58.68
instance_502,28800.0,2.0,28800.0,490.88,28800.0,1.96,31.84,28800.0
instance_140,28800.0,28800.0,5215.2,28800.0,6377.16,28800.0,28800.0,28800.0
instance_1083,1.04,28800.0,0.12,66.4,0.4,28800.0,4.16,0.88
instance_1121,28800.0,28800.0,28800.0,28800.0,28800.0,28800.0,21855.04,28800.0
instance_99,357.72,138.08,395.96,69.12,573.28,213.76,452.56,270.36
instance_950,41.12,28800.0,15.64,28800.0,28.32,28800.0,28800.0,19.08
instance_740,154.24,28800.0,198.12,28800.0,224.72,28800.0,28800.0,144.6
instance_495,28800.0,4.8,28800.0,769.36,28800.0,5.6,46.68,28800.0
instance_348,3.76,99.92,1.88,32.0,3.92,151.68,123.84,2.76
instance_366,28800.0,929.28,28800.0,46.12,28800.0,1373.28,1390.56,28800.0
instance_231,23248.76,28800.0,6893.16,1089.72,11084.4,28800.0,28800.0,12911.8
instance_187,2109.72,28800.0,1998.6,28800.0,2299.56,28800.0,28800.0,1605.24
instance_872,1984.6,4547.04,1361.84,28800.0,1664.2,4319.4,170.16,1981.04
instance_401,4396.36,2541.32,5286.36,1110.88,3212.68,3013.8,1032.64,4050.04
instance_267,18.6,55.76,28.64,27.88,19.52,1855.4,2.68,11.84
instance_193,5804.48,28800.0,4138.84,28800.0,3200.0,28800.0,2696.08,4446.88
instance_57,260.52,28800.0,282.32,996.68,244.32,28800.0,20895.76,327.36
instance_116,20.88,62.32,40.8,33.96,55.04,595.08,6.88,20.0
instance_857,415.72,28800.0,538.92,2412.08,573.32,28800.0,7660.04,516.4
instance_748,114.56,3226.88,557.6,384.0,489.84,3060.56,347.08,114.44
instance_1117,340.84,28800.0,95.2,28800.0,33.64,28800.0,206.36,487.08
instance_191,28800.0,28800.0,26248.52,28800.0,28800.0,28800.0,28800.0,28800.0
instance_917,1186.16,28800.0,465.52,28800.0,520.16,28800.0,26328.08,570.28
instance_650,188.36,28800.0,137.32,1459.64,139.76,28800.0,1584.56,163.16
instance_627,14.72,725.36,25.16,28800.0,32.72,28800.0,64.52,7.76
instance_11,76.16,28800.0,30.04,28800.0,59.2,28800.0,28800.0,58.32
instance_828,385.08,12.44,398.68,201.68,421.48,11.92,52.32,531.44
instance_245,383.08,1.12,89.72,20.16,261.96,4.0,9.48,605.16
instance_77,69.52,28800.0,103.88,28800.0,124.76,28800.0,28800.0,53.28
instance_995,255.12,28800.0,205.32,5088.52,205.6,28800.0,957.56,240.2
instance_424,17.8,0.04,14.72,4.36,27.72,0.12,1.0,19.92
instance_190,1433.44,28800.0,1070.64,28800.0,942.84,28800.0,28800.0,1023.08
instance_668,361.2,28800.0,611.44,28800.0,580.32,28800.0,28800.0,469.08
instance_120,1230.28,4425.84,1387.04,1372.04,1597.96,28800.0,4294.48,1145.44
instance_760,140.76,28800.0,273.0,1274.12,276.16,28800.0,360.08,179.92
instance_47,173.76,28800.0,193.16,764.2,174.04,28800.0,6491.24,154.08
instance_960,28800.0,18.32,28800.0,37.08,28800.0,17.84,18.32,28800.0
instance_1056,28800.0,399.6,28800.0,1515.4,28800.0,519.6,16199.0,28800.0
instance_688,0.12,510.92,0.08,12.8,0.16,533.96,0.56,0.16
instance_76,53.2,28800.0,92.0,28800.0,136.84,28800.0,28800.0,32.84
instance_323,23.76,1.08,4.64,274.0,23.48,11.92,3.12,2.0
instance_1138,358.44,28800.0,23.8,28800.0,59.6,28800.0,601.44,252.12
instance_452,2425.4,7238.6,1483.52,868.32,1701.52,28800.0,1830.24,2284.6
instance_240,72.28,2.44,131.96,25.2,97.12,6.08,11.44,548.48
instance_1047,174.64,71.72,222.08,54.48,198.2,70.8,125.28,227.8
instance_796,9.32,28800.0,0.8,142.96,4.32,28800.0,17132.12,3.88
instance_244,110.0,0.88,157.8,16.24,111.0,3.12,6.4,106.2
instance_321,28800.0,6.92,28800.0,55.72,28800.0,8.32,26.64,28800.0
instance_252,28800.0,43.36,28800.0,330.64,28800.0,72.72,1343.24,28800.0
instance_103,28800.0,144.16,28800.0,132.52,28800.0,258.84,1526.8,28800.0
instance_770,210.56,28800.0,300.84,28800.0,234.84,28800.0,3316.64,245.72
instance_732,32.16,2597.32,3.76,80.24,12.12,2646.56,218.8,16.28
instance_126,0.88,2233.92,0.48,77.28,1.28,28800.0,1.88,0.84
instance_548,6483.84,28800.0,4805.56,28800.0,5542.84,28800.0,28800.0,8026.4
instance_41,16.72,28800.0,8.72,71.36,15.52,28800.0,1469.52,14.08
instance_15,44.28,28800.0,12.32,28800.0,36.36,28800.0,28800.0,21.4
instance_19,3988.24,28800.0,2837.92,28800.0,3244.92,28800.0,28800.0,4152.6
instance_890,16646.52,28800.0,13171.28,28800.0,12187.2,28800.0,28800.0,17315.16
instance_1097,2954.36,28800.0,1251.64,350.88,1608.48,28800.0,3.12,2300.6
instance_536,432.28,1308.28,601.52,21.6,515.04,3059.64,2.12,382.8
instance_947,2.68,224.08,0.52,241.08,3.24,215.48,3.24,0.8
instance_586,178.16,28800.0,433.56,28800.0,786.88,28800.0,28800.0,163.56
instance_319,10529.0,0.84,3285.52,23.04,3736.0,1.4,7.84,10193.8
instance_792,1.12,59.48,0.28,10.88,1.2,62.28,0.64,0.72
instance_1067,28800.0,28800.0,28800.0,28800.0,28800.0,28800.0,3873.92,28800.0
instance_756,8.64,28800.0,3.84,136.68,7.6,28800.0,225.0,4.04
instance_1130,1167.88,28800.0,11.48,28800.0,31.48,28800.0,146.08,1396.0
instance_851,25.6,28800.0,8.88,28800.0,41.76,28800.0,28800.0,25.96
instance_822,1962.4,28800.0,1663.44,28800.0,1269.08,28800.0,28800.0,1818.24
instance_1123,1.44,28800.0,0.56,21.6,0.96,28800.0,2.24,1.76
instance_263,11.36,339.64,17.36,22.48,35.88,2093.72,3.8,9.8
instance_379,238.16,328.56,174.6,60.32,207.16,368.04,301.12,166.44
instance_211,37.2,28800.0,28.2,235.48,37.12,28800.0,284.16,32.88
instance_818,72.48,28800.0,63.28,28800.0,55.48,28800.0,28800.0,34.88
instance_1094,3925.84,28800.0,667.2,28800.0,612.12,28800.0,36.08,5923.2
instance_439,0.96,836.32,0.44,6.64,0.72,28800.0,1.0,0.88
instance_404,28800.0,5580.68,28800.0,2732.84,28800.0,5961.4,7546.32,28800.0
instance_793,35.12,28800.0,72.28,28800.0,74.88,28800.0,1284.72,59.08
instance_1068,20.2,28800.0,19.68,28800.0,23.36,28800.0,23.56,16.0
instance_74,15.68,616.0,6.56,83.92,10.8,2838.48,1.52,9.72
instance_1173,28800.0,1.08,22173.28,8.32,6786.4,1.16,1.88,28800.0
instance_1093,799.16,28800.0,342.36,199.4,310.44,28800.0,11.48,692.28
instance_591,155.4,28800.0,239.88,28800.0,189.88,28800.0,343.32,80.4
instance_622,0.64,28800.0,0.28,159.68,0.48,28800.0,0.64,0.4
instance_823,29.0,24.12,15.16,53.56,32.56,22.6,3.72,19.8
instance_66,28800.0,28800.0,28800.0,1057.48,28800.0,28800.0,28800.0,28800.0
instance_1151,19.84,28800.0,15.08,28800.0,23.2,28800.0,34.08,19.6
instance_367,28800.0,919.52,28800.0,37.76,28800.0,1325.28,1371.04,28800.0
instance_628,62.56,1504.76,37.28,293.0,67.6,28800.0,715.64,26.64
instance_113,3.92,208.16,2.08,30.56,4.76,517.4,2.4,3.08
instance_92,69.16,126.96,93.88,34.76,88.52,189.64,323.28,85.16
instance_293,14.32,28800.0,4.76,28800.0,30.0,28800.0,284.16,9.32
instance_845,1845.0,33.12,1153.8,54.96,1281.28,33.68,28.4,1350.08
instance_697,361.96,28800.0,380.12,28800.0,449.72,28800.0,28800.0,314.4
instance_1132,4374.24,28800.0,28.68,28800.0,41.8,28800.0,273.8,5627.0
instance_52,9347.28,28800.0,28800.0,28800.0,28800.0,28800.0,28800.0,5660.0
instance_259,5.72,973.8,3.32,12.36,7.28,1567.68,2.0,4.24
instance_1135,120.64,28800.0,9.84,28800.0,53.96,28800.0,144.36,82.84
instance_659,3413.84,28800.0,2215.16,28800.0,2412.44,28800.0,28800.0,3758.04
instance_347,2.8,109.36,1.72,55.2,3.12,157.0,2.24,2.04
instance_1153,1943.32,28800.0,1095.44,28800.0,1804.6,28800.0,28800.0,1444.48
instance_90,18.16,18.72,16.32,1136.08,25.44,34.64,245.76,19.0
instance_172,146.8,184.28,141.64,64.12,163.16,191.72,95.24,117.8
instance_648,2520.4,28800.0,3127.84,28800.0,2408.04,28800.0,28800.0,3603.68
instance_620,353.44,672.6,291.16,48.84,323.08,28800.0,71.8,405.12
instance_846,13.48,28800.0,4.4,28800.0,17.88,28800.0,28800.0,2.8
instance_98,282.72,106.68,370.36,52.36,379.04,203.8,416.68,203.32
instance_849,22.52,170.92,13.12,63.28,32.24,164.08,196.16,18.68
instance_423,30.84,0.04,20.24,4.2,16.6,0.08,0.96,14.56
instance_674,1387.96,28800.0,917.96,3469.12,947.88,28800.0,1007.4,1082.36
instance_436,953.84,1.28,2106.4,13.8,2088.6,1.96,4.4,1013.6
instance_644,38.4,28800.0,63.48,28800.0,50.4,28800.0,4161.84,54.16
instance_974,135.08,28800.0,152.92,28800.0,121.32,28800.0,157.24,179.8
instance_585,150.48,28800.0,449.8,28800.0,416.84,28800.0,28800.0,133.28
instance_156,1.08,242.44,0.12,357.84,0.48,354.92,2.96,0.56
instance_431,6.04,28800.0,4.76,28800.0,6.64,28800.0,8.12,5.52
instance_864,353.12,28800.0,220.24,28800.0,407.44,28800.0,28800.0,303.4
instance_666,31.04,5.48,21.92,4433.52,37.84,7.2,3.76,31.4
instance_550,28800.0,28800.0,28800.0,28800.0,28800.0,28800.0,3678.24,28800.0
instance_1052,307.8,52.48,350.36,65.04,411.4,47.32,16.76,253.2
instance_774,22.88,28800.0,7.32,28800.0,45.16,28800.0,28800.0,5.44
instance_269,23.68,664.64,26.6,39.48,56.68,3520.08,60.96,26.64
instance_802,42.16,28800.0,32.6,28800.0,58.16,28800.0,6120.68,25.76
instance_1165,167.0,0.44,141.16,5.08,169.04,0.4,1.04,131.04
instance_1160,53.4,0.4,101.28,5.08,122.32,0.4,1.16,47.6
instance_45,219.04,28800.0,367.6,1912.8,401.4,28800.0,1850.44,312.96
instance_1090,149.32,28800.0,1.88,519.16,2.64,28800.0,2.6,113.12
instance_173,273.76,451.48,190.76,60.4,210.76,512.72,177.92,254.12
instance_899,1646.96,28800.0,747.72,28800.0,1371.04,28800.0,28800.0,1168.16
instance_904,274.16,28800.0,278.44,69.04,291.56,28800.0,119.52,229.08
instance_215,247.16,28800.0,354.2,464.16,385.76,28800.0,748.84,175.0
instance_685,24.64,4.0,14.96,7.88,21.04,4.4,1.8,18.76
instance_1105,23.64,28800.0,1.4,239.68,1.28,28800.0,9.8,15.12
instance_814,0.96,846.0,0.16,28.32,0.72,787.16,2.48,0.52
instance_677,90.72,28800.0,288.16,28800.0,345.8,28800.0,835.44,90.32
instance_1127,21.04,28800.0,8.04,1846.04,10.92,28800.0,100.68,21.8
instance_1051,28800.0,379.56,13205.92,710.56,23356.4,403.44,7988.52,28800.0
instance_1038,370.08,1744.44,567.68,28800.0,577.96,1625.92,568.84,534.12
instance_981,52.52,4.96,55.52,198.84,63.72,4.76,4.04,35.08
instance_1057,418.04,51.64,372.04,98.56,343.24,50.08,2.48,315.36
instance_277,2.56,182.2,0.84,27.52,1.72,435.04,2.04,4.24
instance_1089,4.6,28800.0,0.96,28800.0,1.36,28800.0,2.48,5.12
instance_855,6073.92,28800.0,7618.2,28800.0,6604.72,28800.0,775.92,3736.56
instance_127,91.88,28800.0,183.28,28800.0,233.72,28800.0,28800.0,104.44
instance_611,1.52,28800.0,0.44,76.8,0.44,28800.0,3.2,0.96
instance_723,15.88,1.76,34.0,7.84,33.12,2.24,1.96,12.24
instance_1177,28800.0,2.08,28800.0,20.04,28800.0,1.84,4.16,28800.0
instance_965,262.64,28800.0,338.44,28800.0,594.6,28800.0,28800.0,238.16
instance_733,0.96,28800.0,0.08,6.96,0.56,28800.0,0.84,0.6
instance_55,11212.68,28800.0,3492.28,957.12,4016.88,28800.0,28800.0,10220.48
instance_403,28800.0,5236.44,28800.0,3058.64,28800.0,5890.8,7202.0,28800.0
instance_700,15489.16,28800.0,10870.72,28800.0,10738.52,28800.0,28800.0,19326.0
instance_836,11287.56,28800.0,6078.84,28800.0,7993.28,28800.0,28800.0,9307.6
instance_909,1622.36,28800.0,1072.76,28800.0,1130.0,28800.0,28800.0,1071.72
instance_307,994.2,28800.0,360.56,28800.0,342.68,28800.0,28800.0,558.32
instance_248,339.32,0.16,244.6,12.24,270.56,1.64,3.56,623.6
instance_239,142.64,1.24,67.6,20.24,116.48,4.24,8.0,62.56
instance_434,270.64,0.4,358.0,10.88,334.0,0.48,2.8,247.56
instance_1004,1140.12,28800.0,1000.68,28800.0,932.88,28800.0,13395.36,1084.84
instance_316,43.92,1.12,57.8,13.88,59.92,2.48,4.32,23.24
instance_897,48.76,28800.0,43.48,28800.0,65.12,28800.0,8135.88,45.8
instance_971,2.76,28800.0,0.72,185.96,2.8,28800.0,5.64,2.12
instance_943,57.8,28800.0,38.72,28800.0,112.76,28800.0,28800.0,61.68
instance_645,4.12,28800.0,1.28,409.92,10.56,28800.0,3338.08,2.48
instance_141,28800.0,28800.0,2406.84,28800.0,922.64,28800.0,28800.0,16068.6
instance_727,269.0,28800.0,296.12,28800.0,324.84,28800.0,28800.0,289.92
instance_346,3.4,102.4,2.0,25.72,3.2,179.56,3.52,1.68
instance_13,22.72,28800.0,6.04,44.88,24.88,28800.0,23785.56,7.6
instance_984,672.8,28800.0,505.0,28800.0,683.72,28800.0,28800.0,768.16
instance_786,61.36,28800.0,74.28,1355.6,133.8,28800.0,145.36,28.92
instance_450,15.4,28800.0,4.0,56.64,6.28,28800.0,6.24,13.6
instance_975,7198.72,28800.0,15800.12,28800.0,28800.0,28800.0,28800.0,9150.88
instance_977,6411.28,28800.0,3705.36,28800.0,4177.92,28800.0,28800.0,8201.12
instance_812,30.28,13.12,37.08,149.04,50.76,12.48,0.92,35.08
instance_375,21.36,456.28,16.6,63.2,24.04,538.4,270.48,13.2
instance_559,3.32,34.64,3.96,103.48,3.92,33.6,2.04,1.84
instance_1036,987.6,28800.0,2402.6,28800.0,1568.72,28800.0,28800.0,637.08
instance_768,2224.64,28800.0,1580.56,28800.0,1572.64,28800.0,28800.0,2556.44
instance_284,121.92,28800.0,89.32,28800.0,171.04,28800.0,28800.0,68.6
instance_81,87.92,28800.0,66.28,28800.0,72.08,28800.0,28800.0,43.44
instance_927,10046.96,437.84,22104.44,82.72,23376.48,415.12,715.72,11408.56
instance_699,28800.0,28800.0,28800.0,28800.0,28800.0,28800.0,3434.64,28800.0
instance_777,1652.52,28800.0,1335.2,5333.96,1200.28,28800.0,353.52,1481.52
instance_59,69.76,2217.28,107.68,141.8,86.52,4455.12,6.6,73.52
instance_508,21.76,28800.0,24.24,28800.0,23.44,28800.0,45.04,18.6
instance_992,2112.92,28800.0,2125.92,28800.0,1966.36,28800.0,28800.0,4532.04
instance_189,3060.0,28800.0,3776.72,28800.0,3832.04,28800.0,28800.0,3433.36
instance_832,20.28,818.56,65.44,173.12,43.92,680.64,53.6,19.44
instance_983,113.44,28800.0,70.68,129.2,66.56,28800.0,57.84,68.84
instance_831,2.36,28800.0,0.6,223.44,1.92,28800.0,5.6,0.72
instance_1167,154.76,0.6,229.88,5.44,243.12,0.56,1.24,170.36
instance_860,7.4,28800.0,3.84,28800.0,11.88,28800.0,1916.0,3.96
instance_1042,158.44,34.52,224.96,52.56,213.92,32.32,256.96,168.44
instance_26,20.52,28800.0,10.68,75.32,16.48,28800.0,1017.48,12.08
instance_630,52.0,1455.16,50.64,1286.88,81.16,28800.0,2402.96,39.12
instance_844,63.48,28800.0,136.0,28800.0,152.08,28800.0,28800.0,143.48
instance_1116,474.32,28800.0,34.24,28800.0,201.84,28800.0,206.28,301.12
instance_209,45.96,28800.0,20.52,257.84,30.2,28800.0,271.12,33.92
instance_837,48.68,2276.56,36.6,77.4,53.2,2442.92,17.0,39.52
instance_266,8.0,634.92,9.72,43.2,14.96,3160.04,4.08,5.28
instance_898,25.12,68.16,18.24,85.56,24.2,63.84,3.92,22.76
instance_337,4135.96,39.84,4278.24,172.24,4773.8,56.6,642.68,3359.0
instance_478,48.72,28800.0,22.0,28800.0,42.8,28800.0,8247.2,28.16
instance_691,87.2,28800.0,199.0,28800.0,230.6,28800.0,23811.6,101.6
instance_988,27.04,2394.64,8.56,243.6,26.84,2217.6,266.64,7.08
instance_504,12.2,28800.0,2.76,28800.0,5.32,28800.0,808.4,6.28
instance_797,60.6,28800.0,33.28,28800.0,125.76,28800.0,26193.32,29.2
instance_709,125.72,28800.0,184.76,28800.0,331.72,28800.0,28800.0,115.08
instance_1157,29.72,0.08,23.68,4.08,27.36,0.0,0.8,33.08
instance_221,28800.0,28800.0,28800.0,3142.76,28800.0,28800.0,28800.0,28800.0
instance_1101,28800.0,28800.0,28800.0,28800.0,28800.0,28800.0,13409.64,28800.0
instance_505,9.44,28800.0,1.68,28800.0,4.16,28800.0,801.08,5.16
instance_569,16370.04,47.04,7351.96,163.0,7472.88,46.12,111.12,17379.4
instance_932,636.08,28800.0,511.88,190.68,498.76,28800.0,15.68,650.96
instance_954,671.84,829.28,795.52,824.92,862.92,795.16,445.72,939.2
instance_359,30.72,483.96,23.24,264.8,39.52,628.56,298.44,22.28
instance_916,577.4,28800.0,457.28,28800.0,843.24,28800.0,28800.0,482.48
instance_649,28800.0,16205.68,28800.0,2244.36,28800.0,16714.04,10059.2,28800.0
instance_109,1.6,697.68,0.2,30.44,2.0,959.52,4.32,1.04
instance_232,6938.0,28800.0,4072.6,2177.52,5953.08,28800.0,2922.12,4879.08
instance_1109,194.12,28800.0,16.16,28800.0,4.4,28800.0,14.96,38.24
instance_63,28800.0,28800.0,28800.0,3866.08,28800.0,28800.0,28800.0,28800.0
instance_338,3594.88,43.84,4868.36,181.64,4473.28,60.68,759.96,5216.16
instance_1013,21.32,28800.0,17.56,2657.68,32.72,28800.0,82.52,15.52
instance_298,50.36,28800.0,26.16,28800.0,82.08,28800.0,28800.0,24.64
instance_1076,16.44,0.12,21.76,4.44,33.28,0.12,0.84,10.2
instance_320,28800.0,4.6,28800.0,44.88,28800.0,5.2,18.6,28800.0
instance_422,23.64,0.04,16.6,4.32,22.8,0.08,0.96,14.6
instance_1066,28692.88,28800.0,13958.0,28800.0,20564.84,28800.0,28800.0,28800.0
instance_552,7705.12,28800.0,8190.2,7054.2,9665.2,28800.0,28800.0,6293.48
instance_309,866.4,28800.0,361.2,28800.0,328.48,28800.0,28800.0,673.6
instance_35,256.12,28800.0,222.92,235.68,221.48,28800.0,28800.0,211.76
instance_175,292.32,474.8,292.88,76.16,313.12,482.44,591.12,412.36
instance_847,20.72,28800.0,2.24,28800.0,13.76,28800.0,28800.0,7.76
instance_136,173.32,28800.0,93.88,28800.0,220.28,28800.0,28800.0,108.36
instance_311,2013.76,28800.0,950.04,28800.0,1092.6,28800.0,28800.0,1915.4
instance_419,13.2,0.56,39.04,4.84,29.32,0.64,1.2,8.64
instance_1070,106.56,1.56,643.4,39.32,710.56,28800.0,21.92,101.04
instance_330,19.88,16.28,1.64,475.6,23.88,31.76,4.64,9.4
instance_806,116.4,28800.0,126.4,28800.0,215.88,28800.0,28800.0,121.28
instance_593,753.64,28800.0,1079.04,28800.0,1054.4,28800.0,26457.92,784.6
instance_1106,12.52,28800.0,1.48,260.48,3.32,28800.0,10.56,18.16
instance_769,28800.0,28800.0,28800.0,211.56,28800.0,28800.0,1601.2,28800.0
instance_16,39.92,28800.0,14.6,28800.0,32.36,28800.0,28800.0,28.48
instance_285,11.68,28800.0,6.88,28800.0,17.0,28800.0,54.0,4.72
instance_619,261.0,665.0,206.96,171.16,243.4,28800.0,76.0,138.36
instance_474,8.92,2359.76,3.8,94.68,6.68,28800.0,41.76,5.48
instance_206,25.44,28800.0,17.32,219.68,28.88,28800.0,293.36,24.64
instance_1107,4.4,28800.0,1.68,247.84,1.28,28800.0,2.68,2.8
instance_409,18703.96,28800.0,8710.56,28800.0,8662.28,28800.0,4027.88,23833.28
instance_1095,20289.08,28800.0,18741.52,28800.0,15429.28,28800.0,89.6,24603.64
instance_714,91.64,172.88,121.24,332.28,87.84,166.64,83.32,95.8
instance_541,696.36,1314.8,579.12,27.8,704.52,2998.4,2.12,521.28
instance_95,92.28,17.44,104.08,32.32,154.68,43.24,279.52,72.48
instance_477,42.88,3096.16,25.4,28800.0,46.72,28800.0,3794.4,37.04
instance_395,59.72,456.4,48.88,132.28,77.04,596.4,293.36,52.0
instance_1064,28800.0,28800.0,10082.16,28800.0,11441.84,28800.0,28800.0,28800.0
instance_703,25.68,19.92,19.36,10.28,19.92,18.84,2.16,29.92
instance_88,141.56,180.12,149.12,46.2,149.56,265.56,53.64,57.76
instance_1088,13.84,28800.0,0.72,68.12,1.28,28800.0,0.92,3.08
instance_949,101.04,28800.0,81.52,28800.0,114.44,28800.0,28800.0,38.36
instance_265,9.72,768.8,10.4,22.92,23.24,2576.76,4.0,7.0
instance_1008,28.96,277.68,29.2,29.24,32.08,272.08,5.36,38.24
instance_38,1096.08,28800.0,1022.8,501.08,1342.44,28800.0,28800.0,1194.52
instance_1082,0.8,28800.0,0.08,31.8,0.32,28800.0,4.08,0.24
instance_1133,10415.8,28800.0,272.4,28800.0,104.96,28800.0,266.64,9485.0
instance_481,28800.0,26.6,28800.0,1589.68,28800.0,28.12,172.16,28800.0
instance_910,55.24,214.52,126.16,304.84,97.76,204.24,145.88,61.52
instance_540,888.96,1314.2,1905.36,269.32,1171.32,2727.2,2.36,729.24
instance_169,40.84,320.48,18.8,7876.2,20.32,442.0,6.24,40.0
instance_690,946.2,28800.0,1232.08,7352.52,1227.76,28800.0,28800.0,971.88
instance_894,1385.52,28800.0,1193.0,28800.0,1469.48,28800.0,28800.0,971.92
instance_1071,204.24,1.44,821.32,39.52,914.44,28800.0,23.52,252.24
instance_1023,36.88,28800.0,24.8,28800.0,24.64,28800.0,2314.32,34.08
instance_635,412.56,28800.0,1107.44,28800.0,1150.16,28800.0,28800.0,378.72
instance_132,28800.0,28800.0,23377.08,28800.0,28800.0,28800.0,28800.0,28800.0
instance_1007,20.28,28800.0,33.36,994.2,39.4,28800.0,3344.64,12.04
instance_4,28800.0,28800.0,15215.2,184.52,16764.8,28800.0,28800.0,28800.0
instance_1055,28800.0,175.84,28800.0,890.24,28800.0,224.08,2547.16,28800.0
instance_451,218.44,28800.0,109.32,469.0,103.92,28800.0,440.48,212.88
instance_713,1800.52,28800.0,2183.4,544.84,2138.28,28800.0,2344.48,2080.76
instance_676,8.84,28800.0,0.72,103.28,10.48,28800.0,4.76,2.72
instance_1048,5336.56,44.56,577.64,49.0,553.56,42.6,72.88,6690.72
instance_134,7.68,28800.0,2.68,28800.0,7.12,28800.0,686.68,2.96
instance_322,11.52,16.88,1.12,377.4,8.96,27.88,3.84,3.64
instance_667,23912.28,28800.0,16964.24,294.08,15184.88,28800.0,23815.84,20832.4
instance_761,10.2,871.84,2.52,1206.0,5.76,846.76,3.4,3.76
instance_258,1.52,251.48,0.84,18.4,2.64,669.68,1.48,1.04
instance_302,7.6,28800.0,1.52,28800.0,7.28,28800.0,574.76,4.2
instance_840,24886.16,27.76,28800.0,69.2,28800.0,27.28,86.96,17752.68
instance_895,122.96,28800.0,57.96,28800.0,82.56,28800.0,28800.0,102.32
instance_304,177.64,28800.0,145.56,28800.0,167.32,28800.0,18076.76,201.8
instance_162,5.64,131.96,2.16,6587.64,4.36,184.16,7.12,6.48
instance_407,48.36,1087.04,30.08,59.24,39.68,1391.72,297.52,27.6
instance_869,2.48,2831.28,0.48,41.76,3.0,2711.04,107.92,1.44
instance_197,7.36,1.92,1.08,24.24,1.84,1.72,2.96,3.6
instance_515,0.04,28800.0,0.0,16.4,0.08,28800.0,1.0,0.08
instance_314,12.32,0.72,19.64,11.76,32.0,1.28,3.8,9.76
instance_753,731.16,28800.0,697.36,3102.28,672.84,28800.0,1224.96,681.96
instance_610,0.4,125.56,0.0,82.72,0.08,1451.8,0.88,0.44
instance_1099,28800.0,28800.0,28800.0,28800.0,28800.0,28800.0,2002.6,28800.0
instance_941,7601.32,28800.0,3136.44,28800.0,3447.0,28800.0,28800.0,7681.88
instance_324,5.4,8.2,1.0,239.16,13.6,21.24,3.56,2.24
instance_747,180.76,28800.0,289.6,28800.0,325.6,28800.0,28800.0,152.4
instance_803,352.2,28800.0,367.52,28800.0,354.32,28800.0,28800.0,329.88
instance_1179,28800.0,7.72,28800.0,52.16,28800.0,8.16,20.4,28800.0
instance_1045,28800.0,958.2,28800.0,715.2,28800.0,964.32,3302.48,28800.0
instance_168,10.44,45.28,9.2,6887.76,13.44,55.84,3.44,11.96
instance_454,54.4,28800.0,72.52,70.84,86.28,28800.0,97.2,40.32
instance_693,222.16,28800.0,273.16,28800.0,217.96,28800.0,28800.0,171.36
instance_1015,18.28,1469.48,14.08,260.36,23.16,1402.08,296.32,30.72
instance_89,189.6,271.0,299.2,1775.52,296.44,415.08,269.52,196.52
instance_472,7.0,2135.52,1.52,76.04,2.88,28800.0,17.08,6.36
instance_39,6849.44,28800.0,3421.08,113.32,3202.08,28800.0,28800.0,9494.32
instance_1141,28800.0,28800.0,8592.68,28800.0,28800.0,28800.0,11234.88,28800.0
instance_755,37.64,3.12,32.12,24.64,41.88,2.28,3.44,40.96
instance_5,28800.0,28800.0,28800.0,4044.2,28800.0,28800.0,28800.0,28800.0
instance_711,121.32,2254.36,179.64,36.32,195.4,2330.56,49.8,143.08
instance_233,28800.0,28800.0,28800.0,807.48,28800.0,28800.0,28800.0,28800.0
instance_201,10.44,5.52,9.16,27.36,13.4,5.2,3.88,6.4
instance_524,122.8,1079.72,73.12,12.84,87.2,2255.84,1.76,196.28
instance_825,73.0,28800.0,58.6,3374.28,78.56,28800.0,1430.96,79.64
instance_167,11.68,113.56,7.6,6701.68,16.44,157.72,3.28,9.84
instance_526,200.28,906.88,57.96,5753.16,64.36,1533.28,1.96,68.48
instance_1113,22.28,28800.0,22.64,252.28,11.36,28800.0,11.8,7.44
instance_356,108.92,570.92,139.44,9.88,118.96,829.96,421.48,59.04
instance_892,24.4,28800.0,11.28,28800.0,31.48,28800.0,28800.0,19.68
instance_1148,8.64,28800.0,3.76,28800.0,8.64,28800.0,41.4,7.12
instance_1046,28800.0,2271.84,28800.0,1278.48,28800.0,2316.72,13986.44,28800.0
instance_369,4.4,279.68,2.0,71.68,7.24,323.6,245.68,3.68
instance_254,28800.0,1.12,28800.0,29.24,28800.0,4.2,6.92,28800.0
instance_110,3.24,645.64,1.92,76.72,3.24,1138.24,11.32,2.28
instance_509,22.92,28800.0,25.16,28800.0,71.24,28800.0,48.92,62.16
instance_60,875.44,28800.0,1820.6,173.76,1536.24,28800.0,86.72,1247.48
instance_1171,11243.72,0.8,2095.32,7.36,2041.16,0.72,1.48,11449.52
instance_203,25.12,2533.56,14.4,185.88,14.48,2948.12,233.16,19.32
instance_979,80.4,28800.0,110.4,28800.0,129.56,28800.0,21609.04,86.08
instance_695,6613.12,28800.0,1615.32,28800.0,1841.6,28800.0,28800.0,3736.16
instance_115,7.16,467.16,5.6,29.28,10.48,1062.56,3.0,4.04
instance_112,2.28,169.4,4.4,69.48,7.04,384.76,4.2,2.24
instance_183,53.24,28800.0,62.96,28800.0,84.48,28800.0,6135.64,42.52
instance_1158,45.44,0.2,22.76,4.36,56.88,0.2,0.92,35.48
instance_1114,35.12,28800.0,9.68,268.64,20.48,28800.0,74.48,74.36
instance_826,22.24,294.2,19.0,182.04,56.96,283.16,3.8,20.04
instance_576,3.72,28800.0,1.44,28800.0,3.84,28800.0,35.4,3.72
instance_759,75.56,183.96,134.48,23.28,123.2,174.76,87.36,69.96
instance_171,14.4,60.56,24.8,107.56,26.36,57.64,3.44,15.72
instance_1156,90.6,0.52,66.6,5.6,83.88,0.44,1.12,98.64
instance_858,48.84,28800.0,237.28,28800.0,279.6,28800.0,28800.0,56.96
instance_357,11.68,344.48,12.0,27.48,27.92,508.76,264.32,13.12
instance_785,133.72,28800.0,154.6,28800.0,138.56,28800.0,28800.0,78.76
instance_145,58.44,28800.0,58.72,28800.0,79.6,28800.0,28800.0,47.8
instance_497,28800.0,138.56,28800.0,13556.8,28800.0,151.56,700.28,28800.0
instance_859,45.16,5.4,62.64,11.52,68.0,5.48,3.52,48.12
instance_456,2379.28,3763.48,2241.32,281.12,4070.84,6791.52,262.6,2133.88
instance_861,206.0,3.56,299.04,17.84,321.48,3.6,5.48,229.28
instance_922,2368.24,149.84,13493.84,129.68,10210.96,150.16,134.44,1742.12
instance_632,67.52,28800.0,100.44,28800.0,116.96,28800.0,4752.68,55.16
instance_721,58.52,28800.0,26.32,1260.76,23.64,28800.0,4.04,33.24
instance_1040,42.88,28800.0,39.76,384.2,48.56,28800.0,848.84,17.92
instance_1176,4583.6,0.4,2522.0,8.64,3122.32,0.44,1.56,2872.64
instance_507,12.48,28800.0,6.64,28800.0,9.28,28800.0,48.24,10.4
instance_14,26.2,28800.0,16.6,28800.0,33.04,28800.0,28800.0,18.16
instance_555,28800.0,876.72,20311.24,148.36,12491.72,2232.52,342.12,28800.0
instance_799,444.44,28800.0,696.04,28800.0,1419.88,28800.0,7714.4,382.64
instance_657,199.12,28800.0,267.2,28800.0,232.28,28800.0,28800.0,165.88
instance_61,11476.36,28800.0,28800.0,2690.84,28800.0,28800.0,11237.92,20110.76
instance_743,1057.2,28800.0,907.24,28800.0,825.84,28800.0,28800.0,1246.52
instance_58,241.44,28800.0,242.84,1003.84,304.88,28800.0,22306.32,241.8
instance_1074,168.12,1.64,741.08,39.28,791.04,28800.0,28.08,134.28
instance_332,16.52,22.0,2.08,673.4,21.8,36.08,5.44,9.04
instance_273,10251.12,281.48,8595.96,49.08,7674.92,2138.08,129.56,11332.72
instance_682,101.52,28800.0,103.04,28800.0,113.04,28800.0,28800.0,77.84
instance_219,28800.0,28800.0,28800.0,2209.52,28800.0,28800.0,28800.0,28800.0
instance_1028,486.28,28800.0,792.76,897.12,534.28,28800.0,450.48,375.96
instance_963,25.6,274.0,53.32,35.68,53.64,280.04,23.88,21.4
instance_246,462.64,2.32,139.32,27.12,147.64,5.48,11.84,176.2
instance_1145,26.88,28800.0,8.32,75.28,12.56,28800.0,3.92,9.96
instance_608,6.2,28800.0,4.76,281.4,5.52,28800.0,3.4,6.88
instance_144,60.28,28800.0,73.0,28800.0,76.56,28800.0,28800.0,44.52
instance_594,4690.96,28800.0,4129.52,28800.0,2900.44,28800.0,28800.0,6405.56
instance_498,28800.0,266.04,28800.0,28800.0,28800.0,286.36,1726.16,28800.0
instance_306,311.6,28800.0,116.28,28800.0,109.44,28800.0,28800.0,350.92
instance_1000,596.32,28800.0,640.0,28800.0,613.12,28800.0,347.92,674.16
instance_177,1307.52,28800.0,239.16,28800.0,251.08,28800.0,28800.0,732.48
instance_430,28800.0,28800.0,28800.0,28800.0,28800.0,28800.0,324.8,28800.0
instance_533,149.6,1046.8,35.36,1497.72,86.24,1860.04,1.84,78.76
instance_884,14608.76,28800.0,9214.28,28800.0,11136.8,28800.0,28800.0,5356.72
instance_538,1370.48,1127.08,409.16,6031.68,454.24,2232.48,2.08,800.88
instance_542,947.04,191.32,372.6,36.48,412.92,276.68,304.52,908.6
instance_397,388.48,2714.68,206.04,785.36,429.96,3206.6,621.28,211.32
instance_925,1138.64,28800.0,1021.64,28800.0,839.2,28800.0,28800.0,1115.48
instance_220,28800.0,28800.0,28800.0,3568.08,28800.0,28800.0,28800.0,28800.0
instance_720,24.92,749.04,39.6,48.48,34.0,940.4,262.6,25.6
instance_522,3096.4,28800.0,3382.28,28800.0,3557.4,28800.0,24.8,2752.88
instance_940,43.28,8.6,69.08,12.64,100.96,8.32,4.08,29.92
instance_118,913.32,2541.72,1055.24,3776.92,1382.44,28800.0,483.48,821.36
instance_554,5040.4,2071.56,4630.28,152.68,4723.68,28800.0,468.36,6465.28
instance_43,104.64,28800.0,186.84,358.72,120.72,28800.0,5195.16,83.04
instance_834,38.76,25.08,21.76,253.96,34.88,24.4,1.28,29.28
instance_678,631.92,1.76,541.84,156.52,600.08,4.96,5.08,912.68
instance_294,30.56,28800.0,40.2,28800.0,49.56,28800.0,306.72,13.88
instance_1103,2.24,28800.0,1.04,191.72,1.2,28800.0,2.24,1.6
instance_147,1943.48,28800.0,3363.48,28800.0,1989.76,28800.0,28800.0,1175.44
instance_784,4674.68,28800.0,5813.64,28800.0,4293.04,28800.0,28800.0,2830.4
instance_1041,170.64,204.88,223.88,52.36,151.16,184.96,308.72,151.24
instance_241,796.4,1.84,335.0,32.24,1174.92,5.84,16.56,390.24
instance_856,69.76,28800.0,172.04,28800.0,97.0,28800.0,383.32,57.48
instance_281,300.28,28800.0,281.72,28800.0,383.72,28800.0,28800.0,279.76
instance_1017,223.92,28800.0,256.04,28800.0,469.8,28800.0,28800.0,132.36
instance_1126,28.2,28800.0,4.44,11.76,12.4,28800.0,87.16,13.24
instance_1031,13587.36,1372.36,11906.2,136.04,13481.32,1274.6,1874.04,18755.84
instance_574,9.72,33.08,9.64,140.92,19.76,32.12,5.04,6.12
instance_636,2.8,1138.4,1.56,33.28,6.92,1169.72,4.36,0.8
instance_1,5082.4,28800.0,6257.88,204.68,4843.36,28800.0,460.36,5874.96
instance_194,22930.08,28800.0,10034.16,28800.0,12509.36,28800.0,11211.32,28800.0
instance_54,14260.12,28800.0,28800.0,28800.0,28800.0,28800.0,28800.0,14621.76
instance_68,28800.0,28800.0,28800.0,3886.6,28800.0,28800.0,28800.0,28800.0
instance_87,89.6,114.44,74.12,42.08,67.36,150.04,11.36,89.52
instance_135,83.6,28800.0,66.84,28800.0,108.52,28800.0,28800.0,81.44
instance_82,91.88,28800.0,71.4,28800.0,107.48,28800.0,28800.0,62.2
instance_519,1556.08,28800.0,1486.84,28800.0,1516.12,28800.0,28800.0,1770.12
instance_333,3071.16,43.12,4849.32,174.8,5562.24,59.6,744.88,4329.12
instance_1026,60.72,28800.0,167.12,28800.0,171.56,28800.0,28800.0,84.96
instance_243,221.48,0.48,109.32,13.2,111.44,2.4,4.48,251.2
instance_1019,40.36,28800.0,34.28,28800.0,36.84,28800.0,28800.0,14.08
instance_360,33.24,477.4,24.48,7.96,40.64,618.44,284.72,20.64
instance_804,541.92,28800.0,608.16,28800.0,717.96,28800.0,28800.0,575.32
instance_572,28800.0,284.8,28800.0,507.84,28800.0,287.92,503.4,28800.0
instance_962,149.0,28800.0,359.52,28800.0,621.12,28800.0,28800.0,180.2
instance_398,356.76,2976.64,297.88,176.32,386.08,3569.48,680.04,218.56
instance_737,23.52,28800.0,6.24,28800.0,37.88,28800.0,13668.92,14.44
instance_268,26.0,271.56,19.88,30.08,39.52,2392.28,3.04,29.68
instance_179,734.24,28800.0,336.24,28800.0,463.6,28800.0,28759.36,614.84
instance_800,28800.0,28800.0,28800.0,28800.0,28800.0,28800.0,9847.52,28800.0
instance_999,604.08,19.2,763.36,4220.8,845.28,21.32,8.64,507.8
instance_590,9353.44,28800.0,12850.04,28800.0,10410.96,28800.0,28800.0,11012.0
instance_364,28800.0,192.4,9384.32,84.32,9856.0,299.52,570.92,22569.6
instance_1162,243.04,0.6,290.64,5.56,244.36,0.56,1.12,283.84
instance_880,4.2,28800.0,2.48,28800.0,12.12,28800.0,6782.4,3.16
instance_1147,12.44,28800.0,1.68,28800.0,3.2,28800.0,30.68,10.64
instance_639,12136.76,28800.0,10504.8,28800.0,10963.08,28800.0,28800.0,12782.04
instance_523,0.08,28800.0,0.08,16.96,0.08,28800.0,0.92,0.08
instance_514,0.04,28800.0,0.08,13.76,0.08,28800.0,1.2,0.08
instance_736,60.4,28800.0,106.56,28800.0,149.76,28800.0,28800.0,67.92
instance_873,704.92,572.08,926.92,98.2,648.84,624.0,611.96,673.96
instance_563,38.8,31.4,31.56,112.4,42.96,30.56,14.56,21.2
instance_820,11.68,28800.0,1.56,28800.0,14.76,28800.0,28800.0,5.2
instance_381,28800.0,2612.36,28800.0,330.84,28800.0,2667.12,1461.08,28800.0
instance_653,23918.36,28800.0,18300.16,28800.0,28800.0,28800.0,28800.0,17646.36
instance_349,3.0,95.12,1.24,29.28,2.24,175.8,4.0,1.28
instance_746,57.8,28800.0,37.12,28800.0,60.16,28800.0,28800.0,25.16
instance_561,11.08,37.0,9.2,110.08,17.08,37.56,2.32,6.48
instance_123,28800.0,941.96,28800.0,409.44,28800.0,1399.2,11161.68,28800.0
instance_1104,3.76,28800.0,0.84,237.96,1.16,28800.0,8.96,2.56
instance_399,329.96,2957.28,258.64,739.8,327.64,3851.2,655.56,240.2
instance_776,207.88,28800.0,832.92,225.08,864.24,28800.0,161.32,208.48
instance_838,817.36,28800.0,944.72,28800.0,845.12,28800.0,28800.0,788.0
instance_1006,11.52,28800.0,4.96,1379.76,14.92,28800.0,491.48,14.0
instance_1073,8126.76,5.28,9813.68,75.2,10662.56,28800.0,501.16,7485.12
instance_613,3.6,28800.0,2.24,4.32,5.16,28800.0,1.08,7.76
instance_351,3.68,104.64,0.52,44.72,3.72,152.24,3.64,1.88
instance_1021,462.04,28800.0,287.44,28800.0,299.08,28800.0,8505.32,449.0
instance_150,6140.08,28800.0,10273.16,28800.0,8902.76,28800.0,28800.0,4723.56
instance_158,50.12,363.48,2.4,77.6,3.04,554.16,6.2,48.24
instance_730,87.16,28800.0,44.24,28800.0,129.6,28800.0,28800.0,48.88
instance_1092,19.88,28800.0,41.96,106.4,55.72,28800.0,1.04,20.6
instance_22,17768.88,28800.0,3226.88,282.64,4351.92,28800.0,534.72,9642.72
instance_815,1319.16,1666.08,1634.52,25.76,1125.28,1608.8,122.28,1289.36
instance_421,13.2,1.04,48.0,5.2,42.56,0.92,1.48,34.36
instance_669,93.04,28800.0,189.32,28800.0,136.6,28800.0,3150.6,70.96
instance_621,614.16,625.2,656.76,70.36,584.8,28800.0,89.44,373.6
instance_614,16.16,28800.0,3.84,31.92,6.76,28800.0,3.8,3.88
instance_953,64.6,28800.0,171.8,28800.0,160.88,28800.0,28800.0,105.92
instance_562,12.4,33.56,14.2,118.56,19.96,32.48,1.32,5.64
instance_893,20.56,28800.0,79.0,1891.8,85.92,28800.0,441.72,18.08
instance_1174,28800.0,9.2,28800.0,56.2,28800.0,9.12,34.16,28800.0
instance_79,22.32,28800.0,26.88,28800.0,55.44,28800.0,28800.0,12.16
instance_924,4.08,28800.0,2.92,342.48,12.0,28800.0,105.6,5.0
instance_34,47.96,28800.0,17.84,26.08,44.32,28800.0,28800.0,31.68
instance_80,58.64,28800.0,60.88,28800.0,81.44,28800.0,28800.0,33.0
instance_726,18416.48,28800.0,20726.4,28800.0,19673.12,28800.0,8253.04,14749.8
instance_734,28800.0,3666.96,28800.0,1624.56,28800.0,3549.52,2412.88,28800.0
instance_102,28800.0,109.96,28800.0,1961.68,28800.0,202.0,1112.8,28800.0
instance_750,8.36,28800.0,2.16,28800.0,6.88,28800.0,3032.84,6.64
instance_139,3271.56,28800.0,250.04,28800.0,286.88,28800.0,28800.0,2520.6
instance_377,52.24,1251.48,39.72,78.0,47.24,1376.64,327.12,30.0
instance_1142,28800.0,28800.0,28800.0,28800.0,28800.0,28800.0,6254.48,28800.0
instance_37,868.2,28800.0,1017.92,602.44,1362.8,28800.0,28800.0,796.96
instance_447,951.8,1872.16,549.0,421.88,851.76,5143.72,302.84,808.0
instance_465,6.68,28800.0,0.48,204.52,1.76,28800.0,7.12,4.4
instance_295,38.12,28800.0,43.36,28800.0,64.8,28800.0,306.8,13.08
instance_766,28800.0,28800.0,28800.0,28800.0,28800.0,28800.0,1116.0,28800.0
instance_326,9.04,16.0,1.44,374.64,13.96,26.16,4.08,3.44
instance_238,41.96,0.96,63.24,16.16,62.2,3.44,5.56,58.12
instance_1139,98.44,28800.0,153.72,66.76,156.52,28800.0,5.76,162.12
instance_1063,786.28,28800.0,701.36,28800.0,858.16,28800.0,6486.96,656.4
instance_475,13.36,2415.56,5.24,953.72,9.52,28800.0,133.48,8.28
instance_308,577.96,28800.0,369.08,28800.0,341.36,28800.0,28800.0,603.0
instance_471,6.76,2131.24,1.4,89.64,2.88,28800.0,16.08,5.04
instance_731,117.32,11.72,165.12,31.6,201.56,12.96,34.56,129.92
instance_809,2.52,3423.24,0.64,65.4,1.64,3431.56,7.8,1.4
instance_67,28800.0,28800.0,28800.0,1776.16,28800.0,28800.0,28800.0,28800.0
instance_643,9890.96,28800.0,28800.0,28800.0,28800.0,28800.0,28800.0,9129.36
instance_959,1175.56,28800.0,1180.24,4282.04,1165.88,28800.0,7090.28,1362.76
instance_885,1890.64,28800.0,1497.88,28800.0,1435.24,28800.0,28800.0,1764.68
instance_250,28800.0,2.32,28800.0,34.88,28800.0,6.48,15.92,28800.0
instance_1018,5.84,28800.0,0.8,11.04,7.72,28800.0,1.56,2.44
instance_386,27.96,431.68,15.88,89.28,31.92,518.52,276.6,17.68
instance_1129,16.72,28800.0,9.84,46.96,18.24,28800.0,7.4,139.12
instance_276,28800.0,1541.6,28800.0,44.8,28800.0,6021.88,1595.28,28800.0
instance_142,5910.32,28800.0,1004.12,28800.0,1364.68,28800.0,28800.0,9750.88
instance_1111,1109.84,28800.0,5.6,28800.0,7.76,28800.0,16.8,2164.16
instance_877,335.76,28800.0,294.92,28800.0,423.56,28800.0,28800.0,211.8
instance_1100,28800.0,28800.0,28800.0,4947.28,28800.0,28800.0,6191.8,28800.0
instance_372,14.8,401.56,6.48,157.16,11.4,475.0,252.32,7.68
instance_396,332.4,2018.12,200.76,724.28,236.6,2790.2,449.52,268.08
instance_85,5.4,19.56,3.44,28.12,4.72,25.04,244.24,4.64
instance_841,1.8,28800.0,0.4,6.12,0.84,28800.0,3.0,1.16
instance_868,31.6,5.8,62.56,5649.6,63.8,5.68,3.92,27.48
instance_1024,1365.84,28800.0,1676.2,28800.0,1615.88,28800.0,28800.0,1353.52
instance_722,10442.72,548.64,4367.28,93.72,4843.84,559.6,1240.92,9359.52
instance_23,28800.0,28800.0,28800.0,712.16,28800.0,28800.0,28800.0,28800.0
instance_270,43.24,791.28,59.16,10.88,51.6,3543.12,46.8,49.76
instance_305,209.44,28800.0,135.04,28800.0,164.6,28800.0,28800.0,121.48
instance_1002,43.88,28800.0,86.4,286.12,81.96,28800.0,880.04,82.84
instance_449,1.56,28800.0,0.24,15.2,0.84,28800.0,0.92,1.68
instance_528,253.6,1120.08,84.96,6044.72,91.68,2232.8,1.8,87.52
instance_282,7.72,28800.0,0.32,16.24,1.76,28800.0,1.36,2.16
instance_646,75.48,28800.0,117.84,795.12,100.52,28800.0,18806.32,49.2
instance_28,23.52,28800.0,4.96,48.56,17.04,28800.0,4242.6,10.2
instance_1085,1.48,28800.0,0.16,45.76,0.4,28800.0,4.8,1.04
instance_914,28800.0,28800.0,28800.0,28800.0,28800.0,28800.0,28800.0,23917.92
instance_584,189.64,28800.0,277.32,28800.0,791.64,28800.0,28800.0,91.16
instance_425,112.24,28800.0,131.08,28800.0,158.8,28800.0,2919.2,126.4
instance_565,27.12,28.84,29.16,111.08,40.44,27.96,18.4,19.92
instance_383,28800.0,2553.28,28800.0,3440.4,28800.0,2872.32,1618.24,28800.0
instance_948,70.88,28800.0,43.28,31.56,58.48,28800.0,132.28,45.88
instance_371,7.04,488.0,1.08,67.28,5.8,537.56,252.76,3.24
instance_108,1.84,141.12,0.24,31.68,3.24,163.56,4.0,1.04
instance_525,20.88,166.16,10.4,6152.56,11.28,203.2,1.16,14.08
instance_1012,2527.0,28800.0,4369.2,1811.56,4295.36,28800.0,678.48,2880.12
instance_313,50.72,0.64,57.44,13.08,69.04,1.8,3.92,33.68
instance_634,42.24,28800.0,19.24,28800.0,71.56,28800.0,28800.0,29.72
instance_1005,24.76,28800.0,31.0,245.16,40.24,28800.0,8.0,18.2
instance_493,28800.0,163.92,28800.0,19457.32,28800.0,176.32,807.6,28800.0
instance_1164,39.92,0.2,84.96,4.64,66.4,0.2,1.0,68.0
instance_1078,2902.56,0.8,3772.96,9.92,3881.8,0.8,1.64,2852.04
instance_623,0.4,28800.0,0.12,28.8,0.32,28800.0,1.84,0.2
instance_365,28800.0,740.12,28800.0,34.32,28800.0,1222.84,1178.2,28800.0
instance_606,53.8,28800.0,136.88,891.56,176.24,28800.0,292.2,57.96
instance_694,63.32,28800.0,80.2,8299.4,105.68,28800.0,1127.04,111.48
instance_651,7316.92,28800.0,7938.16,28800.0,5583.84,28800.0,28800.0,6743.24
instance_1140,24732.68,28800.0,3386.56,28800.0,3840.36,28800.0,462.52,12054.08
instance_882,14.76,28800.0,1.28,80.8,13.2,28800.0,21.76,8.4
instance_886,93.2,28800.0,127.6,28800.0,177.96,28800.0,28800.0,84.04
instance_182,7250.32,28800.0,18087.92,28800.0,15848.76,28800.0,28800.0,6539.08
instance_512,8.28,28800.0,2.56,28800.0,5.4,28800.0,6.0,6.96
instance_56,153.64,28800.0,204.96,583.8,257.4,28800.0,5905.4,150.32
instance_587,70.96,28800.0,96.8,1747.4,89.28,28800.0,326.56,42.44
instance_1178,28800.0,4.96,28800.0,38.0,28800.0,4.84,9.24,28800.0
instance_9,46.64,28800.0,21.6,28800.0,45.2,28800.0,2957.04,32.96
instance_692,188.04,28800.0,839.28,28800.0,773.64,28800.0,28800.0,177.32
instance_715,10305.8,19.64,20268.92,63.4,20996.96,19.44,47.28,11520.84
instance_752,1260.04,965.0,1089.8,180.28,1313.52,904.4,4.36,1247.04
instance_51,735.0,28800.0,453.84,2461.76,533.64,28800.0,28800.0,514.92
instance_601,9.56,28800.0,6.32,269.92,9.52,28800.0,34.16,7.92
instance_805,63.12,28800.0,344.56,28800.0,339.84,28800.0,28800.0,123.48
instance_663,150.52,28800.0,112.8,28800.0,162.52,28800.0,28800.0,149.92
instance_226,102.0,28800.0,171.96,28800.0,219.96,28800.0,464.12,75.6
instance_1128,14.96,28800.0,6.84,11.92,13.84,28800.0,91.52,9.4
instance_318,217.0,0.08,156.84,12.96,176.8,0.24,3.6,224.96
instance_501,22345.4,1.32,24401.64,930.12,9994.12,1.28,30.12,19907.24
instance_928,28.32,54.8,71.32,3657.84,103.76,53.48,4.0,27.96
instance_1134,23.08,28800.0,25.92,105.84,27.96,28800.0,12.36,20.36
instance_754,18.84,28800.0,44.8,3058.12,80.56,28800.0,4049.0,13.32
instance_417,5199.88,28800.0,4046.96,28800.0,4340.36,28800.0,981.4,5370.68
instance_199,7.68,5.24,6.64,27.16,16.64,4.96,4.16,17.32
instance_469,7.64,28800.0,4.92,460.64,12.16,28800.0,143.68,8.32
instance_791,17.12,28800.0,73.36,2752.48,72.16,28800.0,3338.64,7.92
instance_817,94.32,176.76,303.08,134.16,270.4,168.28,5.72,126.4
instance_985,517.52,28800.0,440.44,328.64,533.6,28800.0,500.4,656.08
instance_830,4848.64,38.72,4271.08,221.12,5473.92,37.76,32.96,8317.24
instance_966,9928.84,28800.0,3911.52,28800.0,4149.88,28800.0,28800.0,8828.24
instance_566,35.52,31.92,28.48,136.2,38.28,31.12,24.8,20.92
instance_382,28800.0,2738.8,28800.0,601.2,28800.0,3061.4,1658.24,28800.0
instance_50,870.24,28800.0,1450.88,2521.84,2334.92,28800.0,6417.16,787.24
instance_921,10153.92,6724.16,28800.0,235.0,28800.0,6875.92,651.16,13024.24
instance_888,2353.28,28800.0,1631.56,28800.0,1915.8,28800.0,28800.0,1899.24
instance_390,37.2,437.72,40.4,127.92,63.72,520.92,276.6,30.08
instance_278,3.44,197.32,1.08,27.24,1.84,471.24,1.92,2.36
instance_1034,24.24,28800.0,133.72,4883.64,137.8,28800.0,1281.76,23.48
instance_31,45.72,28800.0,23.12,93.48,32.88,28800.0,2949.64,20.2
instance_567,28800.0,293.84,28800.0,502.52,28800.0,298.08,539.48,28800.0
instance_1022,35.48,4807.76,148.72,113.44,113.72,4612.4,18.48,33.92
instance_801,13.52,28800.0,40.92,67.72,98.36,28800.0,118.72,24.96
instance_728,20960.68,28800.0,12915.52,28800.0,10700.96,28800.0,28800.0,26343.36
instance_1058,28800.0,27.32,8585.8,196.6,9269.2,34.48,35.68,28800.0
instance_342,28800.0,294.08,28800.0,1190.68,28800.0,402.96,9295.4,28800.0
instance_426,3491.8,28800.0,2886.36,28800.0,3409.84,28800.0,28800.0,3750.44
instance_684,113.68,854.4,124.16,109.72,108.24,862.0,236.08,99.56
instance_416,358.0,28800.0,409.16,59.84,422.76,28800.0,978.28,315.32
instance_210,35.2,28800.0,26.44,269.64,56.96,28800.0,287.12,32.4
instance_458,0.08,28800.0,0.12,5.0,0.12,28800.0,0.52,0.08
instance_355,4.64,166.92,0.8,61.88,6.44,189.32,1.04,2.84
instance_543,28800.0,622.72,28800.0,100.88,28800.0,1093.36,582.04,28800.0
instance_874,143.48,28800.0,163.88,28800.0,183.64,28800.0,458.12,156.52
instance_3,8136.52,28800.0,5462.28,248.96,6692.16,28800.0,186.0,5419.24
instance_350,6.6,76.56,2.64,13.2,5.64,129.72,127.6,3.96
instance_1154,1754.24,28800.0,1262.76,28800.0,1401.64,28800.0,22988.52,1881.2
instance_260,3.12,936.52,0.68,12.44,5.84,1058.08,2.2,0.88
instance_1020,8109.72,28800.0,4872.64,28800.0,6478.2,28800.0,28800.0,8034.04
instance_71,1135.8,573.36,1126.36,160.64,1219.0,948.76,332.16,991.64
instance_704,183.48,28800.0,329.08,28800.0,392.44,28800.0,28800.0,162.72
instance_573,15.44,31.08,9.76,109.84,17.36,29.76,5.16,5.44
instance_1001,2.48,28800.0,0.64,209.68,1.92,28800.0,20.08,1.36
instance_604,15.72,28800.0,10.76,311.32,12.08,28800.0,122.52,11.72
instance_48,749.68,28800.0,2484.0,2063.6,1713.68,28800.0,2557.16,586.12
instance_373,12.76,591.64,6.44,62.24,10.24,652.64,260.88,6.48
instance_718,28800.0,8728.04,28800.0,579.68,28800.0,28800.0,641.44,28800.0
instance_681,2.56,191.0,0.68,52.72,4.36,197.28,8.96,2.6
instance_91,12.32,65.72,13.32,58.32,22.4,96.04,274.08,13.76
instance_906,340.92,28800.0,431.64,28800.0,501.4,28800.0,28800.0,373.04
instance_913,49.56,28800.0,75.28,74.48,99.84,28800.0,11.88,44.48
instance_180,28800.0,28800.0,28800.0,28800.0,28800.0,28800.0,28800.0,21386.6
instance_891,632.88,28800.0,431.8,28800.0,683.6,28800.0,19853.52,601.2
instance_83,3.16,28800.0,1.24,565.76,4.96,28800.0,864.0,3.0
instance_457,20244.4,10492.36,7135.96,2393.28,13857.88,28800.0,28800.0,13395.4
instance_930,56.28,28800.0,107.52,1502.8,172.12,28800.0,297.32,84.04
instance_384,4.76,273.56,3.68,30.76,6.56,325.16,245.88,3.96
instance_327,15.64,21.88,2.08,672.36,26.8,35.92,5.44,11.96
instance_435,973.64,1.04,1830.12,13.04,1750.68,1.6,4.2,924.68
instance_185,86.0,28800.0,146.2,28800.0,201.48,28800.0,368.12,61.4
instance_412,939.0,28800.0,1088.08,82.8,1133.2,28800.0,2142.72,888.72
instance_503,28800.0,2.04,28800.0,561.2,28800.0,2.04,31.84,28800.0
instance_1065,1500.4,28800.0,1396.76,28800.0,1321.72,28800.0,28800.0,1642.28
instance_878,67.2,28800.0,151.2,28800.0,171.48,28800.0,28800.0,92.92
instance_901,250.64,28800.0,397.64,28800.0,415.88,28800.0,28800.0,231.48
instance_24,3.12,28800.0,0.92,108.76,2.0,28800.0,2.24,2.68
instance_104,28800.0,153.88,28800.0,132.72,28800.0,254.28,2074.28,28800.0
instance_537,97.52,273.0,37.4,55.56,77.24,437.0,1.28,86.44
instance_230,6085.16,28800.0,4035.32,8439.04,5539.56,28800.0,5747.96,4111.16
instance_1163,52.96,0.04,38.16,4.12,47.4,0.08,0.8,32.52
instance_821,204.76,28800.0,203.4,28800.0,253.64,28800.0,28800.0,155.28
instance_842,20.52,28800.0,4.56,28800.0,19.28,28800.0,11950.64,4.0
instance_315,33.16,0.8,71.6,11.8,116.6,1.84,3.84,24.24
instance_184,110.76,28800.0,220.4,28800.0,211.56,28800.0,367.24,57.16
instance_75,6.96,28800.0,2.28,28800.0,13.16,28800.0,28800.0,3.72
instance_174,271.52,329.92,269.48,60.6,272.48,331.0,556.64,331.6
instance_64,105.12,2054.4,185.8,138.6,193.68,4279.68,905.56,88.44
instance_656,37.6,68.56,47.28,28800.0,50.96,66.8,4.04,43.88
instance_1143,16.08,28800.0,13.24,64.48,23.84,28800.0,3.92,23.2
instance_725,109.32,28800.0,323.56,28800.0,305.88,28800.0,28800.0,78.04
instance_464,4.68,28800.0,0.64,143.84,1.76,28800.0,7.36,2.12
instance_738,664.8,95.08,574.48,66.28,700.8,91.44,19.28,728.16
instance_1108,17.76,28800.0,1.36,179.48,2.52,28800.0,7.56,8.8
instance_198,2.48,1.84,1.04,24.28,2.16,1.76,3.08,5.44
instance_488,28800.0,145.2,28800.0,28800.0,28800.0,157.0,714.92,28800.0
instance_255,28800.0,10.24,28800.0,128.76,28800.0,23.08,63.0,28800.0
instance_986,185.24,2903.84,279.2,8631.52,311.92,3149.44,299.36,203.72
instance_945,327.76,28800.0,385.08,1189.72,347.52,28800.0,38.24,188.44
instance_980,109.96,28800.0,56.2,28800.0,85.4,28800.0,28800.0,105.12
instance_114,6.6,358.12,9.2,29.0,8.76,997.48,2.76,3.32
instance_618,394.28,508.8,209.52,49.24,230.44,28800.0,81.24,209.68
instance_553,28800.0,28800.0,28800.0,28800.0,28800.0,28800.0,3177.16,28800.0
instance_1169,46.6,0.08,25.96,4.4,43.96,0.04,0.92,43.56
instance_288,4358.64,28800.0,1798.04,28800.0,2273.96,28800.0,28800.0,3477.44
instance_852,36.64,28800.0,32.68,748.48,41.4,28800.0,409.24,43.44
instance_344,2.92,2.16,0.32,2009.16,12.32,13.24,3.4,1.2
instance_926,1215.84,28800.0,646.6,28800.0,885.08,28800.0,28800.0,916.04
instance_1029,284.24,28800.0,401.96,28800.0,368.72,28800.0,28800.0,230.08
instance_62,28800.0,28800.0,28800.0,4842.16,28800.0,28800.0,28800.0,28800.0
instance_589,1204.52,28800.0,1379.48,28800.0,1440.56,28800.0,28800.0,1065.64
instance_378,52.12,1263.48,35.0,77.96,46.24,1408.4,315.0,41.32
instance_1098,28800.0,28800.0,28800.0,656.92,28800.0,28800.0,38.28,28800.0
instance_499,28800.0,1.96,28800.0,494.84,28800.0,1.96,32.24,28800.0
instance_1054,28800.0,63.36,28800.0,155.24,28800.0,87.08,582.12,28800.0
instance_1144,18.52,28800.0,7.24,75.12,12.4,28800.0,3.92,12.52
instance_153,354.68,28800.0,311.32,28800.0,337.52,28800.0,28800.0,271.28
instance_771,54.68,28800.0,89.4,1317.84,75.76,28800.0,28800.0,31.44
instance_596,3670.24,28800.0,2346.68,1604.48,2343.52,28800.0,748.24,3380.2
instance_889,6.76,28800.0,11.36,28800.0,15.64,28800.0,11037.36,14.96
instance_483,28800.0,133.4,28800.0,28800.0,28800.0,145.64,906.76,28800.0
instance_647,13.08,28800.0,5.28,28800.0,13.72,28800.0,28800.0,3.6
instance_65,2577.44,28800.0,5505.12,149.8,3812.52,28800.0,747.4,2830.48
instance_532,101.16,891.4,68.88,16.32,121.04,1440.28,1.6,128.24
instance_848,537.76,2137.16,784.04,521.52,801.36,2008.6,764.4,478.68
instance_202,29.92,420.28,25.36,139.76,46.08,390.68,224.92,15.76
instance_1025,2580.48,56.6,2426.0,42.96,4665.84,54.72,150.32,2555.0
instance_247,28800.0,4.08,28800.0,69.68,24870.08,11.36,35.16,28800.0
instance_689,88.04,28800.0,62.68,28800.0,130.48,28800.0,4940.28,88.36
instance_757,174.32,28800.0,343.6,28800.0,260.44,28800.0,28800.0,207.84
instance_772,345.36,95.12,384.6,28800.0,374.8,92.36,6.8,244.76
instance_40,28800.0,28800.0,28800.0,459.16,28800.0,28800.0,28800.0,28800.0
instance_1124,14.0,28800.0,13.28,40.72,10.0,28800.0,6.84,10.76
instance_683,273.08,3017.0,291.84,6291.76,226.36,3456.84,376.28,159.0
instance_609,0.32,28800.0,0.12,4.64,0.16,28800.0,0.52,0.36
instance_616,3.36,575.12,3.16,50.08,6.44,28800.0,2.52,2.56
instance_655,6540.56,28800.0,18335.36,28800.0,20418.56,28800.0,28800.0,6806.6
instance_12,13.88,28800.0,4.56,28800.0,16.68,28800.0,13.72,7.92
instance_835,2083.84,2094.08,2774.8,148.84,2576.8,2263.0,2831.36,2752.44
instance_998,473.72,28800.0,221.32,28800.0,435.56,28800.0,28800.0,351.88
instance_420,27.56,1.08,39.12,5.12,46.04,0.96,1.48,36.88
instance_605,14.2,28800.0,9.56,263.92,14.12,28800.0,125.28,17.08
instance_20,7118.24,28800.0,3013.68,28800.0,3658.96,28800.0,28800.0,4310.76
instance_463,5.8,28800.0,0.64,164.88,0.96,28800.0,8.04,3.84
instance_710,8.32,28800.0,28.04,28800.0,55.28,28800.0,28800.0,9.76
instance_850,64.2,17.28,105.44,28800.0,96.04,15.68,4.4,129.4
instance_1091,46.04,28800.0,1.12,28800.0,1.32,28800.0,2.4,107.44
instance_124,28800.0,5626.68,28800.0,1825.28,28800.0,9228.08,28800.0,28800.0
instance_484,592.72,0.48,395.68,324.6,382.36,0.44,18.8,561.56
instance_1168,28800.0,1.08,20183.24,8.48,12704.88,1.04,1.84,25438.0
instance_21,5586.16,28800.0,2977.12,28800.0,3324.08,28800.0,28800.0,7555.16
instance_577,4.36,28800.0,1.44,28800.0,3.48,28800.0,34.88,4.36
instance_780,87.2,28800.0,148.56,28800.0,168.04,28800.0,28800.0,58.04
instance_546,2.56,219.8,0.4,5.48,1.76,348.88,0.6,2.24
instance_758,8.16,28800.0,14.4,28800.0,21.2,28800.0,28800.0,6.16
instance_283,10.72,28800.0,0.4,20.2,2.16,28800.0,1.32,2.44
instance_670,5228.6,28800.0,6090.96,28800.0,6667.32,28800.0,28800.0,6175.8
instance_1170,493.8,0.32,429.56,5.76,419.96,0.32,1.16,603.64
instance_161,2.4,133.68,2.24,67.72,1.96,219.84,2.16,2.16
instance_956,676.68,28800.0,716.92,28800.0,1194.28,28800.0,28800.0,673.48
instance_251,28800.0,3.36,28800.0,50.48,28800.0,9.08,27.4,28800.0
instance_482,28800.0,79.72,28800.0,12842.92,28800.0,89.48,540.64,28800.0
instance_49,1138.0,28800.0,2440.76,2227.4,2794.6,28800.0,5562.2,847.92
instance_641,142.76,28800.0,148.6,28800.0,166.52,28800.0,28800.0,94.24
instance_529,78.8,1048.44,90.16,6518.24,83.52,2380.8,1.88,74.12
instance_289,4.2,28800.0,0.32,83.48,1.56,28800.0,4.68,2.8
instance_236,14.64,0.16,42.52,11.04,111.6,1.84,3.12,25.48
instance_808,28800.0,2144.28,28800.0,2340.48,28800.0,2052.2,2289.08,28800.0
instance_228,1156.8,28800.0,1227.44,28800.0,1762.36,28800.0,27558.12,1059.96
instance_854,10670.28,28800.0,5591.32,28800.0,5771.52,28800.0,28800.0,7974.32
instance_380,13238.0,1164.2,6958.56,151.84,8837.0,1491.2,643.56,17382.84
instance_437,1205.96,1.28,2403.72,13.64,2237.48,1.92,4.52,932.04
instance_442,81.68,788.92,121.52,87.32,143.96,28800.0,419.92,93.76
instance_907,9.24,58.28,0.48,366.32,2.72,55.52,3.28,1.4
instance_428,28800.0,28800.0,25721.8,28800.0,20090.6,28800.0,28800.0,28800.0
instance_408,442.88,28800.0,507.16,28800.0,435.72,28800.0,11308.88,317.4
instance_297,51.8,28800.0,35.04,28800.0,48.52,28800.0,28800.0,21.92
instance_1011,24.28,151.36,17.72,1484.08,43.64,145.84,4.64,16.96
instance_400,139.84,502.04,97.8,80.96,103.0,605.4,311.64,139.12
instance_578,8.48,28800.0,3.28,28800.0,5.44,28800.0,18.36,9.08
instance_341,28800.0,56.24,28800.0,557.48,28800.0,99.8,1440.92,28800.0
instance_779,49.56,28800.0,67.44,1979.4,44.96,28800.0,365.28,49.48
instance_612,2.0,632.12,0.6,4826.36,0.68,28800.0,3.6,1.92
instance_560,2.56,39.8,1.52,103.68,4.24,38.48,2.08,1.6
instance_275,28800.0,1658.2,28800.0,71.8,28800.0,4788.8,1509.92,28800.0
instance_582,18.96,28800.0,6.68,28800.0,17.24,28800.0,520.96,3.44
instance_1155,9.12,28800.0,6.2,28800.0,8.64,28800.0,26.36,6.48
instance_544,28800.0,2701.84,28800.0,14942.2,28800.0,5975.4,2674.52,28800.0
instance_1136,96.8,28800.0,30.8,28800.0,67.36,28800.0,465.56,304.44
instance_1079,107.92,0.12,154.52,5.0,150.4,0.12,0.88,89.68
instance_603,11.68,28800.0,9.92,287.2,11.32,28800.0,122.2,10.32
instance_778,772.8,7.76,2766.12,18.12,3853.4,7.56,7.36,1126.48
instance_414,1241.88,28800.0,1257.32,285.68,1159.44,28800.0,28800.0,1214.92
instance_42,19.52,28800.0,9.36,70.96,20.24,28800.0,1457.96,12.68
instance_592,373.04,28800.0,654.2,28800.0,549.04,28800.0,28800.0,274.96
instance_795,28800.0,28800.0,28800.0,28800.0,28800.0,28800.0,11303.56,28800.0
instance_997,3.28,8.08,0.92,22.16,3.44,7.84,3.52,3.04
