instance,COMiniSatPS_Pulsar_drup,CaDiCaL,Candy,GHackCOMSPS_drup,Glucose_Hack_Kiel_fastBVE,Lingeling,MapleCOMSPS_CHB_VSIDS_drup,MapleCOMSPS_LRB_VSIDS_2_fix,MapleCOMSPS_LRB_VSIDS_drup,MapleLCMDistChronoBT,Maple_CM,Maple_CM_Dist,Maple_CM_ordUIP,Maple_CM_ordUIP+,Maple_LCM+BCrestart,Maple_LCM+BCrestart_M1,Maple_LCM_M1,Maple_LCM_Scavel_200_fix2,Maple_LCM_Scavel_fix2,Minisat-v2.2.0-106-ge2dd095,Riss7.1-fix,Sparrow2Riss-2018-fixfix,YalSAT,abcdsat_r18,cms55-main-all4fixed,expGlucose,expMC_LRB_VSIDS_Switch,expMC_LRB_VSIDS_Switch_2500,expMC_VSIDS_LRB_Switch_2500,gluHack,glu_mix,glucose-3.0_PADC_10,glucose-3.0_PADC_3,glucose3.0,glucose4.2.1,inIDGlucose,smallsat
sat/10-3-13.cnf.bz2,5001.010031,5001.009824,5001.00951,5001.010872,5001.008353,5001.009658,5000.533126,3451.663835,5000.751084,5001.009295,5001.009319,5001.008094,5001.009204,5001.00741,5000.765803,5000.852432,5000.578051,2581.476053,5000.709091,5000.034513,5001.009075,5001.01,5000.897188,641.1024051,2709.617786,5001.009161,5000.774586,1799.760677,5000.168122,5001.00956,5001.009941,5001.009864,5001.009259,5001.009499,5001.010223,5000.796941,1456.184481
sat/20180321_110704973_p_cnf_320_1120.cnf.bz2,5000.597134,5000.584078,5000.727966,5000.421446,5000.870646,5001.009087,5000.24744,5000.326639,5000.363293,5000.575652,5000.603737,5000.657045,5001.007234,5000.577605,5000.878905,5000.816241,5000.461084,5000.608619,5000.456343,5001.009258,5000.958604,5000.778135,2.483798981,5001.009797,5001.007733,5000.97098,5000.842263,511.6816471,5000.705083,5000.352582,1001.539583,5000.805652,5001.009975,5000.167341,5000.421404,5001.008134,5001.008439
sat/20180321_110707239_p_cnf_320_1120.cnf.bz2,5000.805724,5000.858728,5000.950339,5000.182113,5000.683456,5000.21079,5000.478826,5000.937062,5000.805069,5000.267074,5000.555162,5000.225749,5000.836801,5000.342024,5000.884895,1142.011101,5000.413008,5000.390565,5000.488146,1555.532447,5000.116223,5001.008854,59.49991202,5001.009719,5000.733194,5001.009185,5000.685626,5000.716451,5000.57479,5000.481975,5000.476916,5000.882464,5000.419785,5001.01092,5001.009661,5000.760008,5000.972821
sat/20180321_140823961_p_cnf_320_1120.cnf.bz2,112.5460429,5000.619815,5001.007338,5000.416477,5001.011264,5000.615728,5000.925084,5000.009278,5000.701797,5000.351522,5000.193423,5000.549664,2646.601171,5000.361133,103.379791,5000.258152,5000.454152,5000.366609,4199.900892,3126.153836,5000.723464,5000.121039,0.072888851,4434.477546,2552.888174,5000.371577,5000.386685,5000.803653,5000.199807,5000.944808,2956.25714,242.1208498,5000.041247,5000.04899,822.5826962,5000.560926,5001.008024
sat/20180321_140826713_p_cnf_320_1120.cnf.bz2,5000.697051,5000.973094,5000.343064,5001.007968,5001.010345,5001.007935,5000.150008,5000.709165,5000.850082,5000.273468,5000.196843,576.670754,5000.761246,5000.28498,1923.646809,5001.007494,5000.927374,5000.577937,3899.733683,3290.965131,5001.008078,5001.008783,0.051163912,1543.033786,5000.208258,5000.986853,5000.797088,5000.634474,5000.55368,5001.008686,5001.008615,5000.219638,5001.009069,5000.826191,5000.55909,2878.572556,5001.009547
sat/20180322_164223076_p_cnf_320_1120.cnf.bz2,5000.576265,5001.008141,5000.376095,5000.451335,5001.010033,5001.009649,1510.633594,5000.599313,5000.862725,5000.971249,451.7035229,5000.531061,396.894207,443.7299311,5001.007539,556.3558888,5000.272193,2152.395474,5000.442078,5001.00805,5000.456108,5000.937091,1.317353964,5001.008886,5000.863241,4278.876101,5000.069085,5000.286725,5000.367152,5001.010539,5001.008078,5000.2129,5000.331113,5000.434611,5000.118418,5000.695036,5001.008973
sat/20180322_164226378_p_cnf_320_1120.cnf.bz2,5000.745044,5001.006813,5001.009821,5000.140927,5001.009634,5000.61662,5000.203628,5000.790311,5000.366895,5000.097297,5000.792692,5000.737066,5000.382488,5000.484097,5000.427615,5000.888862,5000.456091,5000.390403,5000.470056,5001.009148,5000.634973,5001.008836,0.062966108,1405.139398,5000.369632,5000.051727,5000.595098,5000.709768,5000.180844,5000.472892,5000.67371,5001.011027,5001.00998,5000.612446,5000.76286,5000.073106,5001.009677
sat/20180322_164226661_p_cnf_320_1120.cnf.bz2,5000.835423,5000.131113,5001.000167,5000.931006,5001.008116,3567.445316,5000.962125,5000.320057,5000.6361,39.58516407,5000.675073,5000.801327,5000.21931,5000.403079,5000.622144,5000.615929,5001.007532,5000.642055,5000.309461,1709.018449,5000.671879,5001.010953,0.108160973,5001.009764,5000.475941,5000.076187,5000.307924,5000.933833,5000.63651,5001.009972,5001.009293,5000.994785,5001.009386,5001.009028,2563.889155,5001.007126,1853.678436
sat/20180322_164238439_p_cnf_320_1120.cnf.bz2,3224.433778,4467.012433,5000.743215,5000.849368,5001.009693,5000.674073,5000.136014,2889.254313,5000.103101,5000.447143,232.5033898,5000.409478,201.3231668,228.8256021,5000.68417,5000.253259,5000.522492,5000.769474,1798.105635,3901.546407,5000.879156,5000.2491,0.016957045,2459.751327,5000.045229,5000.751939,5000.284067,5000.280044,5000.981957,5001.006124,5001.008828,5000.092072,1611.310439,5001.008579,5001.008784,5000.895839,2711.775202
sat/20180322_164241329_p_cnf_320_1120.cnf.bz2,5000.701899,5000.20009,5000.780126,5000.468859,5000.459373,5000.192404,5000.7003,2789.855635,5000.18316,5000.692433,5000.318093,5000.756106,5000.351139,5000.412227,5001.006943,2212.625881,5000.749037,5000.259975,680.9732032,5001.008137,4201.354286,5001.009991,0.505407095,5001.008698,5000.624712,159.209954,5000.623884,5000.594104,5000.867865,5000.189234,5000.864091,5001.009935,5000.491856,5000.338546,5000.80861,5000.503308,5001.009868
sat/20180322_164241842_p_cnf_320_1120.cnf.bz2,5000.985054,5000.316458,5001.008108,2209.277885,5001.010161,5000.797604,2829.720597,1006.302252,5000.753439,5000.433141,5000.367372,5000.533859,5000.828736,5000.370175,1602.146613,5000.449861,5000.836075,564.8990481,2292.20273,5001.008855,5001.009099,5001.008852,0.3754251,862.428432,5001.00763,5000.629114,5000.324547,5000.85019,46.60006404,5001.008169,5001.008558,5000.119025,5000.49965,5000.345117,5000.012226,5001.006949,5000.675133
sat/20180326_095801070_p_cnf_320_1120.cnf.bz2,5001.002834,5000.74045,5000.309916,5000.515682,5001.009112,5001.010209,3579.049594,893.9119959,257.9025781,5000.628386,5001.007441,5000.470491,5000.287873,5000.555911,1076.327511,5000.783742,5000.774047,5000.518996,586.115809,3437.495198,5000.409104,5001.008296,0.61401701,1235.345136,5000.181092,5000.021034,5000.564144,5000.731603,5000.855989,5001.009235,5001.010337,677.9823942,2752.913174,5000.50122,5000.93593,5001.007608,5001.009045
sat/20180326_095804286_p_cnf_320_1120.cnf.bz2,5000.516836,5000.332534,5000.483867,3229.583084,5001.009966,278.6822319,2174.132657,5000.82408,5000.656026,5000.76565,5000.443103,5000.66792,5000.650878,5000.281832,5000.641273,534.8815711,5000.490066,5001.006815,2236.777532,179.996938,5001.009584,5001.010018,0.467508078,1686.93323,295.716064,5000.645087,5001.006949,269.791332,5001.00995,5001.00968,5000.688364,5000.387117,5001.008139,5000.661325,298.1226151,5001.008432,326.9652369
sat/8-5-6.cnf.bz2,5000.39642,5001.00906,5001.008082,5001.00914,5001.009115,5001.009029,5000.660855,5000.92031,5000.826505,5000.072653,5000.457701,5000.667252,5000.202051,5000.699115,5000.760174,5000.95847,5001.008083,5000.014029,5000.811577,5001.010175,5001.008444,5001.008697,4999.897847,5001.008861,2664.98973,5001.007745,5000.348372,5001.007082,5000.330475,5001.008932,5001.010553,5001.00968,5001.010031,5001.009841,5001.008848,5000.07274,794.5845392
sat/9-4-10.cnf.bz2,5001.00799,5000.556848,5001.009904,5001.010296,5000.898739,5001.008332,5000.431356,5001.007202,5001.008632,5000.656237,5001.010077,5000.449351,5001.007228,5000.696219,5001.007981,5000.791022,5000.980933,5000.069811,5000.884139,5000.914787,5001.011103,5001.008913,4999.898064,5001.009267,5001.008597,5001.008768,5000.95414,5000.607137,5000.931128,5001.011524,5001.008634,5001.009624,5001.008004,5001.009028,5000.076438,5001.009616,5001.010163
sat/a_rphp035_05.cnf.bz2,3073.252932,1963.517656,5000.156794,4861.055966,5000.544662,2707.808557,5000.346278,2384.457494,3919.616268,1357.026053,2264.032209,1471.899342,2082.436647,2084.187234,1474.828385,1736.109148,1237.674871,1653.95272,1464.550743,5001.00983,5001.006898,5001.009959,5000.606282,695.856529,5000.93391,5000.027659,5000.766214,667.3237128,3664.968725,5000.189078,1175.538623,5001.008957,5001.010132,5000.099843,2216.034149,5000.921251,550.3590939
sat/a_rphp045_05.cnf.bz2,5001.007566,5001.008882,5001.009921,5001.007173,5001.008585,5000.281376,5000.682887,5000.829998,5000.570928,5001.009156,5001.007423,5000.677124,5000.18516,5000.863152,5001.007665,5000.030114,5000.651441,5000.310126,5000.561793,5001.009115,5000.499805,5000.294323,5001.007289,5001.009033,5000.694046,5000.469155,5000.474576,5000.780135,5000.884609,1544.831119,5001.010971,5001.010077,5000.678907,5001.008898,5000.79517,5000.022088,5001.010142
sat/a_rphp065_04.cnf.bz2,794.683115,358.7258301,1477.242399,748.727325,1111.441172,2751.771579,3648.182493,5000.328648,5000.30617,857.5773029,979.9881029,938.64698,913.8651149,980.655437,767.8397632,685.9612391,734.0511429,916.655345,780.567775,2551.975176,2018.099728,2169.951558,5000.04999,680.231776,5000.66497,3025.272441,5000.732133,727.871099,4721.115032,1539.368384,1243.91525,847.8099861,1023.652528,1090.038478,713.332464,1095.41462,948.2465439
sat/a_rphp085_04.cnf.bz2,4300.01844,5000.027097,5001.009624,4671.815806,5001.009269,5001.010093,5000.535862,5000.354809,5000.906781,5001.008064,5000.974674,5000.583359,5000.581332,5000.621077,5000.658765,5000.379085,5000.101991,3241.28508,3500.902693,5001.009083,5001.009138,5001.009078,5000.810466,3248.324459,5000.785722,5000.907901,5000.680694,5000.525915,5000.466101,692.5189788,5001.008497,4695.731001,4900.307682,5001.009306,3304.873161,5001.010423,4426.067115
sat/a_rphp098_04.cnf.bz2,5000.96579,5001.009781,5001.009107,5001.007275,5001.00909,5000.621048,5000.447211,5000.325094,5000.700111,4999.977555,5000.605122,5001.006777,5000.280217,5000.100681,5000.31642,5000.838499,5000.504635,5000.698155,5000.321152,5001.007693,5000.25109,5000.690088,5000.428746,5001.008848,5000.345111,5000.547763,5000.424435,5001.007094,5000.367677,542.4248078,5001.008665,5001.008433,5000.065728,5001.010034,5001.009065,5001.009071,5001.009103
sat/ad-A-3-7-17.cnf.bz2,5000.497165,3571.853517,5001.007465,5000.379077,5000.542093,5000.300623,5000.701738,5000.10202,5000.657182,5000.416073,5000.720033,5000.596221,5000.724526,5000.177182,5000.086111,5000.702215,5000.463198,5000.612789,5000.165601,5000.169439,5000.471472,5000.393961,5000.923375,5000.610058,5000.895044,5001.007346,5000.332167,5000.552951,5000.465086,5000.469118,5001.011124,5000.880762,5000.712632,5000.872201,5000.65483,5000.830153,5001.008912
sat/ae_rphp035_05.cnf.bz2,1897.202175,1493.498011,5001.008865,2646.675583,3387.670035,2924.117026,5000.858052,1690.393339,1888.340835,757.0873849,1135.166238,1121.270978,1047.315082,1134.657479,767.9975848,721.7378469,730.197644,749.996289,880.8799369,5001.010095,5001.010052,5001.009264,5000.50437,486.3276401,1092.949179,1580.92378,3013.876508,371.5947571,2942.673183,5001.009656,319.7376571,4552.88194,5000.055287,3911.684149,920.451721,3231.576302,429.395421
sat/ae_rphp045_05.cnf.bz2,5000.843298,5001.009418,5001.008088,5000.951985,5000.76719,5000.609271,5000.771114,5000.814198,5000.224087,2305.125635,5001.008082,5001.008119,5000.4342,5000.859212,5000.566206,5001.008519,2046.169666,2500.651631,2513.032989,5000.688566,5000.743729,5000.381754,5000.239643,5001.009045,5000.328701,5000.96099,5001.007384,1214.598822,4429.468622,2071.188962,1687.196186,5001.009289,5001.008846,5001.010021,3983.045803,5000.247129,3117.465063
sat/ae_rphp055_04.cnf.bz2,222.9907951,191.8615739,512.628551,228.1047878,375.724932,914.4608541,545.2301159,550.1415172,782.6647861,236.630743,324.1137869,277.136014,308.2697148,324.0048409,283.46983,246.154644,273.324219,273.2640381,303.1428578,691.4044931,702.410331,633.574199,5000.111424,5001.009514,537.8154662,598.2143319,1224.248456,164.9307811,2754.917064,2769.77247,162.4589949,363.451102,371.775718,371.056571,193.9053559,344.8160939,320.893533
sat/ae_rphp062_05.cnf.bz2,5001.007583,5001.008485,5001.00949,5000.588269,5001.008667,5000.724617,5001.007512,5000.49184,5000.366062,5000.758325,5000.667576,5000.947087,5000.368114,5000.582722,5000.378275,5000.462912,5000.583268,5001.00711,5000.96324,5001.010064,5000.657562,5000.838935,5000.457707,5000.622929,5000.260122,5001.008143,5000.377831,5001.010903,5000.263105,744.8450351,5001.008304,5001.008897,5001.008278,5001.008072,5001.008814,5000.816667,5001.008911
sat/ae_rphp075_04.cnf.bz2,1736.329442,1143.717933,3510.399294,1658.86599,2968.582593,4412.22455,3117.238205,5000.728777,5000.511539,1750.501222,1535.503209,1365.956414,1427.827207,1555.429761,1111.907804,980.1931129,1215.76795,1170.002321,1313.457391,5001.009947,5001.008656,5001.009089,5000.007841,1468.594967,3564.494417,5000.044607,5000.274367,858.9733679,4785.536753,769.7291081,847.7660949,3222.75584,3323.817162,3626.669225,1170.325339,2781.219736,1455.713687
sat/apn-sbox5-cut4-symmbreak.cnf.bz2,5000.886027,5001.009739,5000.911039,5000.928052,5001.009693,5001.009926,5000.978728,5000.119145,5000.984918,5001.008068,5001.006957,5001.008918,2167.703637,1966.893698,5000.555115,5001.00739,5001.009487,5000.622591,5000.483509,5001.008719,5000.809091,5001.009814,5000.408258,5001.010135,5001.010509,5000.287222,5001.007185,5001.008116,5000.84698,5001.009927,5001.009471,5001.009742,5001.007967,5001.009207,5001.009226,5000.088857,5001.0085
sat/apn-sbox5-cut5-symmbreak.cnf.bz2,5000.450027,5000.498243,5001.008893,5001.008821,5001.010151,5001.009201,5000.26883,5000.839272,5000.382463,5000.532077,1210.714535,5000.659293,5000.164254,5001.007099,5000.259769,5000.108563,5000.573876,5000.775111,5000.057708,5001.008816,5001.009188,5000.690396,5000.739407,5001.008847,5001.009019,5000.038008,5000.574248,5001.007041,5000.618437,5001.009029,5001.01003,5001.010032,5000.437197,5001.009695,5001.008674,5000.706301,5001.009847
sat/apn-sbox6-cut3-helpbox26.cnf.bz2,1214.868529,5000.702124,5000.480104,5001.008083,5001.009133,5000.159986,5000.707542,5000.528739,5000.336091,5000.689405,5001.00761,5000.551289,5000.760371,5000.441061,5001.006755,170.539187,157.4685688,5000.922973,5000.046941,5000.019396,5001.009684,5001.007912,5000.690794,5000.861762,5000.884883,5000.360388,5001.007854,5000.620459,5001.008079,5001.009524,5001.008626,5001.009361,5001.009034,5001.008301,5001.010956,5000.993431,5001.00908
sat/apn-sbox6-cut3-helpbox31.cnf.bz2,243.5697401,803.088311,5001.008211,1727.180436,102.922859,2382.997339,607.6403642,2275.344868,493.5305309,470.5284369,234.6876769,602.4614031,233.875423,233.529422,438.1283231,598.6398799,444.383914,356.202841,365.8628888,1313.915484,5001.009363,5001.009868,5000.023225,979.2055759,1053.928491,2091.736978,418.1140339,435.7670751,3046.446356,1285.614136,1176.557669,2346.557568,2923.685116,119.416203,228.8826699,2667.480559,594.629796
sat/apn-sbox6-cut4-helpbox28.cnf.bz2,2745.117233,5000.499735,3795.472671,869.216095,5001.009083,5001.009687,1294.459792,1119.796102,560.4763241,3931.852499,5000.582248,3347.53764,5001.00802,2832.555042,5000.281027,2602.443141,5000.400554,5000.812206,1503.484712,5001.009951,5001.010128,5001.00861,5000.866242,5001.008242,5000.909805,5000.866776,5000.743971,699.6416399,5000.610119,5001.009858,480.4077151,3298.808671,5001.010159,5001.009502,1688.492934,5000.910843,1548.676608
sat/apn-sbox6-cut4-helpbox29.cnf.bz2,1557.239366,3907.498465,5001.009117,5001.007319,5000.124102,2680.200046,1205.976217,481.2218719,4313.197903,1086.715726,1218.950833,1300.810806,1210.485813,1226.541699,396.1253362,5000.596377,980.3577602,464.2414839,599.6475739,5000.29134,5000.920512,5000.158591,5000.399996,3374.656067,5001.007564,1520.969275,5000.81561,313.4538269,253.0658319,341.575707,643.4473619,5000.60818,910.9667511,5000.565612,2563.552726,544.9626079,595.380789
sat/apn-sbox6-cut4-helpbox30.cnf.bz2,161.6168549,919.8084011,914.728265,744.403203,683.8385541,2123.444688,768.629863,233.2937901,521.564343,235.2730742,248.4614489,907.6623271,248.650718,244.07216,129.900804,253.1540439,596.6683929,259.5562601,188.715374,529.3687842,3007.502674,2891.632504,5000.001478,114.6274269,2860.695883,4651.407828,3044.109051,372.7781098,3470.703419,16.33754802,555.1918709,376.8004689,5000.344578,767.9551959,283.996634,646.0179629,689.464678
sat/apn-sbox6-cut4-helpbox31.cnf.bz2,2351.642944,295.248841,517.6869719,113.175251,5000.294038,294.527951,184.594816,556.1175489,825.5652831,493.364011,543.6450059,570.9767609,638.2411001,643.0161321,1425.050248,345.717375,100.5603769,648.914027,187.2187741,3379.238192,1681.902822,1617.16444,5000.545979,2011.839727,736.2077658,4344.90188,1898.588699,250.24509,1693.649241,261.8643479,758.3837478,1188.922043,3001.032352,312.1107032,266.967993,44.72051215,1900.111737
sat/apn-sbox6-cut5-helpbox26.cnf.bz2,5001.007232,5000.109956,5000.534127,5000.874942,5000.095406,5000.208344,5001.007083,5000.476637,5000.547041,5000.482914,5001.007146,5000.853605,5000.703258,4808.054908,5001.006829,5000.397355,5000.699922,5001.007012,5000.688643,5000.853665,5001.009006,5001.008807,5000.098153,5001.00846,5000.960162,5000.107948,5001.007301,5000.389022,5000.410285,5001.010001,5000.393274,1796.76351,5001.009956,5001.009769,5000.609012,5001.009585,5001.009672
sat/apn-sbox6-cut5-helpbox28.cnf.bz2,157.4517479,3902.454558,5000.819705,5000.696527,1511.432928,5000.258717,5000.063218,5000.970088,3544.777312,5000.497649,5000.745434,5000.088054,5000.860057,2556.964292,5000.749598,1336.649978,3180.239891,5000.663624,5001.007468,5000.233874,5001.00884,5000.843866,5000.797336,367.40504,2690.055843,5000.180064,5000.593369,5000.462145,4614.461356,5001.008943,5001.009324,2153.246809,5001.010195,5001.009028,4300.561381,4929.036287,2091.650932
sat/apn-sbox6-cut5-helpbox29.cnf.bz2,246.0716951,2622.272697,885.3045008,1722.748242,2021.153139,2560.406862,3215.778993,1107.346561,5000.230116,474.1886361,572.0656309,2995.702758,574.607506,570.1864271,2156.457219,332.0333431,3145.152173,282.1928639,549.353246,5001.009419,263.711957,255.5656838,5000.572884,5001.009803,5001.007809,1563.127379,454.7685139,809.3831241,845.8497441,3967.153535,615.400614,5001.0088,2939.270216,5001.008268,684.7384608,5000.915391,4281.994236
sat/apn-sbox6-cut5-helpbox30.cnf.bz2,351.4706991,486.1922231,579.9216001,214.367245,1209.621438,136.3628151,1529.69847,1682.253264,323.8654451,513.3637161,979.7758801,1650.288296,975.5410609,971.3404529,1410.241876,502.5393991,1155.580033,456.048167,236.711129,513.6976361,5001.008551,4884.447345,5000.281456,931.837451,2381.79484,1228.457899,490.456686,473.616482,288.6204391,1769.499974,832.398881,1409.143468,1212.49493,463.6074069,1279.921387,1106.995779,248.1355829
sat/bibd-16-80-15-3-2_glb.cnf.bz2,28.86439514,1.509953022,78.45829415,11.44833803,68.80199003,97.73436093,73.789325,5.948261023,12.73908186,45.67768717,16.29908109,20.7610898,16.79929113,16.34291506,5.901078939,7.000804186,6.99990797,58.54751587,57.68761301,8.832087994,72.87456989,68.25517797,5000.199589,2.853637934,38.72734404,247.373085,8.65822506,6.018194199,51.73733592,4.372839928,78.52218008,93.73954201,58.26082683,85.84692383,80.97776294,8.637381077,6.009315968
sat/bibd-19-57-9-3-1_glb.cnf.bz2,0.226540089,0.875118017,1256.426093,659.0738029,92.14736104,6.389042854,104.229984,4.254924059,27.76911807,47.26338911,6.134316206,25.12612295,5.956524134,6.154577971,5.865354061,6.735234022,6.748646021,38.13450003,40.42290092,501.953861,456.5046701,447.713635,5000.235741,0.607501984,48.17411995,613.0720549,4.609019041,13.07200694,67.95809698,1796.17767,213.5161068,207.0216329,992.7539291,87.58193803,284.40874,229.5037901,0.496339083
sat/bibd-8-70-35-4-15_glb.cnf.bz2,5.13924408,34.66311908,34.08562517,18.54345489,71.37981892,102.75542,159.8694279,20.78248501,10.77397084,18.14807916,40.81444192,43.80007601,45.79325485,45.8683629,35.82078981,41.47914886,44.2051599,28.043648,36.35110497,80.72605085,51.21773696,49.24355006,4999.991817,48.51021791,23.31379604,59.31838393,89.74698806,35.85616088,64.64845395,27.87086606,35.19556594,66.27801585,29.82926512,65.41281295,58.31944013,50.49933004,32.88923883
sat/bx-d-4-7-6.cnf.bz2,5000.41799,5001.007872,5001.009565,5000.203793,5000.670937,5001.009084,5000.336626,5000.980177,5000.10407,5000.678349,2452.203326,5000.608169,326.9835348,328.2414699,5000.6751,5000.197103,5000.622066,5000.622172,5000.480933,5001.008689,128.3316419,131.3881309,5000.24289,5001.009727,5000.370687,5000.158631,5000.880646,5000.589124,5000.057129,5000.791861,5001.008696,5000.123036,5001.010759,5000.03364,5000.692757,5000.118129,5001.008901
sat/bx-d-4-7-8.cnf.bz2,5000.082996,5000.310331,447.578388,5000.853962,5001.008519,5000.928021,5000.53547,5000.657132,5000.340207,1730.651288,5000.211981,5000.447469,5000.99314,5000.389139,5000.417311,5000.335178,5000.493404,5000.458531,2953.068444,5001.009729,137.7516029,136.571223,5000.013336,5001.009384,5000.605598,5000.073627,5000.235144,5000.584995,5000.249954,5000.396048,5001.00788,5001.008916,5000.160715,5001.009158,5001.006027,5000.403036,5001.009056
sat/by-alt-5-7.cnf.bz2,5000.558819,893.7093349,5000.202894,5000.780035,5001.010049,5000.186103,5000.342163,5000.290119,5000.222445,5000.412772,5000.566013,5000.614093,5000.156318,5000.713029,5000.156972,5000.698189,5001.008139,327.07074,5000.095942,5000.978674,70.29847097,68.63482809,5000.299492,5001.009952,5000.121115,5000.162337,5000.721756,5000.582981,5000.26192,5001.01003,669.330642,5000.937999,5001.009222,5001.009218,5000.074235,5000.774017,5000.342039
sat/Cake_9_20.cnf.bz2,5000.882646,5001.007898,5001.011057,5000.791638,5001.009665,5000.57173,5001.007118,5000.117226,5000.978292,5000.588976,5000.754857,5000.861977,5000.013938,5000.316893,5000.015943,5000.615126,5001.007652,5000.667025,5000.104116,5000.11713,5001.008433,5001.009119,4999.987868,5000.883773,5000.116407,5001.009078,5000.219028,5000.717139,5000.312096,5001.009094,5001.007871,5001.010008,5000.105001,5000.407068,5001.008047,5000.266086,5001.011127
sat/cms-scheel-md4-families-r24-c4-p4-9-13-18.cnf.bz2,5000.283661,5001.009099,5001.008448,5000.985234,5001.008582,5001.009875,3038.743248,5000.170984,4850.329909,5000.016161,521.4069469,1124.993803,5000.633238,5000.246969,774.615412,5001.009945,2177.444886,1287.66994,2801.443272,5001.008611,5001.009946,5001.009123,5000.513074,689.5002141,5000.674394,5001.00753,1471.582619,101.267976,2680.168483,5001.00863,4679.090228,5001.009142,5001.009586,5001.009084,5001.008871,5001.010093,904.4084089
sat/cms-scheel-md4-families-r24-c4-p6-13-17-19.cnf.bz2,676.2953911,1174.013741,2400.364378,385.013124,329.0011499,1659.214504,1341.490373,229.5138998,543.9332891,183.3324311,134.1369731,57.12357807,1491.6984,1492.114062,203.8472891,186.7955699,185.7120471,68.24577188,143.9477201,5001.009991,3161.324639,2910.860819,5000.16626,2429.170781,117.9642849,5000.097611,183.4721999,89.72089601,2593.101332,1619.043511,646.626189,1438.723391,1173.287704,330.563798,3249.984657,3602.644116,467.057997
sat/cms-scheel-md4-families-r24-c5-p0-7-10-15-19.cnf.bz2,20.16272998,45.16984105,56.51523399,0.220720053,283.683702,498.2673559,31.12029505,9.018174887,12.76557612,8.630815029,12.40956688,13.94064188,25.81235313,27.800529,10.62938094,12.13185692,11.78381205,16.74354506,16.81202793,148.601346,0.574337959,0.645421028,5000.882995,67.34589696,0.087853909,1219.701887,20.72145605,9.40192008,1404.778701,153.3250921,26.74744701,108.94642,70.87049103,259.5146439,294.8183329,93.3503828,5.907115936
sat/cms-scheel-md4-families-r24-c5-p1-8-13-18-19.cnf.bz2,2196.501367,3379.46851,5000.423124,646.9463661,5001.009309,5001.008782,5000.96415,247.943392,205.2674561,348.8556471,277.4573181,163.535955,420.210844,422.9009299,172.1621079,390.5612779,289.0660429,378.25915,279.4148159,5001.009912,5001.008058,5001.009461,5000.380076,135.907866,520.0124099,5000.329579,641.578851,409.0157008,2567.044886,5001.010131,5000.81651,5001.009013,5001.009063,5001.009152,5001.009418,5001.009567,1678.281492
sat/cms-scheel-md4-families-r24-c6-p0-5-10-11-17-18.cnf.bz2,495.6764469,1.55379796,965.0409579,1465.971572,2406.804028,80.98011398,625.475894,182.1295509,414.83497,270.7769208,0.906671047,0.684710979,0.936933041,0.918489933,227.4297881,0.872339964,0.874415159,419.56883,239.255816,5001.009631,646.5779021,552.6193972,5000.397209,2.606366873,5.025042057,115.283669,325.0249081,72.81753302,2500.758591,2117.697714,2370.155779,3202.262234,331.6835542,2837.406365,3480.489787,1783.548969,798.2936261
sat/cms-scheel-md5-families-r24-c11-p1-4-6-9-10-11-13-15-17-18-19.cnf.bz2,26.16897798,28.28857303,106.386024,3.066174984,407.0812678,269.0175939,64.98239493,15.13431096,15.39488816,11.57502007,13.15533519,9.244674921,12.97955894,12.69815302,11.24176383,12.14247394,12.21654415,24.52957702,15.67303681,79.36677408,354.284096,343.6654918,5000.890077,11.66239905,31.833426,626.6295779,17.80810189,9.895290136,2504.811485,232.2874172,162.961087,290.659385,287.0066049,403.0398951,376.4859252,284.8774359,18.99664402
sat/cms-scheel-md5-families-r24-c5-p2-7-8-15-19.cnf.bz2,5000.089029,2627.99577,5001.009282,1981.56977,5001.010116,5001.010021,5000.573379,2794.514144,1989.633249,535.1180961,678.7794321,376.8832102,2411.443911,5000.994866,137.7222021,270.4560161,267.557219,435.6519151,915.1166291,5001.009367,5000.937701,5001.010061,5000.236597,852.3112228,952.673856,5001.008519,2150.214424,547.962189,2600.937147,5001.010246,5001.010145,5001.009138,5001.009337,5001.008969,5001.010073,5001.00976,2350.916293
sat/cms-scheel-md5-families-r24-c5-p6-11-15-16-19.cnf.bz2,75.04847693,5001.007923,5001.008018,2486.067479,5001.008232,2781.681802,2.376256943,178.8342872,24.0780592,10.585953,1764.234769,1.709161997,1099.253103,955.6709552,5000.055971,768.8355918,299.7395959,132.8242071,166.685668,2167.652053,2.241765022,2.286671877,5000.431674,1170.370461,369.7353959,98.28640604,129.3865089,678.3300302,2781.950233,1381.842006,5000.612601,5001.007939,5001.009768,5001.010066,2590.959708,5001.009096,3250.365848
sat/cms-scheel-md5-families-r24-c6-p1-4-6-13-14-18.cnf.bz2,1385.448265,5001.010026,5000.176667,5000.424856,5001.010059,5001.009165,5000.89349,2055.821649,2383.597144,434.824275,250.852495,1221.602489,2182.125582,1998.893668,2159.229382,1315.27828,936.628792,362.8030639,524.6627779,5001.007872,5001.00923,5001.009245,5000.178121,4246.7326,1998.885808,5001.008604,4020.098121,1868.216337,2769.632291,5001.009321,5001.008795,5001.00821,5001.010016,5001.011898,5001.009143,5001.009354,5001.008485
sat/cms-scheel-md5-families-r24-c7-p1-5-6-12-16-18-19.cnf.bz2,1712.671676,3627.558902,5001.008536,1809.108787,5001.008847,5001.010059,5000.714395,998.746151,1164.462808,613.012455,676.7207651,126.314682,278.173142,280.1650491,639.0545402,330.7072501,262.6324379,1003.982777,340.2513499,5001.008733,5001.008982,5001.008172,4999.98411,1446.953625,2092.312924,5001.00965,5000.777905,628.145474,3191.991583,5001.009343,5001.009739,5001.009172,5001.009723,5001.009478,5001.008628,5001.009119,753.924891
sat/cms-scheel-md5-families-r24-c8-p0-3-5-6-14-16-18-19.cnf.bz2,1617.82393,2682.050464,5001.008384,3715.253632,5001.010084,5000.017806,5000.629062,188.946656,3719.683776,136.4929399,329.2732959,561.6084569,282.8366032,290.4060922,304.3863199,1193.522917,186.868398,353.139961,133.4659622,2318.725556,5001.009119,5001.010129,5000.802049,478.825361,947.6514161,5000.508046,1782.621335,318.828187,3479.401973,5001.009219,5001.009624,5001.010127,5001.009399,5000.811898,5001.008042,5001.008683,1293.46851
sat/CNP-5-0.cnf.bz2,268.4596598,3467.063668,5001.008406,5000.91775,5000.367672,5001.008479,5000.017037,1558.499059,180.2325721,1221.95993,1451.732437,258.1133931,1770.816992,1495.436839,5000.53088,5000.834981,1520.256946,2568.089242,1049.218745,5001.00825,2682.324609,2585.540657,7.281171083,5001.018749,1069.062055,5000.0219,211.5030429,4401.718275,5001.007717,5001.009337,5001.008213,5001.009459,506.3987732,5001.010444,5000.440003,74.19613791,756.8711698
sat/CNP-5-100.cnf.bz2,2239.573686,5001.010152,1185.756902,5000.4921,5001.009183,5001.008886,408.781889,1133.556266,894.372844,2055.308537,5000.014241,546.0820959,4067.210125,5000.314135,4149.891485,5000.159161,2184.178909,282.104372,2610.348142,510.703604,5001.009981,5001.009243,10.70753789,5001.008515,2165.117376,1443.287966,375.0219281,5001.007353,5000.436024,5001.008203,5000.883898,3171.541832,1965.675958,5001.009577,5000.098378,5001.008585,5001.009589
sat/CNP-5-1300.cnf.bz2,279.490236,4562.844575,787.917407,51.32788515,3164.010061,273.9954031,674.059938,123.3281851,582.2435529,188.183301,59.74372602,161.7248399,369.32109,364.8880761,1390.160275,2212.338413,176.016062,314.4922252,545.133635,92.41128206,530.4516921,627.5842872,31.25099707,716.4264421,568.6467969,2039.330953,195.5645041,447.533397,2723.684649,872.750644,5000.834117,181.7468719,218.726347,3123.021214,874.648581,375.8712621,5001.00966
sat/CNP-5-1600.cnf.bz2,26.10263085,3543.662756,552.7229078,2.255767822,853.311528,5001.008901,335.0089319,93.49217391,124.145967,58.64496088,197.2683671,86.5660491,300.937278,301.8574481,903.679019,20.27632689,20.37438011,224.032608,779.436604,199.9493709,499.4012392,495.264709,20.68018913,453.2120709,814.1523032,546.073838,75.8466568,448.676569,174.245209,102.277252,4335.389759,1059.603193,816.0383592,863.3960578,379.1680911,325.6069119,883.7084019
sat/CNP-5-1800.cnf.bz2,56.78601503,4090.862661,22.12720108,34.01300311,273.4570839,1624.909999,256.0235949,0.563272953,24.11943197,100.0968549,37.43155813,584.289185,23.32727599,21.53239489,285.9351792,76.06301713,270.4388371,692.9393659,42.23059511,87.11885095,266.5366549,245.2971809,3.748018026,182.13311,286.4172421,604.7207329,45.11016297,389.3999519,2816.230679,196.984231,31.43014908,31.96776795,83.77663016,277.783221,263.6644139,97.351264,1104.304149
sat/CNP-5-1900.cnf.bz2,79.5411849,2663.60488,172.020031,251.4487832,61.55753899,5001.009102,412.346282,212.615376,334.579721,202.9208159,483.936033,282.9925189,654.296453,777.7765801,467.0392611,3.858130932,3.858582973,148.759341,755.8120022,13.05088019,352.54633,297.231539,2.87216115,443.2075489,216.9312129,1226.313162,47.58647299,134.015909,2231.590515,33.61350179,140.469089,176.3511732,299.1161199,53.42744493,41.10282111,125.2699862,631.5050378
sat/CNP-5-300.cnf.bz2,207.9513271,5001.009678,5001.010245,172.722044,5000.057416,5001.009134,1353.35326,555.597923,137.0197079,5000.48689,5001.007528,339.274121,1246.710847,1230.378479,5000.950158,1833.755799,1214.203257,2043.497891,2475.003935,1246.844373,5001.008302,5000.999192,6.872211933,708.734349,1378.209882,5001.009352,492.2570491,2041.493311,3245.332781,5000.897675,5001.009731,2430.49614,4704.860308,5001.009656,3356.423415,4341.551584,1390.389975
sat/CNP-5-400.cnf.bz2,788.210402,4493.259909,5001.009845,140.4147151,5001.009142,5001.008984,584.8754001,538.802408,1082.275904,541.0986021,1108.097571,609.3713961,5001.007431,2496.336718,5000.616786,1909.424657,1666.542296,1346.018844,1761.320455,283.2232392,5000.76468,5001.008785,1.389778137,725.1651111,5001.00697,5001.011029,217.94751,116.847116,5001.008233,410.1360412,5001.009643,27.49283385,27.60830712,5001.009042,1036.674182,5000.845328,2827.093837
sat/CNP-5-500.cnf.bz2,875.9488251,5001.008695,1143.469112,495.2538631,5001.010145,2301.857306,97.09683609,205.3164728,811.9824882,5001.007715,1120.291578,3758.519512,2472.622862,5000.035418,5000.977764,213.4409699,1068.620719,2488.351432,548.8718019,1343.642177,1723.746235,1338.682887,36.52210283,891.942795,103.6324,5001.009341,470.037467,5000.215011,962.27527,5001.009916,4985.600422,1503.855246,1246.400543,5001.008556,2054.781905,1554.503322,5001.01012
sat/CNP-5-600.cnf.bz2,120.4207861,1396.252421,5001.007902,2801.903163,5001.01116,5001.008945,245.4235339,485.153126,201.7143521,1605.170039,192.1507711,725.455215,4346.010088,5000.701108,3469.708924,1145.012328,495.9266799,309.661854,1387.152267,204.6580579,1182.803266,1158.533958,10.50166488,765.535748,177.415133,5001.009571,1571.53822,156.2920029,1932.428273,509.7267451,5001.009186,5000.589029,98.19951391,5001.009734,5000.830647,5001.009058,938.976799
sat/CNP-5-700.cnf.bz2,515.0070641,5001.009594,5000.598168,1058.333977,5000.194112,5001.008058,2191.35016,1070.68402,596.363903,60.68463993,2209.582271,1323.275382,2486.510253,5000.607167,5000.82715,1998.925134,631.4416609,122.877357,966.0755978,398.138145,501.8568649,602.1780889,1.423465014,1474.636787,3957.593697,2984.28353,379.928525,2036.795885,3085.570594,5001.007868,5001.009353,1748.399915,5001.009135,5001.009358,5000.526941,1677.435133,5001.008571
sat/CNP-5-800.cnf.bz2,135.5880151,5001.00941,5001.008991,5000.792057,2843.938054,5001.010972,4663.930013,211.5824871,268.5658951,2295.67673,1813.567104,862.9703729,122.7556598,121.169153,2490.874577,2880.397896,527.9246931,56.70696521,135.982558,98.61897111,4529.821254,4605.617164,12.38882494,5001.009781,402.421288,5001.009435,773.715502,1717.018141,5000.57324,1548.119434,5000.191117,465.1857939,1357.880366,3582.038219,249.6922259,760.47418,1502.782307
sat/course_flat_0.12_2018_3_1.cnf.bz2,3560.4447,2491.495153,1037.790074,5000.496664,1460.47692,5001.009474,2902.999004,1149.159916,310.0962191,2974.403266,2630.456244,2775.976622,2934.354572,2996.06686,3082.20568,2732.863055,2944.557428,5000.223728,5000.184509,3376.273669,476.7139962,468.1015031,5000.399799,5001.009829,1239.499979,1452.605213,1604.178783,3955.107333,312.397357,3744.953392,474.3419271,1104.664551,605.5188811,834.204031,1555.947358,2031.151812,5001.002003
sat/course0.16_2018_3_5.cnf.bz2,2102.31664,4198.15205,4760.052876,1356.320091,2422.401279,2038.885425,1321.902666,5000.426528,1071.296361,2481.138887,1298.328057,4266.925681,1088.858473,1282.89841,2007.741284,985.830116,4405.751366,1635.481031,5000.915156,4218.430056,3639.266675,2943.814272,5000.705014,5001.009971,1883.188696,5000.666467,5000.861174,5000.264739,2769.027589,5001.008639,5000.701384,3852.7074,2554.934817,5001.007751,2891.110357,3740.234349,5001.010103
sat/course0.2_2018_3_5.cnf.bz2,357.670866,155.6564391,292.6476409,352.649945,376.1194818,339.494072,371.0123351,259.810452,314.118706,234.3402059,307.306567,430.75172,281.5540869,307.872087,268.3333771,254.0404201,299.335716,611.990376,482.091928,481.470516,433.8488479,422.5489311,5000.224621,361.4871359,435.5541532,875.9833531,323.5785759,98.32159495,707.795861,230.4458749,346.193881,651.197067,717.861634,658.0959251,708.6142621,796.1799898,135.026433
sat/course0.2_2018_3.cnf.bz2,4210.053039,5000.856641,2906.535775,5000.135514,1966.363318,998.186548,3929.369842,1969.750245,1476.950392,652.087141,3611.470744,2467.243142,5001.007922,3264.878258,2496.093935,1638.742127,1991.485877,5001.008136,3043.303405,1326.094639,4909.064809,3878.498789,5000.277619,3787.932919,1099.817065,5000.561138,3484.697153,843.6137772,5000.071672,4000.617182,3576.88388,5001.010223,5000.38837,1007.15661,5001.009101,3316.601312,888.469573
sat/courses0.2_2017_9.cnf.bz2,2247.80226,5000.29115,1114.570025,2166.76074,1531.486097,2685.888859,4548.367407,1040.21766,1420.500202,810.3872221,1741.314837,2654.326245,1446.496166,1716.965321,160.071537,2192.672265,1673.228581,640.4501429,737.4840879,1492.914507,5000.048086,5001.008463,5000.394527,3118.258891,510.7073932,5001.007126,2799.137919,3670.909939,2699.383124,3176.878355,248.0355399,5001.009425,2698.77685,3919.360726,2849.462302,3294.221781,643.3326449
sat/cz-3-7-7.cnf.bz2,2531.065757,1182.144586,3855.328526,2040.308268,2183.401331,1655.44827,2232.399853,1927.37135,3010.614469,1168.051282,1522.456067,1180.326972,1281.787325,1522.945472,1338.690745,935.7051749,1354.052916,1422.60441,1528.731365,5000.738984,5000.822545,5000.129709,5000.598612,1642.323039,935.6313989,2558.882487,2826.114698,1381.321902,2994.96563,4023.717396,2604.45093,2583.634257,3666.790114,2241.612055,1823.139599,2443.731224,1058.856335
sat/cz-d-4-7-5.cnf.bz2,5000.754685,4947.145218,5000.870064,5000.799221,5001.009893,5000.093998,5000.674886,5000.244501,5000.856107,1303.508853,5000.484931,5000.32984,5000.304408,5001.00802,5001.006868,984.0916901,5000.406177,5000.195116,5000.8192,5001.013231,665.900728,645.661876,5000.500983,5001.011154,5001.006835,5001.008816,5000.659148,5000.659984,5000.45012,3909.801686,362.317975,5001.008649,5001.009926,5001.009037,5001.007318,5001.007982,5001.0072
sat/dist4.c.cnf.bz2,222.5817609,101.871557,277.1059301,331.8682151,321.7090418,178.677047,236.3560181,196.7997689,210.264782,192.598326,153.887429,146.1479881,147.3327801,147.0311611,155.885864,164.29422,169.263859,187.599417,196.2400229,914.9317911,5001.010193,5001.008593,5000.198751,229.610904,109.8055968,339.8425019,240.915417,174.6535089,211.8595378,365.177345,306.4087479,405.9710178,505.6468029,331.7814519,314.889256,370.2890911,174.5566659
sat/dist5.c.cnf.bz2,218.5927632,114.4002712,294.290514,292.423115,359.021461,198.752696,251.5194769,232.100136,223.5607901,188.969552,161.785984,158.8760459,160.8395729,161.6857631,182.714067,170.366729,157.5728581,198.384593,174.5400012,1041.152114,5001.00993,5001.009908,5000.14184,256.622117,110.123271,413.7589741,242.8965738,194.797303,276.0301068,502.7262111,353.2268169,502.9296811,592.4454591,411.753165,385.777905,5000.677081,138.942955
sat/dist6.c.cnf.bz2,237.274791,102.8657789,316.6201069,302.2358019,349.6871059,195.776185,256.3142052,234.365335,228.4958789,196.375349,154.1982548,163.940105,160.7330601,167.468807,171.5617449,184.185781,184.344116,216.8016222,210.0718119,701.876158,5001.01016,5001.0087,5000.417068,166.652168,108.501014,325.9998159,266.83831,178.4958148,265.201715,667.9401119,279.010165,321.417213,436.813432,328.6862891,357.874532,290.9609871,139.9101961
sat/dist9.c.cnf.bz2,221.550648,117.8788481,330.5125999,432.811965,401.5774131,195.562381,251.1491489,228.3246269,239.259552,183.406719,165.1201181,151.1189699,157.1601839,155.992981,196.3945479,178.9489291,180.505476,193.032655,193.8686249,798.584636,500.782232,479.499398,5000.956627,352.1962478,114.233686,372.8566949,240.7896721,195.6582379,249.657052,357.249119,297.541959,374.355957,494.6306808,368.1505661,334.3415921,336.576824,139.436801
sat/e_rphp055_04.cnf.bz2,234.215013,198.778585,487.2765241,206.5760651,306.37023,710.4650149,513.7908452,582.7521949,832.388916,275.805876,311.8415501,280.253051,334.014246,332.598613,260.1791282,256.019176,231.273248,221.1825759,216.2834511,560.186578,530.7913749,516.5114758,5000.01553,3875.786613,382.4465759,625.5391209,1416.738927,158.4734242,2645.668394,3072.865423,149.1162081,373.10585,371.3169701,347.3685451,153.4616601,320.7077458,779.7959471
sat/e_rphp056_05.cnf.bz2,5000.371684,5001.010055,5001.008798,5000.744069,5000.395748,5001.009081,5000.192093,5001.008966,5000.819115,5001.006942,5000.751861,5000.8046,5000.862259,5000.986345,5000.377158,5000.303218,5000.634529,5000.973706,5000.843249,5001.010069,5001.009087,5001.01015,5000.409055,5001.010184,5000.487388,5000.898615,5000.497497,5000.72811,5000.441694,846.605408,5001.009223,5001.010166,5001.009885,5001.00826,5001.009509,5001.008074,5001.008525
sat/e_rphp065_05.cnf.bz2,5000.745161,5001.008992,5000.018438,5000.493113,5001.010032,5001.009875,5000.465078,5000.56501,5000.732305,5001.007172,5000.957144,5000.357997,5000.84626,5000.694158,5000.694229,5000.210284,5000.671763,5000.102052,5000.741927,5001.008825,5000.256841,5001.008688,5000.477926,5001.008837,5000.729036,5000.300932,5000.262209,5001.009785,5000.213013,611.970041,5001.008786,5001.009761,5001.009599,5000.479035,5001.008949,5001.010203,5001.008925
sat/ecarev-110-1031-23-40-1.cnf.bz2,245.3775098,978.1550879,550.0130281,234.624953,393.387311,1779.991631,653.478153,321.2245538,375.1596129,332.004828,458.2473588,349.7578721,290.1429601,255.97124,348.465657,396.1387079,261.133852,374.1951208,269.0016429,2076.692577,1852.577016,1791.976206,5000.056035,286.175396,1445.101468,1848.966406,279.6766689,283.2553251,1488.039837,343.349999,518.7041011,443.0954921,351.047344,417.3440101,356.351404,280.8437822,301.5194519
sat/ecarev-110-1031-23-40-2.cnf.bz2,159.7612469,583.87043,437.894825,196.333349,213.5866432,783.0425899,313.810791,329.951761,168.5308149,122.750659,250.731997,155.3224499,274.977205,311.739603,307.3848779,196.838937,267.1177258,245.1407049,381.9802692,763.6119599,1399.600051,1494.152904,5000.26505,263.655566,995.036422,578.036206,376.2788789,268.9787791,849.598989,257.939491,366.0338318,288.7273269,227.0402279,234.808315,240.985148,221.000726,294.6053932
sat/ecarev-110-1031-23-40-3.cnf.bz2,42.77997208,26.10114098,625.1718249,112.8342619,281.573086,56.74816799,614.2225251,125.433727,171.637922,53.46652293,32.73508596,25.51602602,38.49927402,38.24464989,118.4401031,49.03856111,37.88424706,193.8155179,270.3816481,237.629566,2443.647912,2069.505237,5000.985618,200.8690932,1043.472454,192.870584,710.291497,68.00427699,670.7106552,215.987855,8.424551964,191.0816691,259.365232,322.805968,341.1526639,37.96630597,11.51017094
sat/ecarev-110-1031-23-40-6.cnf.bz2,350.693994,2739.004242,1794.381786,803.498054,1937.889852,5001.009297,5000.622367,878.5500441,911.8560941,630.553297,858.3048129,468.1071901,615.830713,704.9421711,680.1362178,880.118881,811.747757,693.1360521,351.9039669,5001.009384,5001.009269,5001.008227,5000.431386,1726.613956,5001.009043,5000.203109,2312.195404,691.5867019,2526.59778,1023.906057,4025.950388,2146.043839,1320.551882,1768.649762,1569.853735,1282.058722,725.7242589
sat/ecarev-110-1031-23-40-7.cnf.bz2,135.2538641,395.1715982,384.8054421,149.5538709,196.6056559,1016.433856,547.3003221,280.4466121,181.7000499,151.980304,168.109236,259.403398,150.636266,147.3960109,259.104248,298.761739,288.3742828,131.8685238,125.596009,962.5823381,1802.64762,1967.289978,4999.992973,254.6565578,868.6454759,916.1281729,309.0592258,239.7404158,939.2168322,266.771991,286.271389,259.190572,253.265331,290.517518,195.413379,176.5120878,265.614814
sat/ecarev-110-1031-23-40-8.cnf.bz2,315.545032,2680.578994,1402.959079,525.755929,1348.85091,5001.009454,2341.082575,378.11641,1008.212731,319.1237552,401.6405048,444.469008,418.55357,419.314276,560.0098898,734.735841,726.744329,389.947562,341.0677462,5001.008996,5001.009194,5001.012257,5000.257898,983.741672,2590.647244,5001.010082,1236.941411,621.5199621,2513.873434,673.182193,3781.289182,1399.221919,1279.816043,1164.156303,1069.505582,1357.808554,719.497561
sat/ecarev-110-4099-22-30-4.cnf.bz2,164.0984149,819.6132069,481.342212,238.4761491,398.8747621,1153.597111,493.2635262,250.5205169,254.8610611,269.3937879,296.1968222,308.544477,309.734453,317.94699,275.2045932,309.2160921,295.2255199,286.649538,307.246525,875.1213291,5001.010005,5001.008096,5000.439184,502.1583359,2498.350082,2217.622135,663.4292531,282.6669321,1062.548733,428.2751069,529.0683711,336.96927,340.8769119,374.3910868,452.748842,367.8848181,363.248105
sat/ecarev-110-4099-22-30-5.cnf.bz2,163.1493931,692.0741479,534.5018389,250.0915389,370.6474018,898.7540138,433.8462181,194.4580469,270.0908411,206.5230269,253.0468421,298.900382,280.653764,266.689507,244.196821,278.200109,256.6281362,270.9025431,314.0980871,578.46628,5001.009963,5001.008843,5000.36705,468.4710541,1470.280926,1770.222482,513.8579991,248.2194459,991.5603549,337.691638,526.804327,330.754395,327.8098931,375.321578,402.397733,339.8646731,348.2755852
sat/ecarev-110-4099-22-30-7.cnf.bz2,130.7137859,584.2481952,371.3178949,208.52829,293.8735521,475.236583,332.3951619,198.8628619,143.4027078,176.0203829,215.841851,218.9053481,216.7270432,222.9312608,225.4040952,247.382,246.046912,249.3379018,261.8036211,366.226464,5001.010442,5001.00986,5000.456089,394.4996371,1609.503171,1083.763356,395.6668568,204.4787009,827.827503,284.6213758,364.7975621,274.975374,254.6564262,257.6206839,249.10623,298.7205281,268.8810418
sat/ex009_10.cnf.bz2,1776.559163,5000.482081,5001.009067,3332.532635,5000.607263,5000.791077,3830.095832,2106.800045,1489.628354,5000.825537,971.7972119,2386.210606,1085.315865,1088.017801,1222.349773,1648.641628,633.0955291,3755.942567,2825.986852,2206.66753,5001.00983,5000.532101,5000.613559,5001.007557,1208.365487,5000.019396,5000.431628,630.3096528,4394.795411,5000.257216,5001.009154,5000.810251,5001.009465,5001.009257,5000.588373,5001.008932,328.031564
sat/ex025_19.cnf.bz2,5000.250152,2940.676836,5001.008278,5000.811411,5001.009609,5001.009403,5000.736715,5000.882837,5000.30211,5000.496949,5000.142343,5001.007796,5000.455362,5000.618573,5000.204335,5000.710113,5000.829553,5000.853506,5000.636087,5001.009442,5000.344106,5001.009148,5000.899922,5001.010088,5000.805455,5001.008177,5000.614433,5000.648021,5001.011044,5001.008713,5001.010332,5000.847538,5001.009848,5000.712437,5000.289848,5000.820692,5000.279508
sat/ex065_25.cnf.bz2,5000.643584,5001.007225,5001.008787,5000.866065,5001.009639,5001.009551,5000.056209,5000.420027,5000.974975,3761.730026,5000.617643,5000.627728,3697.663797,3067.656279,5000.716179,246.0429471,5000.892128,5000.880954,5000.824592,5001.009835,5001.010133,5000.85482,5000.419705,604.9393771,5000.918331,5001.009591,5000.842144,5000.747545,5000.111164,5000.575129,1254.728977,5001.009087,5001.010115,5000.880798,5001.00906,5001.008953,2069.431756
sat/ex067_10.cnf.bz2,266.2058802,1619.624133,2475.348029,1145.158928,2148.928453,4078.187867,276.388705,127.939713,679.9761109,579.0534589,465.5022061,809.0968859,708.6050909,574.4983079,182.309335,367.4250729,440.7105439,451.3182189,261.2979429,1828.387314,3237.383632,2427.369462,5000.448142,401.0256901,1156.890405,1841.34337,594.6671679,630.2810771,3083.501674,3772.066939,1634.332813,2527.467402,3876.5299,2757.549202,1762.19257,921.3736491,1843.369512
sat/ex157_10.cnf.bz2,3102.412397,143.0982599,3129.954178,2981.521027,2095.715709,1239.838965,382.4058771,132.2561281,359.3785579,254.2968462,290.7577529,455.5761211,652.989152,644.340785,224.09709,1027.425598,270.89148,301.3115058,229.8005409,301.7743411,5001.008828,2615.595544,5000.789191,1866.215634,1531.86945,2495.087696,97.27883291,256.9642692,2757.164461,4304.948376,1274.00001,5000.170345,2791.880688,2693.297593,4036.442592,4269.070763,1585.007765
sat/ex187_10.cnf.bz2,1156.986096,4299.393906,708.7431221,1034.285338,2479.843108,1598.531745,297.9721782,730.6234691,1309.929034,648.6095901,347.9647729,314.614816,573.7625899,588.5742171,657.1001239,496.0791869,346.2665479,643.861727,254.1795502,380.89239,3059.075194,2958.933227,5001.006447,507.0722129,1642.405473,2421.804098,1002.262723,43.88888407,2790.717316,1718.383971,442.6544929,1317.574922,529.82037,2474.809019,5001.009892,1614.09121,571.7496679
sat/exam0.04_2018_3.cnf.bz2,2489.550248,2494.561359,2286.888303,627.3044879,1567.914846,2235.735098,228.1791658,845.5746841,5000.876276,4073.439717,3084.750395,2788.696121,3494.637085,3296.749789,3938.128026,3242.599285,3988.655639,5000.621788,5000.810738,5000.655144,390.0036941,333.2872958,5000.106872,5001.008518,3954.360985,1223.76962,692.6215289,3935.732564,984.1203961,988.2835462,5001.00942,2311.978505,1013.688626,2084.726296,2203.338012,1504.36253,5001.009306
sat/factoring29986577x29986577.cnf.bz2,24.98194814,15.32609105,1330.53507,1052.742982,1599.725448,679.8755209,433.4452958,84.17293811,504.224072,198.247437,274.0062828,35.70608711,289.242228,290.905926,59.90715504,159.567657,152.0968418,52.47116089,136.3829689,281.283468,729.500499,630.3024271,5000.258009,451.6025939,56.94379115,2429.578127,503.6846409,75.92609096,59.09048986,291.152468,155.824811,2563.437345,1385.722567,1775.785835,40.44956994,3887.529504,208.9451268
sat/factoring39916801x54018521.cnf.bz2,35.10945916,1355.496951,2534.444102,5000.749435,2430.578829,228.251205,642.673044,342.79667,223.9506898,116.718653,492.1498401,629.361202,494.177536,489.8736432,352.533478,583.8717949,503.5864661,441.2174132,365.425292,2917.772796,961.2111261,1047.935814,5000.88263,1751.886059,173.897526,804.539233,689.455235,691.0611279,1580.097156,3.565507889,1194.130475,3888.934927,2875.201659,1665.44282,2483.580925,2644.443421,1498.181905
sat/factoring54018521x562448657.cnf.bz2,5000.416773,4207.693598,5000.797095,4999.957132,5001.009557,4185.357362,5000.862003,5000.547187,5000.357996,5000.803021,5000.22673,5000.069141,4547.872228,5000.252166,5000.441949,5000.623604,5000.821188,5000.51638,5000.505102,5001.00843,5001.009968,5001.009979,5000.587039,5001.009385,5001.00809,5000.304305,5000.650888,5000.682243,5000.541015,5000.684136,5001.009737,5000.109458,5001.009003,5001.009042,1308.888806,5000.639952,65.64068389
sat/factoring87654321x12345678.cnf.bz2,1501.972523,664.610889,3490.778301,4530.184051,97.02834916,2675.108787,106.0110891,494.5469949,337.300848,201.315347,195.1779511,151.1321111,196.1788349,191.711761,102.3839049,118.860261,119.931834,115.050746,223.7407868,2377.547204,724.1062641,639.7646639,5000.122403,374.360836,299.7928278,105.3992679,119.458035,379.7902648,2717.657696,552.00281,1090.418535,182.6366391,85.30227804,1077.393463,224.1019921,2211.41148,231.3922439
sat/factoring94418953x321534781.cnf.bz2,5000.502221,5000.255192,5000.163257,5001.007441,5001.010043,656.285269,2585.990451,5000.962131,1514.766477,5000.451131,5000.72386,5000.343388,5000.042206,5000.683015,5000.748674,5000.253532,3893.501673,536.4852672,1064.63328,5001.009082,5001.007668,5001.00981,5000.447525,3367.997378,5001.007647,5000.908986,5000.07508,5000.741828,5000.296868,5001.009406,5001.009408,2040.476369,5000.637061,5001.008231,5001.006985,5000.270025,1248.224868
sat/filter_iir_true-unreach-call.c.cnf.bz2,683.1654899,866.9100711,2139.77578,527.3879092,770.2047701,2240.703217,1263.18881,714.4686491,664.972187,1177.095562,1159.86851,1392.175401,1498.386209,1307.252535,1160.422986,1151.543684,1224.137987,1097.576644,1455.659598,689.0817249,520.7885001,546.317039,5000.762232,5001.008955,5000.601715,5000.159097,1910.376835,1331.278654,3678.493668,1390.051836,525.913363,396.264075,477.480906,992.193222,431.937629,466.7913909,5000.324044
sat/filter1_true-unreach-call.c.cnf.bz2,309.1423519,735.5684559,511.460484,321.96117,256.3357921,5000.739101,367.0825689,448.0503671,552.094203,979.980927,899.8133419,990.4405639,1082.219269,1199.896366,1060.347284,884.3589289,799.9766488,1246.429165,998.882376,568.711082,497.9775259,438.160903,5000.111264,2475.123669,5000.685991,1824.274858,1085.626053,974.2728319,1372.177997,266.966439,214.439312,333.5977879,230.8332391,262.0172889,275.4578259,259.819078,2134.76544
sat/frb35-17-5_ext.cnf.bz2,77.30432487,41.11711907,132.0866809,175.4393361,16.35121489,36.16865897,44.05978704,75.70085406,48.5728569,21.29684901,98.08189607,43.25120306,84.88051391,100.1047542,84.59843588,33.1499331,76.5448401,57.48573589,101.7945099,311.8077631,134.0306349,120.5989442,328.9116409,61.59620214,147.6524351,53.25881386,101.2447829,46.84442401,114.505748,272.8962219,106.2340229,30.58422017,31.21270895,165.7960181,46.74730706,135.4466431,29.21778083
sat/full-ax-xa.rules.7-7.cnf.bz2,394.7736259,434.6162839,2529.026272,1583.682114,5001.009443,2460.997476,2136.339991,3115.546757,1254.6414,5000.307013,5000.344574,286.0322721,5000.417471,5000.192486,3280.095476,5000.585029,5000.205468,4397.490597,5000.343557,1769.040815,6.59189105,6.678261995,5000.120092,5001.010364,4304.664299,2749.990565,1950.218717,5000.804158,2804.509668,1552.082511,275.739995,1830.062598,1640.013342,1325.350346,1813.216789,466.980258,5000.822509
sat/full-by-za.rules.5-7.cnf.bz2,5000.569947,5000.260564,5000.62417,5000.67631,5001.009877,387.1482301,5001.007362,1259.831794,1372.222831,5000.143242,5000.221169,647.7043231,1107.68276,1304.865701,615.572468,391.389226,5000.453211,259.8962171,1234.427629,571.2989149,5001.011073,5001.009316,5000.117326,5001.008648,2145.201914,4382.829012,251.798291,1332.188674,3598.74866,5001.008609,4295.003451,5001.008964,5001.0089,5000.909069,5000.916122,5000.053415,166.632798
sat/full-cy-caa.rules.7-7.cnf.bz2,111.5650349,513.9035141,241.222554,70.97527504,93.45093083,251.7793429,452.668875,426.7648921,135.5735641,249.1202712,69.63490105,403.6520801,64.04343796,64.50028706,31.99234605,127.579309,128.5792038,1056.646241,167.4025919,145.89469,6.618057966,7.013287067,5000.93184,5001.009596,434.4684711,290.7334049,54.55181289,112.511122,260.9617429,254.799119,48.15538216,97.15934777,90.63990808,97.74088812,53.97727084,365.649889,2224.517791
sat/gto_p60c231_1.cnf.bz2,226.508749,100.781405,345.9211631,177.8200531,333.871624,117.6529851,103.389832,84.34159589,102.8064911,73.76485014,70.96653295,75.44769597,74.34216785,74.09078407,63.87724805,56.08635283,63.59963608,70.1662631,64.20414186,450.6559751,657.8012869,562.1603999,5000.079805,99.24431992,142.9155881,254.5344369,104.7623651,44.14523792,187.7546601,152.1186349,106.620971,531.1267941,572.9249389,291.999577,204.2327731,360.873256,110.0072231
sat/gto_p60c231.cnf.bz2,103.7561619,89.49235797,270.5623322,151.7369931,119.408869,104.083133,86.73080802,69.82894802,83.17615199,56.49841094,61.81639504,65.30932903,62.62667489,59.71331811,65.18558478,58.88106084,60.96029091,60.765939,57.50051785,458.4782119,596.708483,569.205349,5000.125977,92.88566494,105.9755919,176.197185,92.13729119,37.074265,207.4208171,134.8963699,88.49196601,457.803792,481.619622,322.9115331,124.9764709,356.686269,101.0656919
sat/gto_p60c233.cnf.bz2,220.267916,124.9752259,199.631037,296.0680351,327.7737801,161.8053231,212.215117,127.769418,159.632504,96.31080103,112.5777061,117.2304521,105.395601,104.2727029,107.1861479,96.58696413,86.18121505,100.0312722,101.8627219,976.0019071,655.637269,556.3822491,5000.116937,128.572926,115.5299339,289.5595191,151.1251678,70.08407879,483.109261,227.8732569,115.821806,886.358803,1025.475496,744.5733469,260.932807,452.065608,132.8653419
sat/gto_p60c235.cnf.bz2,601.0101278,295.8560641,1143.934435,865.2298391,1264.990829,276.250442,521.061379,301.2659051,410.233145,189.3084431,195.818783,243.0166881,200.624172,209.1287591,171.725807,177.0019369,190.9107099,187.446126,195.733947,2282.423739,2125.684542,2177.831501,5000.375314,249.8106081,264.415014,951.4656839,415.9518969,147.0978682,1282.13752,509.7892931,263.4953361,2706.621383,2597.47193,2035.404753,799.552031,1546.938226,347.5631099
sat/gto_p60c238.cnf.bz2,684.3855321,422.0022199,1895.503481,771.2613649,1983.964919,375.4006441,647.9383171,363.005708,445.4235229,186.0830152,207.9241128,227.916002,206.120162,222.1990359,208.825758,210.7945321,204.560632,254.844511,198.810519,2397.615571,4872.596254,3943.878733,5000.72657,326.849478,291.186501,1925.457601,524.0512631,155.522805,1899.326902,752.5361671,252.6888819,2307.481753,3740.385452,2137.028401,880.6582329,2248.361175,300.9213829
sat/gto_p60c239.cnf.bz2,169.976263,192.488265,292.8623869,197.315331,241.130173,283.4162619,161.257164,106.9671199,141.9303651,86.3900609,101.7046108,83.471838,106.696059,107.7436168,68.6588459,95.20076609,89.80700111,81.44419503,78.7721529,543.9182849,1073.149747,1006.125139,5000.466031,194.181813,219.3925941,258.2818179,172.0794551,73.28199601,365.1776829,273.8922901,128.6394279,461.5513451,619.9774959,407.73331,342.4655449,306.356303,175.1801682
sat/gto_p60c241.cnf.bz2,154.2211099,169.9921558,570.167485,178.8829219,462.2991662,195.669024,172.6430709,97.71760011,131.128387,88.69961882,98.927742,107.545068,92.16577196,96.19756007,93.41099501,82.24779701,76.31233907,95.18962908,86.3703649,981.7724531,1044.778232,1129.795546,5000.279364,268.5196509,182.9765201,261.1131921,158.8224552,65.51202917,422.184413,292.211859,124.673362,352.7114251,479.5608881,414.655272,215.263859,338.0205421,242.8723001
sat/gto_p60c243.cnf.bz2,195.364408,363.6303079,952.5500879,245.2801552,1021.889874,455.2578211,275.0203609,170.7933781,220.1691518,172.0591559,129.73001,138.1734369,129.3829072,137.4345651,156.7592342,131.290448,149.1136651,128.5670152,169.7481091,2228.812162,1969.714674,1661.795591,5000.047554,703.3012869,310.124372,405.9202962,210.220273,112.6095071,673.8985519,454.769295,158.6749959,591.8237159,1119.806654,484.264246,293.832186,437.3819551,234.6067491
sat/huck.col.11.cnf.bz2,119.2352259,5.380325794,300.420413,128.5320671,280.747164,37.16336989,459.6777351,94.60063791,228.4866831,76.62306404,120.24435,96.74126005,111.0654788,116.5327539,143.8301001,80.546489,78.48244286,89.16371799,73.32509613,266.6596959,328.0574939,296.3005769,5000.315842,86.72996402,61.37855387,279.676064,237.63291,49.13599491,1115.148356,102.9084861,102.0098481,352.5308712,559.222502,264.7952309,209.4411869,190.303612,100.737257
sat/Karatsuba4477457x5308417.cnf.bz2,858.81321,35.88590503,252.8471391,662.4036481,400.3530259,619.157784,304.246907,195.575031,507.5698791,118.5964348,504.9926872,73.56564999,138.8644691,140.405143,321.821718,80.33749199,340.359556,349.0380862,242.661484,1303.287725,404.8179948,373.173002,5000.245026,319.2616432,206.498786,169.4659638,474.9475269,225.037786,194.033159,629.739892,132.1154771,362.789748,698.3345692,967.1340029,451.3052909,311.2610052,1041.570932
sat/Karatsuba6972593x13466917.cnf.bz2,1142.323294,507.4374189,1291.765645,802.5206962,786.452096,370.7271101,1334.81463,417.881336,817.6290619,337.20943,290.8350039,484.4813039,444.093611,450.763119,178.4416699,370.5029819,314.764631,99.07530808,367.0619781,697.2812691,1600.117314,1375.992338,5000.031977,933.3627589,306.3877671,1225.724415,418.734762,342.594589,945.899668,323.4904399,619.1413958,1062.997352,1478.15124,1291.816008,1081.935062,601.20315,658.2415209
sat/Karatsuba7654321x1234567.cnf.bz2,1197.975672,87.02244401,739.6581738,1343.26044,1218.211004,1022.700269,817.4329538,526.5045331,340.249656,216.323319,150.58653,685.6674521,290.2119849,287.783999,266.3100019,447.5859261,100.6356051,159.1028481,306.8188701,672.9431078,111.9989719,110.9847631,5000.441569,128.0823832,297.081399,984.1141129,129.26774,229.0455852,267.1293099,663.440886,180.933233,1343.584253,959.259707,619.324338,735.655942,658.213392,590.3896568
sat/le450_15a.col.15.cnf.bz2,5001.00962,3427.518386,5001.009241,5001.008825,5001.008852,5001.008971,5001.008908,5001.010062,5001.0088,5001.009778,5001.009089,5001.009654,5000.656653,5000.195127,5000.052206,5000.989706,5000.40528,5001.007717,5000.074108,5001.010078,5001.007968,5001.009923,5000.221336,5001.010075,5001.008074,5001.009108,5000.88212,5000.689691,5000.119058,5001.009893,5001.008803,5001.009589,5001.009543,5001.010829,5001.009992,5001.008952,5000.047874
sat/le450_15b.col.15.cnf.bz2,5000.83773,3115.487215,5001.009603,5001.009028,5001.012586,5001.013127,5000.719171,5001.009071,5001.007798,5001.009986,5000.826054,5001.010078,5001.008933,5000.556867,5000.697087,5000.335589,5000.695727,5000.832572,5000.48541,5001.010109,5001.010618,5000.320879,5000.453091,5001.011083,5001.009722,5001.009602,5000.199953,5000.871853,5001.009146,5001.014237,5001.013,5001.010255,5001.009143,5001.009248,5000.903114,5000.478537,5001.010071
sat/le450_15c.col.15.cnf.bz2,5000.483716,2468.948214,5001.008287,5001.008762,5001.011104,5000.115029,5000.808734,5000.484024,5001.009159,5000.106055,5001.009701,5000.378146,5000.135614,5001.009871,5001.010081,5000.994099,5000.428874,5000.185286,5000.987624,5000.680584,5001.0101,5000.190872,5000.058922,5001.00853,5001.007657,5001.010841,5000.953278,5000.975046,5001.007736,5001.009012,5001.009053,5001.010109,5001.009015,5001.00997,5000.378266,5000.904168,5001.009824
sat/lei450-05b-05.cnf.bz2,26.01404214,5001.010229,13.57468104,232.792098,42.91626191,7.039494991,30.82476592,16.89524508,56.28140903,3.109776974,23.61862898,27.23056293,48.01473403,48.48780394,151.884572,122.2253342,67.98020101,3.641150951,3.185814142,21.71800399,45.47984314,44.85322809,0.179316998,25.20242691,60.10714197,0.863127947,0.616435051,27.08310914,0.733242989,20.98824,21.29457188,24.94236898,54.09024906,42.77505088,70.38877821,6.598165989,18.45394588
sat/less-cy-caa.rules.4-9.cnf.bz2,1192.500623,5000.519319,5000.935168,1599.816602,5000.719969,5001.007942,5000.467101,5001.007958,5000.152958,4628.819399,5000.295716,5000.554843,4999.899748,5000.261918,5000.671175,5000.188369,5000.668576,22.50949597,22.23371291,5001.007938,0.90844512,0.885782003,5000.441075,5000.362041,5001.007259,5000.637132,5000.708356,5000.122066,5000.783595,5000.676726,5001.00866,5001.010199,5000.227062,5001.009142,5001.008721,5000.984888,5001.008236
sat/mchess_15.cnf.bz2,179.632345,153.5418289,550.632705,196.9422441,375.7615089,641.117523,141.609642,193.63168,178.605634,80.90173197,297.595978,142.2448311,307.9408031,310.1354959,132.737294,169.5133958,159.9998751,151.315243,152.9148741,5001.008056,834.7570038,778.8818879,5000.694955,290.4534609,3398.800512,256.6997571,146.0218861,100.546979,453.199666,405.632858,125.935734,385.547106,468.8810689,387.809989,291.1188409,697.9610021,127.7584019
sat/mchess_17.cnf.bz2,5000.987028,5001.010145,5001.010039,5000.912634,5001.010141,2877.765279,5000.290139,2609.237602,5000.362688,2189.861388,1747.533346,5000.927165,3288.182448,4993.732075,2263.284351,2238.054892,5000.869877,2798.655704,1190.684498,5001.009613,5001.010874,5001.00932,4999.983076,1572.608989,5001.008544,5001.010172,5001.008159,2308.539528,5000.566023,5000.426675,1881.051784,5000.944828,5001.009089,5001.008907,5001.008295,5000.673825,5001.009335
sat/mchess_18.cnf.bz2,5000.211055,828.2534342,5001.009147,5000.491316,5001.009177,5001.009519,5000.713061,5000.274119,5000.23022,5000.976392,5000.690771,5001.006959,5000.2811,5000.036033,5000.588933,5000.504198,5000.196524,5001.007085,5000.562766,5001.009259,5001.0095,5001.00848,5000.253758,5000.991087,5001.009543,5001.00897,5000.673849,5000.924797,5000.524414,5001.008633,5001.009881,5001.008163,5000.410434,5000.275536,5000.238936,5000.373549,5000.875779
sat/Nb11T118.cnf.bz2,5001.009065,5001.008681,5001.009322,5001.010072,5001.009047,5001.008387,5001.007867,5000.398592,5001.009042,5001.009429,5000.141414,5000.336436,5000.657032,5001.010013,5000.530235,5001.00949,5001.008746,5000.772593,5001.008432,5000.740369,5001.00854,5001.008018,34.9851501,5001.009679,5000.791093,5001.008718,5000.999085,5000.785276,5001.009804,5001.009978,5001.008782,5000.818071,5001.009841,5001.009189,5001.010322,5000.845866,5001.010766
sat/Nb13T165.cnf.bz2,5001.007326,5001.010275,5000.967323,5001.008701,5001.011281,5001.009969,5001.007659,5000.441789,5001.007667,5001.008911,5001.008389,5000.018759,5000.014291,5000.892782,5000.242265,5001.009079,5000.802085,5001.008483,5000.271484,5001.009663,5001.009467,5001.008408,814.4069591,5000.59239,5001.009893,5000.178011,5000.706403,5001.007993,5001.009119,4.957331896,5000.945772,5000.511857,5001.008225,5001.009734,5001.008332,5001.008803,5000.275953
sat/Nb13T166.cnf.bz2,5000.823514,5001.009343,5001.010043,5000.665799,5001.010348,5001.010011,5000.382855,5001.007067,5001.006938,5000.769117,5000.249151,5001.00918,5001.008327,5000.14867,5001.009412,5000.493856,5000.488811,5000.834367,5001.009418,5000.089219,5001.015009,5001.010817,1150.41507,5001.009148,5000.383117,5000.298659,5000.200992,5001.010417,5001.010044,4.962132931,5001.010309,5001.009242,5000.913735,5000.310817,5001.007832,5001.010125,5001.009625
sat/Nb29T6.cnf.bz2,154.8579619,819.2437968,940.2660952,616.8473022,643.8752589,1433.417458,452.4212539,354.1228011,496.3652558,375.9331732,358.3514149,316.7670999,718.691808,717.998661,327.7906179,279.106472,304.3679841,371.6074262,317.3112218,1265.526353,848.5826199,969.2100251,5000.625136,320.727628,640.880089,693.0632062,530.91273,230.9086089,839.53741,1197.458257,481.053412,603.056958,577.940737,649.383414,539.6070271,584.372586,106.251868
sat/Nb37T6.cnf.bz2,202.456347,1398.199388,2180.714996,981.4235048,1134.124962,4339.355937,821.3179491,605.810096,1157.193561,952.5841091,587.4129279,637.6991382,810.8516541,983.8667779,646.2588241,602.2574921,616.724071,830.0009089,734.616255,1967.592496,2098.881881,1494.041689,5000.206786,434.160135,1114.300851,857.0562401,767.5319431,589.553386,916.2679279,1612.880543,1005.059995,988.1503689,1053.731642,1138.520666,1020.700979,1307.153407,266.8246799
sat/Nb39T6.cnf.bz2,322.5024688,1818.924971,4574.979897,1130.035781,1482.90517,3540.188396,809.3755281,831.3969569,843.6206729,910.9803901,786.983156,713.3210421,1021.147287,1025.919266,766.527688,840.5584979,783.7716229,1154.201935,1120.395467,1673.992218,1525.514379,1256.901985,5000.510369,338.6752381,1695.145574,1529.185272,874.7981699,677.3852501,1800.149959,1566.394351,1269.761073,1857.586333,2129.227962,1167.182166,986.3428891,1345.381832,325.426455
sat/Nb42T6.cnf.bz2,390.0230961,2057.932234,4061.128838,1746.844436,2018.310171,5000.640934,1514.242364,1330.142457,1281.815945,992.7684588,955.3652301,820.6085081,1605.357231,1601.413402,912.8579869,909.825361,950.04353,1011.595797,1183.634515,3574.214888,2200.932558,2446.739997,5000.152917,616.2039599,1960.745401,1631.148781,1174.229763,785.2229831,1929.388218,2123.379104,1902.764892,2478.402615,3289.792874,2491.175351,1548.321597,2022.16753,465.963073
sat/Nb44T6.cnf.bz2,431.4265912,2580.292664,4854.322796,1528.297647,3034.294887,4653.934459,1226.451702,1186.605881,1667.002376,1038.45194,973.7811291,978.6077559,1146.029127,1446.514217,772.8031819,1300.925341,779.2557862,1595.365848,1563.311345,3139.057465,2265.163339,1931.710352,5000.534254,729.519732,2243.157948,2797.782582,1530.96636,973.9224851,1185.302646,2011.505985,3150.785857,3428.011159,5000.104248,3679.317478,2330.0985,1766.641491,573.8761971
sat/Nb45T6.cnf.bz2,482.184067,2157.182357,5000.625129,2165.805517,2193.963095,5000.993511,1230.762417,1086.204428,1732.230564,1479.922719,843.3995321,1123.081968,1713.769084,1348.202725,1119.805938,965.4532511,1033.895907,1586.114164,1571.192394,2706.071983,4345.936201,3065.809078,4999.926034,593.767679,2217.353483,2496.186203,1562.218855,845.183434,1519.710422,2319.447945,2162.354115,3743.681196,4102.275971,2086.743913,3756.833179,3190.283181,579.8780351
sat/Nb8T60.cnf.bz2,5001.008748,3316.85706,5001.009196,5001.009119,5001.010113,5001.010352,5000.614103,5000.952233,5001.010287,5000.495228,5001.009305,5000.423131,5000.916888,5001.008467,5001.009768,5001.010226,5000.42216,5001.008925,5001.009435,5001.010017,5001.010045,5000.76112,8.864277124,699.6034901,896.25442,5001.006988,5000.365479,5001.009267,5000.548457,1.514091015,605.2843719,5001.009611,5001.009674,5001.00911,5001.009103,5000.631098,576.2998521
sat/Nb8T62.cnf.bz2,5001.009059,2726.578134,5001.008366,5001.008231,5001.010666,5001.010067,5000.072208,5001.009577,5001.009482,5001.009812,5000.596045,5001.008979,5001.008459,5001.008751,5000.352109,5001.009017,5000.822307,5001.010081,5001.010005,5001.008316,5001.009995,5000.549488,2.378998041,1.905164957,0.363455057,5000.291699,5000.363871,5001.009624,5000.109943,5001.008734,619.706965,5001.008279,5001.009389,5001.009138,5001.010144,5001.010435,243.1188271
sat/newton_3_4_true-unreach-call.i.cnf.bz2,261.2352271,2698.665394,266.201407,195.7120481,113.718245,252.2086389,213.6011331,119.8944972,142.23564,1051.956178,580.8333321,239.179888,261.3947639,263.028831,889.3031909,225.013109,272.085474,871.470515,956.7086041,542.0874438,107.858856,110.273375,5000.461369,5000.387864,644.109972,225.9970598,175.354434,1322.599799,205.6757901,146.1810441,83.8548789,102.3761389,111.2029362,83.85152006,105.746984,119.3377428,5000.109674
sat/pals_floodmax.5_overflow_false-unreach-call.ufo.UNBOUNDED.pals.c.cnf.bz2,4779.355172,2210.006128,5000.936117,5000.584905,4853.114156,5001.008329,5001.007486,5000.544008,5000.928792,5000.335599,5000.174045,5000.459184,5000.861765,5000.494112,5000.997173,5000.958078,5000.882058,5001.007324,5000.316058,5001.008341,5000.175325,5001.009788,5000.220107,5001.009949,3316.540078,5000.749218,5000.659817,5000.449758,5000.529908,5001.009752,2588.566271,5000.064108,5000.356707,5001.009188,4534.776135,5000.37418,5001.010405
sat/pals_lcr-var-start-time.5_true-unreach-call.ufo.UNBOUNDED.pals.c.cnf.bz2,351.0891421,57.89460397,195.245435,252.4577348,123.7768328,89.66864586,367.332783,247.18555,304.0890009,288.766768,243.230516,202.811058,223.5390861,222.0123901,205.6976678,210.0056241,233.6617689,301.2131939,274.455981,479.229203,265.7182372,268.5658648,5000.441933,74.92857718,156.4566381,137.9294951,256.9815938,207.1755719,294.7430348,272.5833211,106.7220831,144.8687079,169.797627,147.6679919,95.07859898,120.8641021,122.497684
sat/prime_200560490131.cnf.bz2,182.814594,177.5174842,316.2048781,210.4666131,276.1780391,226.658165,195.873173,196.9288352,199.5501721,123.099714,119.740835,116.392781,109.6851439,117.5883012,109.526669,109.7753329,106.9467521,131.4070101,123.6359351,278.173198,165.600215,167.530268,5000.250593,232.8171179,130.931721,297.2698879,204.069459,146.292623,288.7272079,316.792207,321.4623349,294.815681,299.135267,302.894417,143.388366,263.042901,210.2245018
sat/Problem11_label51_false-unreach-call.c.cnf.bz2,413.34727,523.0989289,5000.140529,1280.318679,3138.676255,2698.218551,335.7544181,513.3014438,374.88692,400.7254751,1431.073457,685.6626458,1420.619567,1318.505357,945.9930701,1011.061122,1017.807972,527.412658,545.4037108,1282.256954,1138.759192,1526.29161,4999.822,5000.243106,1602.984092,3110.282093,388.468375,605.755388,349.245609,2402.157213,2574.777542,2164.678283,3038.03177,2392.554185,2487.451583,1921.342388,1908.238016
sat/Problem14_label14_false-unreach-call.c.cnf.bz2,116.16996,93.16354203,3266.608138,71.84968901,221.671104,368.2158439,117.362561,100.2625999,108.8078048,205.194767,179.9678581,186.573966,165.0468578,167.2644608,148.8991959,106.6571591,113.8347118,140.8995671,153.3489051,238.5918241,487.7002649,281.5629401,5000.034138,299.3024421,407.0677819,317.9428041,93.27797198,87.83479691,83.66902614,164.1960819,205.438216,202.1816101,201.719233,218.4360509,297.3552489,184.5089681,397.6426289
sat/Problem14_label19_true-unreach-call.c.cnf.bz2,50.07792401,98.51669788,2518.353369,37.39650393,193.763283,81.8813231,50.42600513,47.64107299,47.95736694,83.71088815,66.81127501,68.09272313,64.01982689,68.19062495,48.31066489,47.619977,49.02904415,90.36568189,83.86873293,57.11860609,153.2390602,117.583761,5000.93292,434.0524721,177.706835,106.9994731,46.49865198,47.09508204,46.09994006,231.9742711,179.175669,190.2843959,174.3388109,190.1435039,169.894078,232.0157211,52.73326707
sat/Problem14_label48_true-unreach-call.c.cnf.bz2,164.2951031,182.649045,4488.733349,78.77606988,151.417758,355.947752,151.740746,141.534786,137.7085011,205.6995609,196.7224431,163.609273,196.7558169,197.9325049,160.296037,143.936203,155.1688061,206.3407719,185.4383509,170.7413158,114.517894,102.0715611,5000.197343,5000.84558,139.1633561,1432.469603,184.910388,137.0358682,257.3838649,146.7939329,219.3193462,150.1179621,132.062907,148.950392,119.8080039,174.4502392,289.7509978
sat/Problem14_label55_true-unreach-call.c.cnf.bz2,80.90471888,104.507977,5000.784106,43.96027303,31.11889696,49.80630779,81.89753795,77.44861388,83.20932102,121.694248,100.779891,114.5316789,100.877316,94.93824601,79.1426549,119.562248,81.06257701,130.6552079,130.7246912,56.72747111,50.40936518,53.01317883,5000.600221,5000.986058,427.932951,85.37568593,79.95947194,80.34531403,72.69314814,24.13874292,32.40550208,33.56993699,29.96471882,33.002877,55.65901089,32.62592006,184.347012
sat/Problem14_label57_false-unreach-call.c.cnf.bz2,72.71676087,79.67183304,2740.314951,96.01705694,88.54777694,91.91481519,129.7152481,101.731348,104.2990892,103.0555789,83.21371102,83.25193906,83.60145998,83.80074406,103.289166,101.8759851,101.4173861,118.8672841,118.801728,86.77040482,331.4946389,310.7964039,5000.345888,319.636976,136.3573699,183.7345841,88.38928103,92.05104899,88.08332682,318.636379,108.866271,86.99501896,93.54052091,86.06195211,145.6257148,191.460238,206.519449
sat/quadratic_loose_error.c.cnf.bz2,418.1193881,639.6974311,335.064193,630.9447172,2839.937265,54.86826801,11.97576904,14.74256015,16.55387592,180.0530391,94.4999609,67.28485513,56.48473215,55.67251682,40.29405999,184.075989,62.1820128,340.8308311,147.339529,1976.943989,4866.856498,4759.405717,5000.642782,392.633502,110.642566,44.20174813,19.38050008,146.2396891,18.6774621,4318.133556,5001.009645,4477.928416,1562.826967,1980.239723,792.279386,332.3774011,181.4259701
sat/queen13_13.col.13.cnf.bz2,5001.009307,37.78130102,5001.009675,5001.011116,5001.00852,5001.008554,5001.007879,5000.641067,5001.007808,483.239094,5000.726082,5000.886122,5000.043345,5000.453075,5001.00949,5001.008778,5000.08002,5000.767887,504.0773609,5001.009089,5001.008958,5000.64751,5000.013168,5001.009243,5000.369155,5000.057708,5000.968836,5000.502615,5000.169574,5000.336045,5001.009204,5001.009052,5001.008837,5000.2076,5000.278895,5001.008306,5001.010049
sat/queen15_15.col.15.cnf.bz2,5000.39411,2562.782926,5001.00961,5000.897363,5001.009111,5001.009569,5001.010129,5001.010056,5001.008273,5001.009129,5001.009447,5001.010922,5001.009555,5001.008287,5000.57292,5001.009102,5000.610163,5000.753215,5000.620932,5001.010117,5000.842109,5000.970508,5000.655021,5001.009647,5001.009195,5001.008888,5001.009156,5000.381156,5000.62937,5000.371124,5000.891257,5000.858669,5001.010157,5001.010057,5000.987638,5001.009713,5001.008586
sat/queen8_12.col.12.cnf.bz2,2532.390882,10.95398307,5000.859438,2123.886908,3697.241469,1217.489162,445.752984,120.650697,301.9025249,417.1363862,193.2527468,204.910881,192.6197479,209.2694089,200.7076008,160.4510551,262.4277649,194.6976459,288.5098698,4640.627974,4861.473486,4638.449066,5000.518946,337.6135001,175.908937,4528.344033,249.651181,265.797349,2586.01838,1241.422641,87.81877089,5000.025045,5001.008755,3918.855659,5001.008122,4446.605194,449.3922749
sat/queen8-8-9.cnf.bz2,5.636906147,2.933211803,88.61279106,10.98707891,40.91497612,7.471201897,16.06247783,4.488729,7.217715979,2.833958864,1.209438086,9.505739927,1.201433897,1.211100101,0.393768072,3.810204983,3.921215057,3.131764174,5.843883991,1.907497883,181.5509322,173.5920968,1.17690587,2.349568129,3.747603893,123.3698509,17.17867899,1.055373907,80.85315394,10.54024196,44.46636987,38.36699295,205.0923522,42.26479602,11.28293109,18.24710107,0.626094103
sat/ramsey-30-4.cnf.bz2,2.977778912,4.067955017,15.68658113,2.214740038,85.80811,276.7483399,166.1872091,2.32847023,3.728765011,0.662317991,2.170090914,3.470861912,2.23572588,2.232146025,3.596122026,1.912072182,1.926442146,0.593495131,0.640117884,3.665495873,291.8121588,290.477097,5000.442756,3.162420988,47.72704887,4.335678101,5.335988998,3.36381197,692.570823,21.44983697,47.93434191,149.0529292,40.60260081,90.92411709,3.164722919,78.50855112,4.87706399
sat/ramsey-32-4.cnf.bz2,10.43669295,6.1894629,5000.362046,6.300608873,5001.009466,2082.818216,5001.0071,5.99108386,12.77733517,9.600842953,6.013334036,9.71954608,6.17133522,6.08821702,4.163375139,4.035913944,3.978589058,8.797697067,9.124969006,4.245217085,5001.009689,5001.010063,5000.067287,5.3046031,65.882617,5.885380983,9.742010117,3.721748829,2508.289232,504.895401,50.82193494,5001.009096,5000.392264,5001.008915,5.43850708,5000.722909,6.682935953
sat/satcoin-genesis-SAT-1024.cnf.bz2,5000.799973,44.18133998,5001.009912,5000.4692,5000.19633,8.553945065,5000.536651,5000.696405,5000.666144,2572.930428,5001.007959,5000.588302,5000.620196,5000.836373,5000.816999,5000.808835,5000.996066,5000.949121,5000.06909,5001.010962,5000.133392,5001.008948,5000.455289,5000.63602,433.4611301,71.68931198,5000.654099,5000.623089,242.2097018,5001.010312,5001.008312,5001.008779,5001.008415,5000.435139,5001.009126,49.05621409,5001.009078
sat/satcoin-genesis-SAT-128.cnf.bz2,5000.77844,15.60230613,17.93441415,5000.817728,5001.008758,15.62354112,5000.303518,5000.166682,5001.007382,2642.817096,5000.261582,5000.636047,5000.816952,5000.554994,5000.320897,5000.998106,5000.220835,21.85722589,31.13484693,5001.009027,5001.010117,5001.008456,5000.913491,5001.008219,382.046983,310.9084718,118.704252,2515.525215,92.64333892,5001.009705,5001.008321,5001.010687,5000.069673,5001.00975,5001.009102,12.86687398,5001.008101
sat/satcoin-genesis-SAT-16.cnf.bz2,5000.227116,2.184808016,7.059202909,5001.006755,5001.009078,4.91435194,5000.527167,5001.008045,5000.186587,6.451451063,5000.808092,5000.661156,5000.603712,5000.326205,5000.43504,5000.546175,5000.51215,8.435808897,8.544298887,5000.194769,5001.010128,5000.678101,5000.523119,5000.717312,147.6291389,244.2695081,635.148087,5000.608227,1189.03769,5001.009594,5001.008111,5001.00894,5001.009588,5001.009871,5001.009105,2.694646835,5001.008969
sat/satcoin-genesis-SAT-256.cnf.bz2,5000.672364,18.0016892,19.09680486,5000.641181,5001.009272,22.75758791,5000.692588,5000.72478,5000.902,2555.647653,1135.090116,5000.756111,5001.008293,5000.761253,5000.457545,1984.820281,5000.337106,5000.407504,5000.407064,5000.374923,5001.009087,5000.777067,5000.076179,5000.068001,4030.199086,240.535357,266.860635,5001.006942,492.882756,5000.271953,5000.786099,5001.009284,5000.525062,5001.010356,5000.648993,5000.25355,5001.011066
sat/satcoin-genesis-SAT-3.cnf.bz2,5000.513522,0.595970869,3.059814215,5000.288487,5001.009109,4.572611809,5000.883796,5001.008259,5000.654127,2.801515102,2.90414381,2.839964151,2.908409119,2.839308977,5000.331104,5000.948222,5000.370545,2.729650974,2.750405073,5000.588516,5001.008796,5000.609251,5000.820157,0.927337885,32.4957099,2.504622936,2.818109989,2503.758374,2.792083025,5001.009813,5001.01004,5001.008973,5001.009671,5000.886927,5001.011072,1.291046858,4.689107895
sat/satcoin-genesis-SAT-32.cnf.bz2,5000.984922,2.142230988,10.87213993,5000.915241,5001.008976,5.719134092,5000.096102,5000.807349,5000.56508,2529.613789,5000.806484,5000.597124,5000.768095,5000.792921,5001.009557,5001.007857,5000.635403,21.03834987,20.1482439,5001.008506,5001.007857,5001.009124,5000.748117,5000.462709,349.825918,171.0027859,48.73026299,5000.924871,117.0497432,5001.008421,5000.587158,5001.00969,5001.010172,5001.00906,5001.01011,3.558640957,5001.008071
sat/satcoin-genesis-SAT-4096.cnf.bz2,5000.179645,223.772753,5000.069891,5000.795443,5001.008998,208.6883888,5001.007372,5001.006909,5000.537732,2859.313617,5000.508011,5001.007167,5000.636486,5001.007118,5001.007797,5001.008145,5000.707762,5000.498575,5001.006882,5001.008569,5001.009366,5001.008557,5000.435697,5001.01017,3394.443548,221.4248018,107.4706991,5000.576268,199.0212598,5001.007757,5001.009402,5000.962132,5000.748334,5001.009881,97.08668613,5001.009489,5001.007924
sat/satcoin-genesis-SAT-5.cnf.bz2,5000.312972,0.781728983,3.378504038,5000.718071,5001.010347,7.783614159,5001.007661,5000.578185,5001.007248,3.447105885,3.021831989,3.012332916,3.065998077,3.08376193,1631.277848,5000.828059,5000.444387,3.497092009,3.502857924,5001.008123,5001.008547,5000.610545,5000.388852,2.278554916,189.10957,114.4587719,3.068906784,750.3912101,3.035458088,5001.01091,5001.01004,5001.010455,5000.687352,5001.008821,5000.611244,1.355534077,5.200208902
sat/satcoin-genesis-SAT-512.cnf.bz2,5000.373144,29.04191613,20.01192999,5000.498573,5001.007927,43.18073988,5001.007699,5000.556287,5000.716135,2676.198538,5000.658231,5000.425502,5000.651818,5000.581472,5000.012349,5000.938183,5000.39907,5000.295067,5000.443036,5001.009986,5001.010249,5001.008613,5000.380933,5001.008015,427.009774,326.0693839,857.2897451,2732.847544,1139.381893,5001.009048,5001.008091,5001.008548,5001.00814,5001.008038,5001.010146,16.1386261,5000.912196
sat/satcoin-genesis-SAT-64.cnf.bz2,5000.655037,6.238569021,10.61530995,5001.00817,5001.009264,5.952028036,5000.625146,5000.549023,5000.553087,2602.07255,5000.209934,5000.211863,5000.579056,5000.704592,5000.076129,5000.640316,5000.563699,22.06995106,25.12083387,5001.009116,5001.009111,5001.008194,5000.402369,5000.192575,1538.770423,965.1845059,356.1463051,2559.038206,741.8421769,5000.907955,5001.007663,5000.881983,5001.009408,5001.008933,5001.009108,3.630597115,5000.398185
sat/satcoin-genesis-SAT-7.cnf.bz2,5000.488778,1.070468903,3.912129164,5000.955748,5001.009165,4.600350857,5000.547099,5000.877159,5000.27251,3.90158391,3.628746033,3.65307498,3.613446951,3.631379128,5000.691731,5000.236998,5000.886976,3.869720936,3.873881102,5000.915425,5000.431887,5001.009907,5000.581152,1.960078001,236.6234171,39.55539608,38.20949221,3002.739447,11.10790896,5001.008544,5000.118444,5001.009395,5001.008157,5001.008424,5001.009936,1.67506814,5001.009055
sat/satcoin-genesis-SAT-8.cnf.bz2,5000.594086,0.879000902,6.187932968,5000.386936,5001.009649,4.903345108,5000.095776,5000.560674,5000.676873,3.847756147,3.73477602,3.618309975,3.642503023,3.732748985,1632.417313,5001.008132,5001.007151,3.921096087,3.888456106,5000.979164,5001.009146,5001.008139,5000.059381,5000.695555,49.90659618,121.644125,28.61108899,2529.537826,18.255584,5000.316466,5001.009064,5001.08414,5001.106793,5001.009528,5001.009318,1.731988192,5001.009548
sat/satcoin-genesis-SAT-9.cnf.bz2,5000.246517,1.278584003,4.806962967,5000.880091,5001.010101,5.851191044,5000.094857,5000.666461,5000.886073,5.34007287,3.756733179,3.804631948,3.904104948,3.863523006,5001.006949,5000.933526,5000.904845,5.211961031,5.064230204,5001.009842,5001.009066,5001.009813,5000.481425,34.94092298,59.74390697,632.7848439,46.00569081,2584.398761,6.294267893,5001.011011,5001.009999,5000.588031,5001.010662,5001.008974,5001.00977,1.901250839,5000.236893
sat/school1_nsh.col.14.cnf.bz2,5000.629886,1606.15015,5001.008473,5000.3832,5001.010085,5001.009377,5000.669979,5000.886786,5000.535778,5001.007846,5000.181205,5000.825749,5001.008077,5001.009797,5001.00725,5000.21704,5000.891702,5001.010148,5000.812712,5000.196489,5000.307932,5001.008503,5000.085361,5001.010062,5000.533205,5000.82602,5000.708907,5000.844589,5001.010046,5001.009487,5001.008006,5001.008066,5000.322428,5001.00998,5000.779662,5000.425957,5001.008753
sat/sdiv15prop.cnf.bz2,402.205579,256.326252,826.532558,466.1968088,544.6378379,381.278513,330.396646,290.1170549,368.0123889,194.5790939,215.9200659,224.2488759,209.2430439,192.68434,191.2039361,202.3503242,194.957572,199.907304,199.016175,1749.664638,699.0647891,667.516726,5000.019864,193.6141729,344.3854101,592.6975031,374.4984102,178.6280301,607.8670201,468.2788608,269.310602,523.464241,673.6573861,568.6204131,431.5393388,538.1370862,199.5636292
sat/sdiv17prop.cnf.bz2,3663.119409,1888.132726,5000.389074,3988.620147,5001.009458,2145.970846,2382.195305,2276.592733,2718.674005,879.796896,888.2091682,928.9192951,960.39083,969.639977,862.6591392,882.8239319,927.0180111,971.421371,931.0402699,5001.010044,5001.00961,5001.009958,5000.503975,894.1414301,3205.023931,5000.95713,2338.4733,1056.773641,3263.050144,3834.789308,1166.757372,4428.513167,4883.654086,5000.858087,3443.932613,4358.065852,822.9322128
sat/si2-b03m-m400-03.cnf.bz2,90.26718903,14.81536698,131.4610569,94.86916113,63.70297194,25.36079907,90.51783705,87.387254,90.94253397,91.96566987,97.88037705,98.08763099,98.99702597,100.468864,89.20097494,90.220438,92.51891708,94.73387504,94.75335503,96.41825509,11.52265406,12.9388051,5000.446793,11.79461503,1.990756989,87.51896095,89.95864105,92.1446588,91.834548,96.84864211,97.17312407,96.31333089,97.55991793,94.49148917,91.6719861,92.51959419,96.54204392
sat/si2-b03m-m800-03.cnf.bz2,158.470031,40.70901799,204.8055131,167.9179542,132.2204401,46.40734506,161.498723,153.0297248,162.357661,162.5135012,173.7630482,172.518734,174.462373,176.121206,159.581686,161.0947669,167.7749479,167.985477,167.9551072,168.7916641,11.5885272,14.13806009,5000.79978,26.10355306,2.731826067,158.1064069,160.52669,160.4703701,162.3048921,173.2284389,173.3269968,172.979049,172.9705832,169.8976259,163.8822651,163.539089,170.4203229
sat/sqrt_ineq_2.c.cnf.bz2,48.81262016,24.206007,136.9837618,483.8366859,2.15170002,23.69558787,5.278777838,14.53186703,4.339412928,19.41051793,120.3497601,210.965461,52.00102592,57.04210997,349.6501808,3.602513075,3.608042002,79.31979609,52.78238297,1445.794382,296.6835279,282.347347,5000.580432,611.0962479,74.80334401,1.576871872,10.71447897,4.119656801,3.86837101,2.258788109,78.29233599,246.0504508,50.17164207,254.690943,1.568228006,188.088095,4.159430981
sat/sqrt_ineq_3.c.cnf.bz2,3.250347853,6.632306814,1161.099829,4767.769608,3.25383091,92.26158595,3.254146814,4.263162851,3.867990017,670.8536279,49.49546409,9.327792883,32.72277808,34.35191202,66.07150912,2.939224005,3.026529074,693.4818499,70.75683808,1817.287861,5001.008642,5001.008971,5000.554058,2837.932966,145.745856,574.0429571,116.564332,393.3492899,424.8006761,90.62922621,4811.018896,2156.307939,1652.161565,2739.067071,1.991333008,2225.920323,5001.008028
sat/sted5_0x0-50.cnf.bz2,335.441555,405.624635,245.0779839,441.337985,51.190696,766.6404321,576.597929,207.5981121,855.7310321,178.1819289,293.6668291,209.5748401,342.832741,342.998167,231.0234108,646.610487,499.773459,343.2000871,139.804668,497.628264,727.894824,600.2700541,5000.591373,378.1750031,199.4623311,453.102618,558.4166889,103.3359809,140.166692,60.76492906,462.9402571,209.2894468,1432.219919,145.0715771,146.456214,35.44426012,445.1707501
sat/sted5_0x24204-50.cnf.bz2,795.4933879,1078.746041,1109.625835,347.583715,531.914644,819.7538311,631.626729,343.31477,461.974499,345.333245,156.820096,451.696696,150.4126182,179.5411,124.786037,36.25104404,37.13908911,222.72875,484.2357941,1640.60424,404.656677,394.6506052,2266.297253,997.137331,77.66522884,641.7347732,590.4661241,250.5879841,170.431936,384.2724559,396.3586631,639.8920879,1004.490465,71.19772697,1007.653359,1234.132312,190.929898
sat/terminator_03_true-unreach-call_true-termination.i.cnf.bz2,431.807379,25.793396,142.338192,334.2179651,555.8162539,1693.385816,1190.398982,709.0765259,829.2549601,1028.559367,952.2576401,1157.558178,1028.163853,1008.926129,944.4609399,1042.481807,904.7789111,883.8186169,901.196593,618.2413909,169.077455,204.694036,5000.535401,320.878751,1085.821408,611.474879,796.861135,980.7999289,779.726167,570.9713631,594.165946,638.9135871,723.9493308,618.0866101,584.2530079,608.2340841,243.0007288
sat/TimetableCNFEncoding_16_UNKNOWN.cnf.bz2,5000.707102,5001.009026,5001.008461,5000.599968,5001.00795,5001.008286,5000.328701,5000.152797,5000.229107,5000.958401,5000.88668,5000.763207,5000.741636,5000.545654,5000.697407,5001.004217,5000.2989,5000.659004,5000.413813,5001.009843,5000.262077,5001.010073,5000.448874,5001.0092,5000.900894,5000.497043,4999.990177,5000.588287,5000.560064,5001.010667,5001.010007,5001.010055,5001.010096,5001.009115,5001.009164,5001.009955,5000.898432
sat/TimetableCNFEncoding_17_UNKNOWN.cnf.bz2,5000.323847,5001.007055,5001.010519,5000.672782,5001.008646,5001.009611,5000.287195,5000.845545,5000.785599,163.722646,5000.291194,5000.605812,5000.7001,5000.46115,5001.007965,5000.248117,5000.571839,5000.429779,5001.007156,5001.008625,5001.009275,5000.209058,5000.463037,5001.009146,5000.286723,5000.935053,5000.765474,5000.705739,5000.390121,3682.578493,5001.009146,5001.009999,5001.009894,5000.122008,5001.00881,5001.008766,5001.009332
sat/TimetableCNFEncoding_20_UNKNOWN.cnf.bz2,61.34113097,5001.008917,5001.008981,103.7911022,3274.185156,5001.009438,56.03273392,566.2875211,659.7566929,140.6849039,502.4137759,493.6788359,499.7533371,499.8501892,598.7620649,521.567966,490.2673168,683.4212561,586.245981,5000.131119,3713.335455,3487.971735,5000.407097,111.8451431,5000.377414,5000.251086,765.0619099,453.641886,2869.795284,87.82312179,1715.593674,1693.54114,5000.336329,4238.041099,5001.009399,22.82380891,142.7580662
sat/TimetableCNFEncoding_3_UNKNOWN.cnf.bz2,5000.317114,5001.008158,5001.009156,5000.31797,5001.00811,5001.009704,5000.240635,5000.558965,5000.275573,469.2891409,5000.623396,5001.007094,5001.007174,5000.363217,5000.802702,5000.365427,5000.641292,5000.903293,5000.534571,5001.009116,5000.595065,5000.641189,5000.145577,5000.095058,5000.633602,5000.73128,5000.694613,5001.00771,5000.373181,1200.709225,5001.009702,5001.01006,5001.009787,5001.008847,5000.882126,5001.009367,5000.30469
sat/udiv35prop.cnf.bz2,358.277209,365.94291,317.8199089,465.4717209,421.2261841,1499.631177,641.5246432,906.931957,906.9610782,1831.467715,1995.029226,1688.232482,1438.32339,1562.197737,2106.827491,1921.590828,1757.23731,1315.026173,970.6941791,5001.009665,379.0545318,395.0811749,5000.730436,4039.099304,634.177856,323.2794352,1095.827158,1313.418025,1070.10231,849.6100681,354.313133,431.854635,619.2010651,489.8956151,314.000798,421.3135231,3363.145964
sat/udiv45prop.cnf.bz2,5000.834105,3553.557474,5000.462958,5000.947811,5001.01052,5000.804781,5000.69209,5000.090721,5000.544414,5000.851996,5001.007022,5000.293672,5000.837011,5000.395923,5000.357006,5000.270555,5000.253497,5000.853576,5000.836195,5001.008557,5001.009028,5000.726429,5000.038881,5001.010074,5000.985028,5000.687057,5000.653918,5000.762943,5000.435097,5001.009165,5001.009717,5000.61224,5000.503531,5001.007884,5001.00974,5001.009638,5000.277059
sat/udiv46prop.cnf.bz2,5000.592297,4416.56848,5001.008846,5000.575011,5001.008222,5000.72843,5000.443676,5000.434042,5000.223885,5000.175108,5000.877427,5000.62443,5000.241891,5000.564219,5000.740171,5000.508963,5001.008189,5000.983381,5000.292914,5000.38117,5001.010406,5000.816769,5000.804067,5001.010938,5000.635192,5001.009401,5000.087094,5000.058195,5000.662084,5001.009423,5001.009094,5000.731084,5000.131096,5001.009058,5001.009923,5000.96175,5001.010337
sat/udiv47prop.cnf.bz2,5001.00618,4594.417049,5001.009699,5000.697103,5001.008878,5001.008705,5000.545912,5000.868126,5000.478028,5000.864162,5000.755072,5000.85783,5001.008147,5000.432915,5000.725911,5000.783148,5000.279665,5000.689259,5001.009953,5001.010054,5000.193631,5001.008592,5000.283719,5000.927604,5000.19978,5000.346543,5000.455679,5000.327589,5000.658806,5001.010069,5000.614622,5001.009623,5001.00907,5001.009396,5001.009677,5001.010316,5000.04217
sat/uniqinv25prop.cnf.bz2,5000.970498,1038.813695,5001.008861,5000.246804,5001.009106,423.0102491,5000.874417,5000.66706,4844.20266,2624.483426,2579.81906,2574.18831,2605.870803,2601.889965,2612.13508,2605.554895,2606.373888,5000.475849,5000.754227,5000.631348,503.498673,531.6457741,5000.458028,5001.009793,56.59195495,5001.007673,5000.630142,5000.676262,5000.155006,5001.009474,5001.009792,5001.007558,4126.946408,5001.00913,901.356585,5000.967309,5001.00903
sat/uniqinv30prop.cnf.bz2,5000.244883,1537.471014,5001.010214,5000.74206,5001.008924,849.0086439,5000.233054,5000.574875,5000.319069,2735.148643,2644.179484,2633.132067,2616.892103,2617.658547,2677.825836,2656.38211,2654.736298,5000.46119,5000.475541,5001.009584,2089.259353,1994.475039,5000.433202,5000.84764,148.8807781,5000.775225,5001.007578,5001.004977,5000.545137,5001.009005,5001.007931,5001.010044,5001.009997,5001.009656,2004.597072,5000.448204,5001.010179
sat/uniqinv47prop.cnf.bz2,5000.344417,5001.008417,5001.010959,5000.501037,5001.010235,5001.00883,5001.007938,5000.667112,5000.831883,2787.948542,2861.50728,2830.060856,2779.009158,2799.597382,2826.011506,2850.913892,2947.350449,5000.676465,5000.533536,5001.009813,5000.870959,5001.008042,5000.597255,5001.007531,1324.317341,5001.0087,5001.007412,5000.883413,5000.44116,5000.072947,5001.009937,5000.192688,5000.949374,5001.009114,5000.880986,5000.53276,5001.009339
