instance,feature_1,feature_2,feature_3,feature_4,feature_5,feature_6,feature_7,feature_8,feature_9,feature_10,feature_11,feature_12,feature_13,feature_14,feature_15,feature_16,feature_17,feature_18,feature_19,feature_20,feature_21,feature_22,feature_23,feature_24,feature_25,feature_26,feature_27,feature_28,feature_29,feature_30,feature_31,feature_32,feature_33,feature_34,feature_35,feature_36,feature_37,feature_38,feature_39,feature_40,feature_41,feature_42,feature_43,feature_44,feature_45,feature_46,feature_47,feature_48,feature_49,feature_50,feature_51,feature_52,feature_53,feature_54,feature_55,feature_56,feature_57,feature_58,feature_59,feature_60,feature_61,feature_62,feature_63,feature_64,feature_65,feature_66,feature_67,feature_68,feature_69,feature_70,feature_71,feature_72,feature_73,feature_74,feature_75,feature_76,feature_77,feature_78,feature_79,feature_80,feature_81,feature_82,feature_83,feature_84,feature_85,feature_86,feature_87,feature_88,feature_89,feature_90,feature_91,feature_92,feature_93,feature_94,feature_95
instance_30,5.13006,10.021,2.22451,0.0,0.0,0.0,2.72975,1.89824,0.760528,0.0,1.90044,3.14621,1.59082,1973.8,2961.77,92.0,310.664,7.87652,1.0,1.0,1.0,1261.0,0.0,1.12791,3798.0,12636.5,2805.11,343.0,174.0,783.0,0.0,0.0,622.0,335.0,0.272006,0.137986,0.700358,0.0,0.0,0.493259,0.299642,0.0,0.0,0.0,0.0,1.0,2.0,0.5,0.00158604,4.0,0.691297,0.00317209,-0.193758,225.0,24.6811,56.25,5.51093,0.0,0.0,2.0,0.0,5.0,0.0,5.0,5.0,0.0,5.0,0.0,5.78623,9.11628,1.59914,1.59324,4.29712,4.66671,949.0,1.63615,0.757836,1.18764,1057.0,1793.26,1397.25,51.0,235.0,117.5,0.0,1.0,0.0645161,302.0,489.0,1118.0,0.707513,0.886598,6469.0,10192.0,1787.84
instance_20,3.72135,13.6332,2.67237,0.0,0.0,0.0,1.88071,2.21592,1.20646,0.0,1.41875,2.20612,1.82532,621.505,965.075,121.0,203.125,16.3418,2.0,2.0,1.0,445.0,0.0,0.821033,1268.0,6066.76,1189.2,0.0,0.0,112.0,0.0,0.0,305.0,430.0,0.0,0.0,0.206642,0.0,0.0,0.685393,0.793358,0.0,0.0,0.0,0.0,2.0,29.0,0.0689655,0.0651685,1.0,0.327295,0.00224719,-1.64675,10001.0,2.9207,10001.0,0.384257,0.0,5.0,2.0,0.0,5.0,0.0,5.0,5.0,0.0,0.0,0.0,3.05535,3424.18,1650.77,0.408505,4.99848,5.18201,288.0,1.87358,1.66263,1.7363,1311.0,825.784,2193.97,16.0,141001.0,70500.5,0.0,2.0,0.25,1665.0,515.0,542.0,4.02214,1.21798,1656.0,1855900.0,894719.0
instance_83,2.94712,2.95185,1.00074,0.0,0.0,0.0,0.488125,0.49928,0.0166215,0.0,1.18798,1.1902,0.000503628,48240.6,48270.6,25.0,58.0482,2.32193,1.0,1.0,1.0,32637.0,0.0,2.06825,96231.0,96339.7,32661.2,2188.0,1616.0,12840.0,0.0,0.0,27465.0,2940.0,0.0670405,0.0495144,0.813688,0.0,0.0,0.84153,0.186312,0.0,0.0,0.0,0.0,0.0,0.0,,0.0,0.0,0.0,0.0,0.0,0.0,0.0,0.0,0.0,0.0,0.0,1.0,0.0,5.0,0.0,5.0,5.0,0.0,5.0,0.0,6.09537,2.01445,0.889764,2.28677,0.103103,0.416183,14880.0,1.30511,0.0440063,0.493224,15065.0,23081.6,15880.5,153.0,5.0,5.0,0.0,2.0,0.0130719,693.0,69.0,15780.0,0.048289,0.4835,96185.0,31788.0,14040.5
instance_48,,,,,,,,,,,,,,,,,,,,,,,,,,,,,,,,,,,,,,,,,,,,,,,,,,,,,,,,,,,,,,,,,,,,,,,,,,,,,,,,,,,,,,,,,,,,,,,
instance_28,5.59763,10.4205,2.21837,0.0,0.0,0.0,2.78946,2.02309,0.771102,0.0,1.89972,3.33892,1.732,1568.11,2363.15,92.0,318.646,7.94251,1.0,1.0,1.0,1014.0,0.0,1.10458,3010.0,10566.4,2249.43,296.0,121.0,583.0,0.0,0.0,475.0,335.0,0.291913,0.119329,0.635076,0.0,0.0,0.468442,0.364924,0.0,0.0,0.0,0.0,1.0,2.0,0.5,0.00197239,4.0,0.646934,0.00394477,-0.230855,236.0,21.215,59.0,4.97799,0.0,0.0,2.0,0.0,5.0,0.0,5.0,5.0,0.0,5.0,0.0,6.18301,11.1242,2.03681,1.52938,4.06089,4.5308,758.0,1.70171,0.892915,1.37173,857.0,1547.86,1223.85,41.0,246.0,123.0,0.0,1.0,0.0645161,320.0,471.0,918.0,0.861656,0.905325,5676.0,10212.0,1869.79
instance_74,2.79594,3.82568,1.34191,0.0,0.0,0.0,1.04692,1.42408,0.442441,0.0,1.25879,2.39711,0.739113,2132.92,2656.06,51.0,90.526,4.86566,2.0,2.0,1.0,1627.0,0.0,1.3581,4207.0,6224.38,2183.29,357.0,634.0,1084.0,0.0,0.0,586.0,114.0,0.219422,0.389674,0.904841,0.0,0.0,0.360172,0.0951586,0.0,0.0,0.0,0.0,0.0,0.0,,0.0,1.0,0.263355,0.000614628,-0.399453,1429.0,398.033,1429.0,34.5207,0.0,0.0,2.0,0.0,5.0,5.0,5.0,5.0,0.0,0.0,0.0,3.79716,3.59015,2.06426,1.84414,11.5013,19.9833,1027.0,1.91223,0.369779,0.779395,1248.0,1732.9,1308.14,86.0,1429.0,1429.0,0.0,2.0,0.0348837,232.0,203.0,1198.0,0.363105,0.736325,4549.0,4301.0,2472.98
instance_39,2.45125,14.6133,6.05387,0.0,0.0,0.0,2.22332,1.98856,0.133018,0.0,0.398112,2.89522,0.629819,381.157,1303.69,102.0,536.245,6.37504,1.0,2.0,1.0,359.0,0.0,1.29137,1087.0,5246.16,2173.34,6.0,0.0,12.0,0.0,0.0,349.0,266.0,0.0167131,0.0,0.0431655,0.0,0.0,0.972145,0.956835,0.0,0.0,0.0,0.0,1.0,4.0,0.25,0.0111421,1.0,0.315909,0.00278552,-0.937131,9605.0,97.0766,9605.0,16.6256,0.0,1.0,2.0,0.0,1.0,0.0,1.0,1.0,0.0,0.0,0.0,3.16547,98.9424,60.1444,0.729984,5.77884,9.53827,115.0,1.2912,3.21421,3.79576,265.0,390.304,1593.75,14.0,9605.0,9605.0,0.0,2.0,1.0,112.0,122.0,278.0,0.841727,0.774373,880.0,27506.0,16720.1
instance_9,5.26369,10.4239,1.90887,0.0,0.0,0.0,1.05198,1.26475,0.424711,63.0,2.02318,3.84407,1.70575,3945.02,5738.23,28.0,100.846,5.04232,1.0,1.0,1.0,2173.0,0.0,1.06676,6545.0,22651.1,4147.98,414.0,0.0,679.0,0.0,0.0,1556.0,1358.0,0.19052,0.0,0.333333,0.0,0.0,0.716061,0.666667,0.0,0.0,0.0,0.0,5.0,86.0,0.0581395,0.0395766,1.0,0.178091,0.000460193,-0.593574,26.0,3.08277,26.0,1.49588,0.0,0.0,2.0,0.0,5.0,5.0,5.0,5.0,0.0,0.0,0.0,5.61512,8.43397,3.51319,1.38468,1.39234,1.70295,1463.0,1.71473,2.20699,2.27117,3342.0,3463.81,4372.18,29.0,42.0,26.0,0.0,2.0,0.103448,2434.0,209.0,2037.0,1.2975,0.937414,11438.0,17180.0,7156.38
instance_65,2.89333,18.2263,6.62929,0.0,0.0,0.0,1.68808,1.48093,0.0444314,0.0,0.279024,0.305691,0.102158,85.1699,289.691,32.0,213.063,7.02588,2.0,13.3164,4.12159,75.0,0.0,1.0274,226.0,1366.97,497.197,0.0,0.0,0.0,0.0,0.0,72.0,73.0,0.0,0.0,0.0,0.0,0.0,0.96,1.0,0.0,0.0,0.0,0.0,2.0,3.0,0.666667,0.04,1.0,0.336406,0.0133333,-1.4785,1001.0,10.8983,1001.0,7.93809,0.0,0.0,2.0,0.0,5.0,0.0,5.0,5.0,0.0,5.0,0.0,2.9726,91.8493,37.729,0.44883,1.24693,3.0314,8.0,2.13953,0.858155,2.2147,112.0,100.062,408.186,6.0,1001.0,1001.0,0.0,3.0,3.0,184.0,130.0,73.0,4.30137,0.973333,217.0,6705.0,2754.22
instance_50,,,,,,,,,,,,,,,,,,,,,,,,,,,,,,,,,,,,,,,,,,,,,,,,,,,,,,,,,,,,,,,,,,,,,,,,,,,,,,,,,,,,,,,,,,,,,,,
instance_35,2.88255,7.53884,2.81203,0.0,0.0,0.0,0.871095,1.4102,0.814154,15.0,1.29551,2.84316,1.79854,387.244,751.52,14.0,119.797,15.9773,2.0,2.0,1.0,298.0,0.0,1.04561,852.0,2246.57,837.984,54.0,14.0,236.0,0.0,0.0,228.0,49.0,0.181208,0.0469799,0.82807,0.0,0.0,0.765101,0.17193,0.0,0.0,0.0,0.0,1.0,2.0,0.5,0.00671141,1.0,0.331781,0.0033557,-0.531786,64513.0,56.369,64513.0,9.32762,0.0,5.0,2.0,0.0,5.0,0.0,5.0,5.0,0.0,0.0,0.0,3.01404,1144.48,685.105,1.25656,5.93602,6.90035,269.0,0.735642,1.03036,0.876457,283.0,348.62,660.135,28.0,64513.0,64513.0,0.0,2.0,0.25,28.0,211.0,285.0,0.838596,0.956376,859.0,326176.0,195255.0
instance_80,3.16216,20.7532,5.73875,0.0,0.0,0.0,1.28197,1.6741,0.494209,0.0,1.3118,4.51865,2.97429,98.5862,265.815,28.0,233.97,10.3665,1.0,1.0,1.0,74.0,0.0,1.13846,222.0,1535.74,424.667,10.0,0.0,6.0,0.0,0.0,52.0,59.0,0.135135,0.0,0.0923077,0.0,0.0,0.702703,0.907692,0.108108,0.0,8.0,0.0,2.0,3.0,0.666667,0.0405405,17.0,4.72222,0.22973,5.15267,971.0,1.74106,57.1176,0.572955,5.0,0.0,2.0,5.0,0.0,5.0,0.0,5.0,0.0,0.0,0.0,3.6,557.708,192.527,0.722387,1.29339,1.36128,47.0,2.38549,3.57591,4.32768,45.0,103.003,448.325,17.0,1795.0,897.5,0.0,2.0,0.181818,73.0,104.0,65.0,2.72308,0.878378,234.0,36251.0,12514.2
instance_44,4.17528,20.0702,3.35361,0.0,0.0,0.0,1.14073,2.0278,0.822701,0.0,1.73184,2.16537,1.33611,2422.26,4076.87,57.0,684.02,12.0004,2.0,2.0,1.0,1432.0,0.0,2.14371,3421.0,28740.5,4802.36,98.0,565.0,379.0,0.0,0.0,405.0,289.0,0.0684358,0.394553,0.567365,0.0,0.0,0.282821,0.432635,0.0,0.0,0.0,0.0,1.0,364.0,0.00274725,0.25419,1.0,0.111724,0.000698324,-1.14794,13651.0,18.1546,13651.0,7.84463,0.0,0.0,2.0,0.0,5.0,5.0,5.0,5.0,0.0,0.0,0.0,8.9506,751.931,66.1474,0.7738,2.18679,8.15645,385.0,2.81304,0.691781,1.55293,1433.0,1790.97,1989.78,57.0,13651.0,13651.0,0.0,2.0,0.0350877,1024.0,817.0,668.0,2.75599,0.46648,5979.0,502290.0,44186.4
instance_81,2.94712,2.95185,1.00074,0.0,0.0,0.0,0.488125,0.49928,0.0166215,0.0,1.18798,1.1902,0.000503628,48240.6,48270.6,25.0,58.0482,2.32193,1.0,1.0,1.0,32637.0,0.0,2.06825,96231.0,96339.7,32661.2,2188.0,1616.0,12840.0,0.0,0.0,27465.0,2940.0,0.0670405,0.0495144,0.813688,0.0,0.0,0.84153,0.186312,0.0,0.0,0.0,0.0,0.0,0.0,,0.0,0.0,0.0,0.0,0.0,0.0,0.0,0.0,0.0,0.0,0.0,1.0,0.0,5.0,0.0,5.0,5.0,0.0,5.0,0.0,6.09537,2.01445,0.889764,2.28677,0.103103,0.416183,14880.0,1.30511,0.0440063,0.493224,15065.0,23081.6,15880.5,153.0,5.0,5.0,0.0,2.0,0.0130719,693.0,69.0,15780.0,0.048289,0.4835,96185.0,31788.0,14040.5
instance_27,5.9292,10.6932,2.18721,0.0,0.0,0.0,2.78177,2.0701,0.785012,0.0,1.92693,3.27533,1.60582,1407.3,2092.24,92.0,315.625,7.97154,1.0,1.0,1.0,904.0,0.0,1.07747,2660.0,9666.64,1977.23,276.0,96.0,504.0,0.0,0.0,410.0,335.0,0.30531,0.106195,0.600715,0.0,0.0,0.45354,0.399285,0.0,0.0,0.0,0.0,1.0,2.0,0.5,0.00221239,4.0,0.626119,0.00442478,-0.250182,241.0,19.8157,60.25,4.75085,0.0,0.0,2.0,0.0,5.0,0.0,5.0,5.0,0.0,5.0,0.0,6.38856,12.1621,2.20636,1.49443,3.96048,4.51309,679.0,1.70674,0.870229,1.34032,808.0,1447.32,1131.28,36.0,251.0,125.5,0.0,1.0,0.0645161,345.0,506.0,839.0,1.0143,0.928097,5360.0,10204.0,1851.13
instance_62,3.16216,18.9499,6.60754,0.0,0.0,0.0,1.61002,1.15943,0.0647728,0.0,0.534488,0.534488,0.179256,44.9069,145.552,32.0,131.891,7.32001,2.0,13.3164,4.12159,37.0,0.0,0.755102,112.0,701.148,244.479,0.0,0.0,0.0,0.0,0.0,34.0,49.0,0.0,0.0,0.0,0.0,0.0,0.918919,1.0,0.0,0.0,0.0,0.0,2.0,3.0,0.666667,0.0810811,1.0,0.418803,0.027027,-1.04976,1001.0,11.4574,1001.0,6.54589,0.0,0.0,2.0,0.0,5.0,0.0,5.0,5.0,0.0,5.0,0.0,2.38776,87.3673,45.0435,0.553646,1.59755,3.08982,4.0,2.1758,1.04328,2.28778,64.0,49.9674,248.389,5.0,1001.0,1001.0,0.0,3.0,3.0,120.0,70.0,49.0,3.87755,1.32432,117.0,4281.0,2207.13
instance_22,4.04352,12.0534,1.64648,0.0,0.0,0.0,2.79887,4.17599,0.523205,0.0,0.976532,3.67616,1.52977,5182.18,7854.7,119.0,391.269,10.2468,1.0,1.0,1.0,4711.0,0.0,1.82103,13000.0,56783.4,7756.58,210.0,1126.0,1871.0,0.0,0.0,3317.0,716.0,0.0445765,0.239015,0.723232,0.0,0.0,0.704097,0.276768,0.0,0.0,0.0,0.0,3.0,58.0,0.0517241,0.0123116,1.0,0.135808,0.000212269,-0.389151,54660.0,2115.96,54660.0,50.8481,0.0,5.0,2.0,0.0,5.0,0.0,5.0,5.0,0.0,0.0,0.0,7.36336,25.8322,22.3338,2.22071,41.5937,48.1085,1986.0,1.76336,0.868154,0.68462,3524.0,4248.93,3440.81,110.0,54660.0,54660.0,0.0,2.0,0.0322581,874.0,461.0,2587.0,0.516042,0.54914,19049.0,66828.0,57777.4
instance_100,2.4261,4.89063,1.86595,0.0,0.0,0.0,0.795546,1.29454,0.42647,0.0,0.636943,3.20399,1.60536,1636.28,2738.14,33.0,50.3438,5.78136,2.0,1.0,0.5,1448.0,0.0,1.41961,3837.0,7081.63,2701.89,194.0,431.0,847.0,0.0,0.0,822.0,173.0,0.133978,0.297652,0.830392,0.0,0.0,0.56768,0.169608,0.0,0.0,0.0,0.0,1.0,1.0,1.0,0.000690608,1.0,0.29035,0.000690608,-0.506131,12.0,3.20587,12.0,1.13249,0.0,0.0,2.0,0.0,5.0,5.0,5.0,5.0,0.0,0.0,0.0,3.44412,3.74314,1.35937,1.40211,1.94781,2.35677,845.0,1.66802,1.13764,0.888445,1852.0,1375.92,1310.54,43.0,56.0,28.0,0.0,1.0,0.0952381,602.0,509.0,1020.0,1.08922,0.70442,3513.0,3818.0,1386.56
instance_96,2.74359,8.69044,3.07143,0.0,0.0,0.0,0.276452,0.455993,0.399221,0.0,0.996694,3.32839,1.8379,110.418,223.1,8.0,14.5601,6.04439,2.0,2.0,1.0,78.0,0.0,0.438202,224.0,677.854,239.572,0.0,8.0,16.0,0.0,0.0,69.0,162.0,0.0,0.102564,0.0898876,0.0,0.0,0.884615,0.910112,0.0,0.0,0.0,0.0,1.0,1.0,1.0,0.0128205,1.0,0.831776,0.0128205,-0.139393,66.0,7.42604,66.0,4.26291,0.0,0.0,2.0,0.0,5.0,5.0,5.0,5.0,0.0,0.0,0.0,1.20225,8.88764,4.27512,1.20684,1.50743,1.87317,69.0,4.6498,2.58123,5.75536,264.0,103.406,296.712,7.0,66.0,66.0,0.0,1.0,0.857143,176.0,89.0,178.0,1.48876,2.28205,214.0,1582.0,760.971
instance_51,2.81409,6.9027,2.18635,0.0,0.0,0.0,1.64715,2.69967,0.579477,30.0,0.442448,1.80348,1.39047,2533.68,4517.5,31.0,306.298,9.88059,2.0,2.0,1.0,2243.0,0.0,1.02701,5742.0,15482.7,4903.97,118.0,59.0,1105.0,0.0,0.0,1137.0,1079.0,0.0526081,0.0263041,0.505952,0.0,0.0,0.50691,0.494048,0.0129291,0.0,29.0,0.0,0.0,0.0,,0.0,1.0,0.346008,0.000445831,-0.369791,136.0,7.64186,136.0,1.01182,0.0,0.0,3.0,5.0,0.0,0.0,5.0,5.0,0.0,5.0,0.0,2.89011,17.7967,8.463,1.76855,6.56429,6.90781,2096.0,0.417112,0.55347,0.420193,3055.0,2468.76,3043.05,35.0,1009.0,504.5,0.0,2.0,0.5,1020.0,994.0,2184.0,0.922161,0.973696,6312.0,38868.0,18483.2
instance_33,2.84052,6.57405,2.50349,0.0,0.0,0.0,0.764866,0.891515,0.598602,13.0,1.35743,3.03073,1.78463,303.941,565.639,12.0,53.6526,9.14975,2.0,2.0,1.0,232.0,0.0,1.04977,660.0,1525.18,580.81,46.0,12.0,178.0,0.0,0.0,172.0,43.0,0.198276,0.0517241,0.80543,0.0,0.0,0.741379,0.19457,0.0,0.0,0.0,0.0,1.0,2.0,0.5,0.00862069,1.0,0.335357,0.00431034,-0.569137,568.0,22.8191,568.0,7.1213,0.0,5.0,2.0,0.0,5.0,0.0,5.0,5.0,0.0,0.0,0.0,2.9819,24.8914,13.4373,1.16781,3.06393,3.7371,207.0,0.788973,1.13574,0.94526,219.0,271.997,434.191,24.0,568.0,568.0,0.0,2.0,0.285714,24.0,210.0,221.0,1.05882,0.952586,659.0,5501.0,2969.65
instance_26,9.0,12.4634,1.85394,0.0,0.0,0.0,2.63214,2.4954,0.879586,0.0,1.584,2.98531,1.34622,619.2,856.248,92.0,313.97,7.81378,1.0,1.0,1.0,424.0,0.0,0.931868,1124.0,5284.5,786.072,180.0,0.0,120.0,0.0,0.0,122.0,335.0,0.424528,0.0,0.263736,0.0,0.0,0.287736,0.736264,0.0,0.0,0.0,0.0,1.0,2.0,0.5,0.00471698,4.0,0.476939,0.00943396,-0.387345,215.0,11.4697,53.75,3.42871,0.0,0.0,2.0,0.0,5.0,0.0,5.0,5.0,0.0,5.0,0.0,8.38681,18.7451,4.40236,1.35038,3.05353,3.24171,292.0,1.90386,1.34483,1.92263,394.0,930.39,742.071,31.0,225.0,112.5,0.0,1.0,0.0645161,314.0,475.0,455.0,1.73407,1.07311,3816.0,8529.0,2003.08
instance_25,3.46667,7.64235,1.54733,0.0,0.0,0.0,1.73045,2.67244,0.489686,0.0,0.91853,3.3589,1.47619,1622.35,2279.21,50.0,132.275,7.94819,1.0,1.0,1.0,1335.0,0.0,1.45267,3608.0,10202.5,2065.68,91.0,390.0,669.0,0.0,0.0,828.0,250.0,0.0681648,0.292135,0.727965,0.0,0.0,0.620225,0.272035,0.0,0.0,0.0,0.0,3.0,26.0,0.115385,0.0194757,1.0,0.198574,0.000749064,-0.525339,7725.0,663.608,7725.0,30.2935,0.0,5.0,2.0,0.0,5.0,0.0,5.0,5.0,0.0,0.0,0.0,5.03591,11.6409,9.38995,1.52554,21.8729,27.1202,716.0,1.79396,0.983358,0.749629,1208.0,1467.07,1187.73,50.0,7725.0,7725.0,0.0,2.0,0.0714286,322.0,141.0,919.0,0.503808,0.68839,4628.0,10698.0,8629.36
instance_8,5.27485,10.4311,1.90633,0.0,0.0,0.0,1.0522,1.26344,0.424876,63.0,2.0228,3.84485,1.70403,3966.98,5764.23,29.0,100.846,5.04232,1.0,1.0,1.0,2183.0,0.0,1.06644,6572.0,22771.1,4161.51,418.0,0.0,682.0,0.0,0.0,1559.0,1365.0,0.19148,0.0,0.33317,0.0,0.0,0.714155,0.66683,0.0,0.0,0.0,0.0,5.0,86.0,0.0581395,0.0393953,1.0,0.177768,0.000458085,-0.591498,29.0,3.44993,29.0,1.75654,0.0,0.0,2.0,0.0,5.0,5.0,5.0,5.0,0.0,0.0,0.0,5.62531,8.40596,3.50234,1.39008,1.39475,1.70647,1473.0,1.69188,2.2035,2.26575,3355.0,3478.49,4384.68,27.0,42.0,29.0,0.0,2.0,0.111111,2437.0,212.0,2047.0,1.29409,0.9377,11515.0,17207.0,7169.29
instance_90,3.13701,4.23667,1.42985,0.0,0.0,0.0,2.35305,2.20491,0.779699,0.0,1.49634,2.02524,0.695143,462077.0,556332.0,200.0,1331.64,6.65821,1.0,1.0,1.0,342972.0,0.0,1.22108,796364.0,1453060.0,490399.0,70450.0,195600.0,249750.0,0.0,0.0,46416.0,31127.0,0.20541,0.570309,0.889179,0.0,0.0,0.135335,0.110821,0.00145784,0.0,500.0,0.0,2.0,6.0,0.333333,1.74941e-05,0.0,0.0,0.0,0.0,0.0,0.0,0.0,0.0,0.0,0.0,1.0,0.0,1.0,1.0,1.0,1.0,0.0,0.0,0.0,3.83052,2.39723,0.903389,3.3622,2.6107,2.38692,207365.0,1.63946,0.0377213,0.59564,310367.0,410299.0,287254.0,404.0,101.0,101.0,0.0,2.0,0.00498753,31744.0,317.0,280877.0,0.114146,0.81895,1075910.0,673327.0,253741.0
instance_85,2.94712,2.95185,1.00074,0.0,0.0,0.0,0.488125,0.49928,0.0166215,0.0,1.18798,1.1902,0.000503628,48240.6,48270.6,25.0,58.0482,2.32193,1.0,1.0,1.0,32637.0,0.0,2.06825,96231.0,96339.7,32661.2,2188.0,1616.0,12840.0,0.0,0.0,27465.0,2940.0,0.0670405,0.0495144,0.813688,0.0,0.0,0.84153,0.186312,0.0,0.0,0.0,0.0,0.0,0.0,,0.0,0.0,0.0,0.0,0.0,0.0,0.0,0.0,0.0,0.0,0.0,1.0,0.0,5.0,0.0,5.0,5.0,0.0,5.0,0.0,6.09537,2.01445,0.889764,2.28677,0.103103,0.416183,14880.0,1.30511,0.0440063,0.493224,15065.0,23081.6,15880.5,153.0,5.0,5.0,0.0,2.0,0.0130719,693.0,69.0,15780.0,0.048289,0.4835,96185.0,31788.0,14040.5
instance_72,2.9273,4.10788,1.36393,0.0,0.0,0.0,1.56983,2.08912,0.501015,0.0,1.208,2.27412,0.611212,5473.88,6842.93,101.0,218.125,5.94589,2.0,2.0,1.0,4168.0,0.0,1.45785,11128.0,17121.7,5684.85,728.0,1724.0,2635.0,0.0,0.0,1616.0,224.0,0.174664,0.413628,0.921651,0.0,0.0,0.387716,0.0783491,0.0,0.0,0.0,0.0,0.0,0.0,,0.0,1.0,0.234325,0.000239923,-0.281542,2233.0,657.143,2233.0,53.0949,0.0,0.0,2.0,0.0,5.0,5.0,5.0,5.0,0.0,0.0,0.0,4.26758,3.39804,1.71139,2.71958,12.3579,24.3961,2518.0,1.72257,0.307802,0.734646,2959.0,3989.74,3102.78,160.0,2233.0,2233.0,0.0,2.0,0.01875,462.0,403.0,2859.0,0.302553,0.68594,12201.0,9715.0,4892.86
instance_68,2.4766,13.699,5.94959,0.0,0.0,0.0,6.33433,1.27848,0.552259,0.0,0.980024,3.09631,2.3028,4909.36,14336.8,1035.0,1051.81,10.6008,1.0,2.0,1.0,4337.0,0.0,0.977462,10843.0,59412.4,25803.4,0.0,0.0,1034.0,0.0,0.0,3303.0,3403.0,0.0,0.0,0.23304,0.0,0.0,0.761586,0.76696,0.0,0.0,0.0,0.0,0.0,0.0,,0.0,1.0,0.41309,0.000230574,-0.602061,229599.0,364.785,229599.0,65.4599,0.0,5.0,2.0,0.0,5.0,0.0,5.0,5.0,0.0,0.0,0.0,2.42078,629.41,339.958,0.974835,5.55736,10.1698,3203.0,0.436668,1.90257,1.93318,5271.0,4886.75,25031.4,22.0,229599.0,229599.0,0.0,2.0,0.285714,1235.0,1035.0,4437.0,0.511607,1.02306,10741.0,2792690.0,1508390.0
instance_53,2.82348,6.99339,2.20169,0.0,0.0,0.0,1.71188,2.80266,0.580135,32.0,0.424993,1.7745,1.37799,2836.87,5083.12,33.0,326.811,9.90335,2.0,2.0,1.0,2521.0,0.0,1.02563,6446.0,17630.3,5550.46,126.0,63.0,1243.0,0.0,0.0,1277.0,1215.0,0.0499802,0.0249901,0.505696,0.0,0.0,0.506545,0.494304,0.0122967,0.0,31.0,0.0,0.0,0.0,,0.0,1.0,0.345322,0.000396668,-0.357847,192.0,11.2019,192.0,1.53392,0.0,0.0,3.0,5.0,0.0,0.0,5.0,5.0,0.0,5.0,0.0,2.89585,17.14,8.13662,1.82949,6.65085,7.01556,2364.0,0.399467,0.534068,0.405426,3451.0,2767.47,3389.36,37.0,1010.0,505.0,0.0,2.0,0.5,1152.0,1124.0,2458.0,0.925956,0.97501,7118.0,42130.0,19999.8
instance_91,3.63286,8.91765,2.7583,0.0,0.0,0.0,2.35203,6.85444,1.12127,0.0,0.704323,3.04853,2.04836,5824.98,10313.9,349.0,4148.99,14.4939,2.0,2.0,1.0,4772.0,0.0,1.03807,12653.0,42555.0,13162.6,0.0,0.0,1692.0,0.0,0.0,3051.0,2905.0,0.0,0.0,0.368066,0.0,0.0,0.639355,0.631934,0.0,0.0,0.0,0.0,1.0,29.0,0.0344828,0.00607712,1.0,0.265171,0.000209556,-0.881186,473782000.0,2298.15,473782000.0,67.6195,0.0,1.0,2.0,0.0,1.0,0.0,1.0,1.0,0.0,0.0,0.0,3.77116,206158.0,154609.0,0.833909,33.9717,45.2161,4129.0,2.30774,1.86491,2.25793,12042.0,7421.83,13686.0,46.0,473782000.0,473782000.0,0.0,2.0,0.130435,8196.0,1289.0,4597.0,2.0633,0.963328,17336.0,947710000.0,710736000.0
instance_34,2.84052,7.32346,2.73057,0.0,0.0,0.0,0.764866,1.31886,0.818779,13.0,1.35743,3.03073,1.84366,303.941,574.676,12.0,95.798,14.4308,2.0,2.0,1.0,232.0,0.0,1.04977,660.0,1699.04,633.492,46.0,12.0,178.0,0.0,0.0,172.0,43.0,0.198276,0.0517241,0.80543,0.0,0.0,0.741379,0.19457,0.0,0.0,0.0,0.0,1.0,2.0,0.5,0.00862069,1.0,0.335357,0.00431034,-0.569137,22086.0,43.16,22086.0,8.15877,0.0,5.0,2.0,0.0,5.0,0.0,5.0,5.0,0.0,0.0,0.0,2.9819,511.724,305.537,1.16781,5.16744,6.01328,207.0,0.788973,1.13574,0.94526,219.0,271.997,523.763,24.0,22086.0,22086.0,0.0,2.0,0.285714,24.0,210.0,221.0,1.05882,0.952586,659.0,113091.0,67523.6
instance_87,3.04303,3.8997,1.33767,0.0,0.0,0.0,1.23342,1.39736,0.607799,0.0,1.54057,2.13633,0.764093,47390.4,56213.7,60.0,297.252,4.9542,1.0,1.0,1.0,34673.0,0.0,1.21116,81502.0,135214.0,46381.1,7485.0,18780.0,25575.0,0.0,0.0,5552.0,3053.0,0.215874,0.541632,0.893356,0.0,0.0,0.160125,0.106644,0.00432613,0.0,150.0,0.0,2.0,6.0,0.333333,0.000173045,0.0,0.0,0.0,0.0,0.0,0.0,0.0,0.0,0.0,0.0,1.0,0.0,1.0,1.0,1.0,1.0,0.0,0.0,0.0,3.68559,2.43094,0.929767,1.88232,1.81996,2.0052,21267.0,1.68111,0.101048,0.652313,31172.0,41918.2,30075.0,155.0,101.0,50.5,0.0,2.0,0.0165289,3248.0,137.0,28628.0,0.118241,0.825657,105511.0,69593.0,26617.4
instance_16,3.66518,16.344,3.2144,0.0,0.0,0.0,1.43494,1.75573,1.13901,0.0,1.71685,2.49959,2.0337,327.643,544.556,65.0,133.06,15.5369,2.0,2.0,1.0,224.0,0.0,0.82963,651.0,3661.06,720.026,0.0,0.0,56.0,0.0,0.0,165.0,214.0,0.0,0.0,0.207407,0.0,0.0,0.736607,0.792593,0.0,0.0,0.0,0.0,2.0,15.0,0.133333,0.0669643,1.0,0.328867,0.00446429,-1.38694,10001.0,2.83334,10001.0,0.533938,0.0,5.0,2.0,0.0,5.0,0.0,5.0,5.0,0.0,0.0,0.0,3.04074,3529.75,1724.03,0.483894,3.43363,3.52305,144.0,1.9356,1.82734,2.05257,520.0,403.92,1360.37,16.0,70201.0,35100.5,0.0,2.0,0.25,715.0,309.0,270.0,3.79259,1.20536,821.0,953033.0,465489.0
instance_49,,,,,,,,,,,,,,,,,,,,,,,,,,,,,,,,,,,,,,,,,,,,,,,,,,,,,,,,,,,,,,,,,,,,,,,,,,,,,,,,,,,,,,,,,,,,,,,
instance_73,2.43596,3.03223,1.24391,0.0,0.0,0.0,1.41107,1.40998,0.434511,0.0,1.03069,1.84888,0.559629,8246.89,9796.31,191.0,203.384,5.90889,2.0,2.0,1.0,6918.0,0.0,2.06816,16297.0,20977.0,8605.39,1187.0,3918.0,3091.0,0.0,0.0,1623.0,254.0,0.171581,0.566349,0.924066,0.0,0.0,0.234605,0.0759342,0.0,0.0,0.0,0.0,0.0,0.0,,0.0,1.0,0.198493,0.00014455,-0.455431,10689.0,1986.48,10689.0,57.8166,0.0,0.0,2.0,0.0,5.0,5.0,5.0,5.0,0.0,0.0,0.0,5.03797,5.38087,3.95211,1.75989,34.341,46.7554,3034.0,2.57374,0.161263,0.887744,3535.0,5815.03,3460.29,101.0,10689.0,10689.0,0.0,2.0,0.029703,652.0,763.0,3345.0,0.423019,0.483521,16852.0,17999.0,13219.8
instance_21,3.66019,8.46704,1.66655,0.0,0.0,0.0,2.05026,3.01851,0.493594,0.0,0.802975,3.87507,1.55543,2589.61,3850.5,70.0,186.105,8.34078,1.0,1.0,1.0,2160.0,0.0,1.5265,5859.0,18288.8,3599.74,131.0,608.0,1061.0,0.0,0.0,1395.0,354.0,0.0606481,0.281481,0.749823,0.0,0.0,0.645833,0.250177,0.0,0.0,0.0,0.0,3.0,26.0,0.115385,0.012037,1.0,0.178978,0.000462963,-0.469244,9835.0,972.3,9835.0,37.5974,0.0,5.0,2.0,0.0,5.0,0.0,5.0,5.0,0.0,0.0,0.0,5.58728,10.1152,7.92434,1.74967,25.8343,32.9795,1128.0,1.73563,0.915132,0.720199,1814.0,2247.45,1799.31,60.0,9835.0,9835.0,0.0,2.0,0.0526316,452.0,191.0,1415.0,0.454417,0.655093,7906.0,14313.0,11212.9
instance_12,2.75627,3.18185,1.21657,0.0,0.0,0.0,2.11849,1.86568,0.33199,0.0,1.4762,2.09287,0.825535,10811.3,12679.5,170.0,176.409,7.40939,1.0,2.0,1.0,8497.0,0.0,1.23611,19680.0,27036.2,10337.2,2618.0,1416.0,4757.0,0.0,0.0,1894.0,2117.0,0.308109,0.166647,0.692028,0.0,0.0,0.222902,0.307972,0.0734377,0.0,624.0,0.0,0.0,0.0,,0.0,0.0,0.0,0.0,0.0,0.0,0.0,0.0,0.0,0.0,0.0,1.0,0.0,5.0,5.0,5.0,5.0,0.0,0.0,0.0,3.40704,2.19625,0.906051,0.945796,1.63497,2.50399,6758.0,1.26425,0.17195,0.650492,8247.0,9695.29,7198.67,19.0,170.0,170.0,0.0,2.0,0.105263,1661.0,940.0,6874.0,0.378382,0.808991,23420.0,15097.0,6228.2
instance_63,2.78947,17.8368,6.61503,0.0,0.0,0.0,1.33078,1.26808,0.0567495,0.0,0.380891,0.380891,0.127419,65.8704,221.052,26.0,173.113,7.02588,2.0,13.3164,3.82911,57.0,0.0,1.11765,172.0,1016.7,377.057,0.0,0.0,0.0,0.0,0.0,54.0,51.0,0.0,0.0,0.0,0.0,0.0,0.947368,1.0,0.0,0.0,0.0,0.0,2.0,3.0,0.666667,0.0526316,1.0,0.320755,0.0175439,-1.51767,1001.0,9.70736,1001.0,6.80384,0.0,0.0,2.0,0.0,5.0,0.0,5.0,5.0,0.0,5.0,0.0,3.11765,103.118,45.7193,0.447558,1.27977,2.97139,8.0,2.34733,0.761105,2.43614,84.0,74.1553,297.612,6.0,1001.0,1001.0,0.0,2.0,2.0,126.0,96.0,51.0,4.35294,0.894737,159.0,5259.0,2331.68
instance_7,5.267,10.4258,1.90805,0.0,0.0,0.0,1.05231,1.26453,0.424791,63.0,2.02231,3.84464,1.70526,3951.26,5745.57,28.0,100.846,5.04232,1.0,1.0,1.0,2176.0,0.0,1.06667,6553.0,22686.5,4151.92,415.0,0.0,680.0,0.0,0.0,1557.0,1360.0,0.190717,0.0,0.333333,0.0,0.0,0.715533,0.666667,0.0,0.0,0.0,0.0,5.0,86.0,0.0581395,0.0395221,1.0,0.177995,0.000459559,-0.592791,27.0,3.20456,27.0,1.58251,0.0,0.0,2.0,0.0,5.0,5.0,5.0,5.0,0.0,0.0,0.0,5.61814,8.42549,3.50835,1.38667,1.39308,1.70469,1466.0,1.7243,2.20591,2.27169,3346.0,3469.16,4375.82,29.0,42.0,27.0,0.0,2.0,0.103448,2435.0,210.0,2040.0,1.29657,0.9375,11461.0,17188.0,7157.03
instance_14,2.99119,3.37381,1.19435,0.0,0.0,0.0,2.32199,2.07869,0.32315,0.0,1.70699,2.28246,0.775131,16957.0,19446.4,226.0,232.82,7.82018,1.0,2.0,1.0,12595.0,0.0,1.2085,28770.0,42493.2,15042.8,4337.0,1904.0,7196.0,0.0,0.0,2516.0,3226.0,0.344343,0.151171,0.690462,0.0,0.0,0.199762,0.309538,0.0666931,0.0,840.0,0.0,0.0,0.0,,0.0,0.0,0.0,0.0,0.0,0.0,0.0,0.0,0.0,0.0,0.0,1.0,0.0,5.0,5.0,5.0,5.0,0.0,0.0,0.0,3.61485,2.17242,0.912533,1.26469,1.78002,2.68539,10258.0,1.17239,0.154063,0.601875,12640.0,14576.4,10849.1,37.0,226.0,226.0,0.0,2.0,0.0540541,2610.0,1627.0,10422.0,0.406544,0.827471,37674.0,22641.0,9510.42
instance_43,4.28881,21.0451,3.41669,0.0,0.0,0.0,1.13495,1.98919,0.809639,0.0,1.72778,2.13055,1.33666,2311.58,3901.85,57.0,684.02,12.0004,2.0,2.0,1.0,1340.0,0.0,2.17532,3185.0,28200.5,4578.36,78.0,525.0,327.0,0.0,0.0,373.0,289.0,0.058209,0.391791,0.530844,0.0,0.0,0.278358,0.469156,0.0,0.0,0.0,0.0,1.0,364.0,0.00274725,0.271642,1.0,0.107186,0.000746269,-1.23095,13651.0,16.7448,13651.0,7.56283,0.0,0.0,2.0,0.0,5.0,5.0,5.0,5.0,0.0,0.0,0.0,9.32955,815.237,72.0998,0.725305,2.08187,7.78988,333.0,2.79616,0.724961,1.59454,1381.0,1692.87,1937.78,45.0,13651.0,13651.0,0.0,2.0,0.0444444,1024.0,817.0,616.0,2.98864,0.459701,5747.0,502186.0,44413.5
instance_40,2.91928,18.1593,6.28698,0.0,0.0,0.0,3.21214,3.0325,0.0630091,0.0,0.156111,3.0464,0.356751,470.552,1652.06,151.0,807.387,6.49185,1.0,6.49185,4.03841,446.0,0.0,1.13198,1342.0,8099.05,2803.99,0.0,0.0,0.0,0.0,0.0,442.0,394.0,0.0,0.0,0.0,0.0,0.0,0.991031,1.0,0.0,0.0,0.0,0.0,1.0,4.0,0.25,0.00896861,1.0,0.302611,0.00224215,-0.936989,17129.0,147.062,17129.0,19.8157,0.0,1.0,2.0,0.0,1.0,0.0,1.0,1.0,0.0,0.0,0.0,3.30457,116.475,72.3319,0.744287,7.37103,11.8969,152.0,1.37509,3.22311,3.85872,572.0,567.897,2384.91,10.0,17129.0,17129.0,0.0,3.0,1.5,363.0,544.0,394.0,2.30203,0.883408,1302.0,45891.0,28498.8
instance_45,4.21071,20.3746,3.37074,0.0,0.0,0.0,1.14049,2.01686,0.817423,0.0,1.72205,2.15069,1.32999,2382.0,4013.57,57.0,684.02,12.0004,2.0,2.0,1.0,1400.0,0.0,2.14724,3341.0,28524.5,4719.03,90.0,549.0,363.0,0.0,0.0,397.0,289.0,0.0642857,0.392143,0.556748,0.0,0.0,0.283571,0.443252,0.0,0.0,0.0,0.0,1.0,364.0,0.00274725,0.26,1.0,0.110602,0.000714286,-1.16388,13651.0,17.7209,13651.0,7.75888,0.0,0.0,2.0,0.0,5.0,5.0,5.0,5.0,0.0,0.0,0.0,9.04141,770.334,68.0001,0.764165,2.15506,8.03137,369.0,2.79624,0.701652,1.56049,1417.0,1756.1,1973.78,57.0,13651.0,13651.0,0.0,2.0,0.0350877,1024.0,817.0,652.0,2.82362,0.465714,5895.0,502258.0,44336.1
instance_47,,,,,,,,,,,,,,,,,,,,,,,,,,,,,,,,,,,,,,,,,,,,,,,,,,,,,,,,,,,,,,,,,,,,,,,,,,,,,,,,,,,,,,,,,,,,,,,
instance_75,2.8003,3.86133,1.34798,0.0,0.0,0.0,1.116,1.40116,0.426255,0.0,1.10398,2.06461,0.717387,1742.58,2189.3,51.0,90.7605,4.32193,2.0,2.0,1.0,1342.0,0.0,1.34874,3580.0,5181.91,1808.99,212.0,555.0,883.0,0.0,0.0,525.0,112.0,0.157973,0.413562,0.887437,0.0,0.0,0.391207,0.112563,0.0,0.0,0.0,0.0,0.0,0.0,,0.0,1.0,0.264768,0.000745156,-0.379869,1297.0,348.505,1297.0,31.4652,0.0,0.0,2.0,0.0,5.0,5.0,5.0,5.0,0.0,0.0,0.0,3.77688,3.72161,2.17729,1.93549,11.0441,18.8634,824.0,1.84104,0.40092,0.634322,1045.0,1417.04,1097.5,86.0,1297.0,1297.0,0.0,2.0,0.0348837,232.0,103.0,995.0,0.336683,0.741431,3758.0,3703.0,2166.4
instance_78,3.27273,23.0741,6.0336,0.0,0.0,0.0,2.64688,3.36617,0.540854,0.0,1.07629,5.49867,3.11128,334.618,936.031,103.0,937.93,12.2706,1.0,1.0,1.0,264.0,0.0,1.22222,797.0,6091.55,1592.87,43.0,7.0,30.0,0.0,0.0,188.0,186.0,0.162879,0.0265152,0.138889,0.0,0.0,0.712121,0.861111,0.0606061,0.0,16.0,0.0,2.0,3.0,0.666667,0.0113636,49.0,12.25,0.185606,11.0938,2949.0,2.51646,60.1837,0.925111,5.0,0.0,2.0,5.0,0.0,5.0,0.0,5.0,0.0,0.0,0.0,4.0,1171.88,331.729,1.01408,1.63922,1.71787,178.0,2.25514,4.38649,5.11021,284.0,366.26,1524.15,49.0,4941.0,2470.5,0.0,2.0,0.105263,311.0,340.0,216.0,3.01389,0.818182,864.0,253127.0,71653.6
instance_70,2.48797,13.8597,5.95116,0.0,0.0,0.0,4.32977,0.965702,0.555181,0.0,0.910232,2.34457,2.06627,2230.8,6460.5,478.0,493.089,10.6008,1.0,2.0,1.0,1953.0,0.0,0.988861,4883.0,27068.1,11622.6,0.0,0.0,477.0,0.0,0.0,1476.0,1498.0,0.0,0.0,0.241519,0.0,0.0,0.75576,0.758481,0.0,0.0,0.0,0.0,0.0,0.0,,0.0,1.0,0.406462,0.000512033,-0.443566,69697.0,112.944,69697.0,41.0379,0.0,5.0,2.0,0.0,5.0,0.0,5.0,5.0,0.0,0.0,0.0,2.46025,617.092,325.779,1.33811,2.72782,4.89414,1454.0,0.241222,1.6691,1.64997,2408.0,2120.59,11077.0,36.0,69697.0,69697.0,0.0,2.0,1.0,522.0,478.0,1975.0,0.506329,1.01126,4859.0,1218760.0,643414.0
instance_92,3.44408,9.29631,3.04284,0.0,0.0,0.0,2.43475,7.90454,0.982798,0.0,0.663689,3.03535,2.21182,8236.46,15982.1,478.0,5993.94,14.0401,2.0,2.0,1.0,6796.0,0.0,1.15578,18293.0,63177.7,20679.2,0.0,0.0,2124.0,0.0,0.0,4643.0,3756.0,0.0,0.0,0.361224,0.0,0.0,0.683196,0.638776,0.0,0.0,0.0,0.0,1.0,29.0,0.0344828,0.00426722,1.0,0.251218,0.000147145,-0.650171,465725000.0,2939.4,465725000.0,76.544,0.0,1.0,2.0,0.0,1.0,0.0,1.0,1.0,0.0,0.0,0.0,3.98061,158442.0,118821.0,1.15167,38.3883,51.1279,5365.0,2.26283,1.85454,2.38978,15300.0,9491.27,18917.1,71.0,465725000.0,465725000.0,0.0,2.0,0.126761,10172.0,1244.0,5880.0,1.9415,0.865215,23406.0,931641000.0,698669000.0
instance_24,4.68362,15.5809,2.08446,0.0,0.0,0.0,4.75523,6.34809,0.427216,0.0,0.790737,5.20621,1.79595,25777.4,49163.5,357.0,1180.7,11.5783,1.0,1.0,1.0,25507.0,0.0,2.99906,72722.0,397422.0,53168.4,666.0,3731.0,6352.0,0.0,0.0,21052.0,2153.0,0.0261105,0.146274,0.746855,0.0,0.0,0.825342,0.253145,0.0,0.0,0.0,0.0,3.0,58.0,0.0517241,0.00227389,1.0,0.0711924,3.92049e-05,-0.311953,126080.0,6572.78,126080.0,92.2105,0.0,5.0,2.0,0.0,5.0,0.0,5.0,5.0,0.0,0.0,0.0,14.0464,19.1821,15.9331,2.9774,71.2694,85.7994,6691.0,1.71627,0.818029,0.705731,11282.0,14473.3,11061.0,222.0,126080.0,126080.0,0.0,2.0,0.010989,2640.0,1351.0,8505.0,0.469253,0.333438,119465.0,163144.0,135511.0
instance_52,2.81409,6.9029,2.18636,0.0,0.0,0.0,1.64715,2.70002,0.579512,30.0,0.442448,1.80512,1.39047,2533.68,4517.5,31.0,306.708,9.89381,2.0,2.0,1.0,2243.0,0.0,1.02701,5742.0,15483.2,4904.02,118.0,59.0,1105.0,0.0,0.0,1137.0,1079.0,0.0526081,0.0263041,0.505952,0.0,0.0,0.50691,0.494048,0.0129291,0.0,29.0,0.0,0.0,0.0,,0.0,1.0,0.346008,0.000445831,-0.369791,174.0,9.75801,174.0,1.33489,0.0,0.0,3.0,5.0,0.0,0.0,5.0,5.0,0.0,5.0,0.0,2.89011,17.8315,8.4891,1.76855,6.56087,6.90036,2096.0,0.417112,0.556806,0.423202,3055.0,2468.76,3043.46,35.0,1010.0,505.0,0.0,2.0,0.5,1020.0,994.0,2184.0,0.922161,0.973696,6312.0,38944.0,18540.2
instance_59,8.18584,35.7065,4.31501,0.0,0.0,0.0,1.24661,1.24901,0.0240313,0.0,0.97297,3.09178,-8.88178e-16,226.8,465.108,52.0,221.467,4.39232,2.0,7.32193,3.66096,113.0,0.0,0.849624,337.0,4034.84,487.596,81.0,0.0,0.0,0.0,0.0,31.0,133.0,0.716814,0.0,0.0,0.0,0.0,0.274336,1.0,0.0,0.0,0.0,0.0,1.0,1.0,1.0,0.00884956,1.0,0.143784,0.00884956,-0.548686,1021.0,37.6575,1021.0,11.4858,0.0,0.0,2.0,0.0,5.0,5.0,5.0,5.0,0.0,0.0,0.0,6.95489,27.1128,15.0921,1.56048,3.19154,5.80542,82.0,1.39383,2.3234,2.54114,133.0,233.549,575.063,32.0,1021.0,1021.0,0.0,8.0,0.625,103.0,1095.0,133.0,9.00752,1.17699,925.0,3606.0,2007.25
instance_41,4.04709,19.0514,3.30295,0.0,0.0,0.0,1.12012,2.03343,0.834725,0.0,1.74751,2.24067,1.34785,1929.68,3250.27,49.0,588.017,12.0004,2.0,2.0,1.0,1168.0,0.0,1.95973,2837.0,22252.1,3857.84,90.0,449.0,347.0,0.0,0.0,365.0,249.0,0.0770548,0.384418,0.582215,0.0,0.0,0.3125,0.417785,0.0,0.0,0.0,0.0,1.0,264.0,0.00378788,0.226027,1.0,0.126084,0.000856164,-1.13865,11701.0,16.0437,11701.0,6.80612,0.0,0.0,2.0,0.0,5.0,5.0,5.0,5.0,0.0,0.0,0.0,7.93121,729.322,69.803,0.7675,2.21032,7.08564,353.0,2.80482,0.68154,1.54102,1297.0,1525.74,1741.55,57.0,11701.0,11701.0,0.0,2.0,0.0350877,880.0,793.0,596.0,2.80705,0.510274,4727.0,434676.0,41602.6
instance_17,4.31548,20.6048,3.55816,0.0,0.0,0.0,2.82979,2.52373,1.00553,0.0,1.48299,2.30832,2.09943,1215.53,2220.05,273.0,604.538,15.9338,2.0,2.0,1.0,840.0,0.0,0.720412,2391.0,17308.0,2988.86,0.0,0.0,224.0,0.0,0.0,673.0,942.0,0.0,0.0,0.19211,0.0,0.0,0.80119,0.80789,0.0,0.0,0.0,0.0,2.0,15.0,0.133333,0.0178571,1.0,0.321655,0.00119048,-0.671313,10001.0,3.28388,10001.0,0.596436,0.0,5.0,2.0,0.0,5.0,0.0,5.0,5.0,0.0,0.0,0.0,3.10892,3045.48,1501.4,1.01047,3.82921,3.8867,592.0,1.69594,1.65362,1.86837,2768.0,1731.28,5954.84,64.0,70201.0,35100.5,0.0,2.0,0.25,3747.0,1236.0,1166.0,4.27358,1.3881,3625.0,3551030.0,1750640.0
instance_2,2.76451,9.83904,3.5778,0.0,0.0,0.0,1.9818,0.881417,0.65678,0.0,1.02082,3.34792,1.61355,374.63,782.904,96.0,101.585,6.63902,2.0,2.0,1.0,293.0,0.0,0.755155,784.0,2882.84,1048.3,0.0,0.0,95.0,0.0,0.0,198.0,293.0,0.0,0.0,0.244845,0.0,0.0,0.675768,0.755155,0.0,0.0,0.0,0.0,0.0,0.0,,0.0,1.0,0.479012,0.00341297,-1.33116,96.0,2.22018,96.0,1.11784,5.0,0.0,3.0,5.0,0.0,5.0,0.0,5.0,0.0,0.0,0.0,2.08763,43.2397,20.9491,0.391379,1.09155,1.1249,228.0,1.66396,1.88597,2.46866,388.0,364.669,1329.38,6.0,101.0,96.0,0.0,2.0,0.666667,221.0,97.0,388.0,0.819588,1.32423,810.0,16777.0,8128.27
instance_11,2.99119,3.37381,1.19435,0.0,0.0,0.0,2.32199,2.07869,0.32315,0.0,1.70699,2.28246,0.775131,16957.0,19446.4,226.0,232.82,7.82018,1.0,2.0,1.0,12595.0,0.0,1.2085,28770.0,42493.2,15042.8,4337.0,1904.0,7196.0,0.0,0.0,2516.0,3226.0,0.344343,0.151171,0.690462,0.0,0.0,0.199762,0.309538,0.0666931,0.0,840.0,0.0,0.0,0.0,,0.0,0.0,0.0,0.0,0.0,0.0,0.0,0.0,0.0,0.0,0.0,1.0,0.0,5.0,5.0,5.0,5.0,0.0,0.0,0.0,3.61485,2.17242,0.912533,1.26469,1.78002,2.68539,10258.0,1.17239,0.154063,0.601875,12640.0,14576.4,10849.1,37.0,226.0,226.0,0.0,2.0,0.0540541,2610.0,1627.0,10422.0,0.406544,0.827471,37674.0,22641.0,9510.42
instance_89,3.04299,3.89435,1.336,0.0,0.0,0.0,1.23369,1.39777,0.605912,0.0,1.5397,2.1311,0.759741,47366.4,56152.8,60.0,297.252,4.9542,1.0,1.0,1.0,34657.0,0.0,1.21043,81454.0,134967.0,46301.8,7485.0,18780.0,25575.0,0.0,0.0,5536.0,3057.0,0.215974,0.541882,0.893231,0.0,0.0,0.159737,0.106769,0.00432813,0.0,150.0,0.0,2.0,6.0,0.333333,0.000173125,0.0,0.0,0.0,0.0,0.0,0.0,0.0,0.0,0.0,0.0,1.0,0.0,1.0,1.0,1.0,1.0,0.0,0.0,0.0,3.68333,2.43493,0.942858,1.87581,1.82214,2.09739,21270.0,1.68202,0.101936,0.65314,31172.0,41894.8,30094.8,124.0,101.0,50.5,0.0,2.0,0.0165289,3254.0,107.0,28632.0,0.117386,0.826153,105461.0,69717.0,26995.9
instance_23,4.69807,14.3726,2.14145,0.0,0.0,0.0,2.43983,3.53365,0.529154,0.0,0.825818,5.39997,2.03694,4339.23,7455.15,108.0,362.208,10.0852,1.0,1.0,1.0,3471.0,0.0,1.81538,9619.0,49887.3,7432.98,211.0,775.0,1533.0,0.0,0.0,2432.0,379.0,0.0607894,0.223279,0.801778,0.0,0.0,0.700663,0.198222,0.0,0.0,0.0,0.0,3.0,53.0,0.0566038,0.0152694,1.0,0.11725,0.000288101,-0.444183,48255.0,1570.34,48255.0,43.7106,0.0,5.0,2.0,0.0,5.0,0.0,5.0,5.0,0.0,0.0,0.0,8.52877,30.7291,26.5228,1.98736,35.9029,41.5968,1617.0,1.58988,1.02597,0.707567,2224.0,3232.64,2685.54,107.0,48255.0,48255.0,0.0,2.0,0.0350877,539.0,157.0,1912.0,0.364017,0.55085,16307.0,58754.0,50711.7
instance_67,2.48178,13.8389,5.97642,0.0,0.0,0.0,10.2068,1.92512,0.551806,0.0,0.949189,2.62064,2.09625,12547.3,36620.6,2666.0,2693.8,10.6008,1.0,2.0,1.0,11061.0,0.0,0.98224,27653.0,153072.0,66105.2,0.0,0.0,2665.0,0.0,0.0,8396.0,8596.0,0.0,0.0,0.236657,0.0,0.0,0.759063,0.763343,0.0,0.0,0.0,0.0,0.0,0.0,,0.0,1.0,0.410222,9.04077e-05,-0.507963,468527000.0,11106.0,468527000.0,106.113,0.0,5.0,2.0,0.0,5.0,0.0,5.0,5.0,0.0,0.0,0.0,2.43771,42186.8,41895.9,1.16107,104.653,105.379,8196.0,0.385334,1.77318,1.81654,13526.0,12289.3,63432.4,62.0,468527000.0,468527000.0,0.0,2.0,0.511628,3066.0,2666.0,11261.0,0.509013,1.01808,27451.0,475066000.0,471790000.0
instance_77,3.05729,19.5676,5.66746,0.0,0.0,0.0,1.85124,2.46395,0.593654,0.0,1.12037,4.22253,2.85475,245.485,645.646,61.0,521.868,11.0795,1.0,1.0,1.0,192.0,0.0,1.24675,591.0,3756.97,1088.15,17.0,14.0,44.0,0.0,0.0,136.0,110.0,0.0885417,0.0729167,0.285714,0.0,0.0,0.708333,0.714286,0.0729167,0.0,14.0,0.0,2.0,3.0,0.666667,0.015625,41.0,10.7564,0.213542,10.179,1528.0,2.80467,37.2683,1.16032,5.0,0.0,2.0,5.0,0.0,5.0,0.0,5.0,0.0,0.0,0.0,3.81169,544.805,159.537,0.958485,1.55532,1.73238,119.0,2.4711,3.03892,3.95043,219.0,251.307,842.576,41.0,2164.0,1082.0,0.0,2.0,0.181818,214.0,155.0,154.0,2.3961,0.802083,587.0,83900.0,24568.8
instance_32,2.84052,6.60212,2.51199,0.0,0.0,0.0,0.764866,0.907869,0.606708,13.0,1.35743,3.03073,1.78463,303.941,566.049,12.0,55.2309,9.34873,2.0,2.0,1.0,232.0,0.0,1.04977,660.0,1531.69,582.783,46.0,12.0,178.0,0.0,0.0,172.0,43.0,0.198276,0.0517241,0.80543,0.0,0.0,0.741379,0.19457,0.0,0.0,0.0,0.0,1.0,2.0,0.5,0.00862069,1.0,0.335357,0.00431034,-0.569137,652.0,24.3358,652.0,7.34619,0.0,5.0,2.0,0.0,5.0,0.0,5.0,5.0,0.0,0.0,0.0,2.9819,26.7919,14.5776,1.16781,3.17658,3.89189,207.0,0.788973,1.13574,0.94526,219.0,271.997,437.547,24.0,652.0,652.0,0.0,2.0,0.285714,24.0,210.0,221.0,1.05882,0.952586,659.0,5921.0,3221.65
instance_88,3.04109,3.89295,1.33518,0.0,0.0,0.0,1.23429,1.40003,0.608322,0.0,1.554,2.14788,0.760872,47341.0,56090.6,60.0,297.252,4.9542,1.0,1.0,1.0,34682.0,0.0,1.21134,81529.0,135015.0,46306.6,7485.0,18780.0,25575.0,0.0,0.0,5561.0,3056.0,0.215818,0.541491,0.893263,0.0,0.0,0.160343,0.106737,0.00432501,0.0,150.0,0.0,2.0,6.0,0.333333,0.000173,0.0,0.0,0.0,0.0,0.0,0.0,0.0,0.0,0.0,0.0,1.0,0.0,1.0,1.0,1.0,1.0,0.0,0.0,0.0,3.6838,2.4338,0.930163,1.87318,1.82135,2.00469,21270.0,1.68144,0.102056,0.653575,31172.0,41925.6,30089.6,124.0,101.0,50.5,0.0,2.0,0.0165289,3253.0,141.0,28631.0,0.118543,0.825529,105471.0,69682.0,26631.5
instance_56,6.73832,26.4606,3.92671,0.0,0.0,0.0,1.15246,1.17308,0.0239363,0.0,0.999709,3.0674,0.0,207.054,418.156,46.0,195.95,4.25977,2.0,7.22882,3.61441,107.0,0.0,0.884298,319.0,2831.28,420.158,75.0,0.0,0.0,0.0,0.0,31.0,121.0,0.700935,0.0,0.0,0.0,0.0,0.28972,1.0,0.0,0.0,0.0,0.0,1.0,1.0,1.0,0.00934579,1.0,0.167822,0.00934579,-0.505684,901.0,39.0197,901.0,10.9507,0.0,0.0,2.0,0.0,5.0,5.0,5.0,5.0,0.0,0.0,0.0,5.95868,23.0909,13.8223,1.64565,3.47189,5.86286,76.0,1.35712,2.6148,2.45113,121.0,197.549,485.881,32.0,901.0,901.0,0.0,10.0,0.4375,91.0,693.0,121.0,6.47934,1.13084,721.0,2794.0,1672.5
instance_46,,,,,,,,,,,,,,,,,,,,,,,,,,,,,,,,,,,,,,,,,,,,,,,,,,,,,,,,,,,,,,,,,,,,,,,,,,,,,,,,,,,,,,,,,,,,,,,
instance_3,2.78182,10.0799,3.65225,0.0,0.0,0.0,1.88092,0.838245,0.6359,0.0,1.02796,3.42943,1.79914,355.351,750.758,89.0,94.4757,6.53916,2.0,2.0,1.0,275.0,0.0,0.757576,737.0,2771.99,1004.37,0.0,0.0,88.0,0.0,0.0,187.0,275.0,0.0,0.0,0.242424,0.0,0.0,0.68,0.757576,0.0,0.0,0.0,0.0,0.0,0.0,,0.0,1.0,0.47451,0.00363636,-1.34852,89.0,2.13163,89.0,1.0728,5.0,0.0,3.0,5.0,0.0,5.0,0.0,5.0,0.0,0.0,0.0,2.10744,41.7521,19.8518,0.389678,1.05484,1.07807,211.0,1.68971,1.98962,2.51008,363.0,346.253,1259.52,6.0,93.0,89.0,0.0,2.0,0.666667,201.0,90.0,363.0,0.801653,1.32,765.0,15156.0,7206.22
instance_54,2.82348,6.99335,2.20169,0.0,0.0,0.0,1.71188,2.80258,0.580126,32.0,0.424993,1.77242,1.37799,2836.87,5083.12,33.0,326.71,9.90029,2.0,2.0,1.0,2521.0,0.0,1.02563,6446.0,17630.2,5550.45,126.0,63.0,1243.0,0.0,0.0,1277.0,1215.0,0.0499802,0.0249901,0.505696,0.0,0.0,0.506545,0.494304,0.0122967,0.0,31.0,0.0,0.0,0.0,,0.0,1.0,0.345322,0.000396668,-0.357847,181.0,10.5656,181.0,1.43808,0.0,0.0,3.0,5.0,0.0,0.0,5.0,5.0,0.0,5.0,0.0,2.89585,17.131,8.12991,1.82949,6.65167,7.01724,2364.0,0.399467,0.531286,0.407076,3451.0,2767.47,3389.26,37.0,1010.0,505.0,0.0,2.0,0.5,1152.0,1124.0,2458.0,0.925956,0.97501,7118.0,42108.0,19983.3
instance_60,7.57317,32.5479,4.25778,0.0,0.0,0.0,1.24572,1.25086,0.0207947,0.0,0.981308,2.92439,0.0,158.868,330.23,41.0,175.401,4.35712,2.0,7.64386,3.82193,82.0,0.0,0.811881,244.0,2668.93,349.138,60.0,0.0,0.0,0.0,0.0,21.0,101.0,0.731707,0.0,0.0,0.0,0.0,0.256098,1.0,0.0,0.0,0.0,0.0,1.0,1.0,1.0,0.0121951,1.0,0.162641,0.0121951,-0.65278,801.0,30.0189,801.0,9.99733,0.0,0.0,2.0,0.0,5.0,5.0,5.0,5.0,0.0,0.0,0.0,6.14851,26.6832,14.8842,1.28276,2.90267,5.28637,61.0,1.43751,2.14428,2.36991,101.0,180.888,433.163,22.0,801.0,801.0,0.0,10.0,0.863636,81.0,823.0,101.0,8.9505,1.23171,621.0,2695.0,1503.3
