instance,nvarsOrig,nclausesOrig,nvars,nclauses,reducedVars,reducedClauses,vars.clauses.ratio,POSNEG.RATIO.CLAUSE.mean,POSNEG.RATIO.CLAUSE.coeff.variation,POSNEG.RATIO.CLAUSE.min,POSNEG.RATIO.CLAUSE.max,POSNEG.RATIO.CLAUSE.entropy,VCG.CLAUSE.mean,VCG.CLAUSE.coeff.variation,VCG.CLAUSE.min,VCG.CLAUSE.max,VCG.CLAUSE.entropy,UNARY,BINARY.,TRINARY.,VCG.VAR.mean,VCG.VAR.coeff.variation,VCG.VAR.min,VCG.VAR.max,VCG.VAR.entropy,POSNEG.RATIO.VAR.mean,POSNEG.RATIO.VAR.stdev,POSNEG.RATIO.VAR.min,POSNEG.RATIO.VAR.max,POSNEG.RATIO.VAR.entropy,HORNY.VAR.mean,HORNY.VAR.coeff.variation,HORNY.VAR.min,HORNY.VAR.max,HORNY.VAR.entropy,horn.clauses.fraction,VG.mean,VG.coeff.variation,VG.min,VG.max,CG.mean,CG.coeff.variation,CG.min,CG.max,CG.entropy,cluster.coeff.mean,cluster.coeff.coeff.variation,cluster.coeff.min,cluster.coeff.max,cluster.coeff.entropy
sat/20180321_110706599_p_cnf_320_1120.cnf.bz2,320.0,1120.0,320.0,1120.0,0.0,0.0,0.285714,0.502381,0.577324,0.333333,1.0,0.566225,0.009375,0.0,0.009375,0.009375,0.0,0.0,0.0,1.0,0.009375,0.059285,0.008929,0.010714,0.872857,0.032955,0.043702,0.0,0.090909,0.654843,0.004763,0.270693,0.001786,0.008929,1.7729,0.508036,0.01875,0.059285,0.017857,0.021429,0.014066,0.047304,0.013393,0.016071,1.06525,0.119608,0.043324,0.105263,0.125,0.758008
sat/20180321_140824282_p_cnf_320_1120.cnf.bz2,320.0,1120.0,320.0,1120.0,0.0,0.0,0.285714,0.500595,0.577349,0.333333,1.0,0.563314,0.009375,0.0,0.009375,0.009375,0.0,0.0,0.0,1.0,0.009375,0.060234,0.008929,0.010714,0.879904,0.031818,0.043361,0.0,0.090909,0.647447,0.004503,0.285036,0.000893,0.008036,1.773645,0.480357,0.01875,0.060234,0.017857,0.021429,0.014069,0.04714,0.013393,0.016071,1.064585,0.119581,0.043233,0.105263,0.125,0.750855
sat/20180321_140826713_p_cnf_320_1120.cnf.bz2,320.0,1120.0,320.0,1120.0,0.0,0.0,0.285714,0.507738,0.577082,0.333333,1.0,0.574731,0.009375,0.0,0.009375,0.009375,0.0,0.0,0.0,1.0,0.009375,0.062543,0.008929,0.010714,0.893043,0.028977,0.042363,0.0,0.090909,0.625924,0.004637,0.27483,0.000893,0.008036,1.763489,0.494643,0.01875,0.062543,0.017857,0.021429,0.014077,0.047522,0.013393,0.016071,1.07186,0.119521,0.043546,0.105263,0.125,0.758702
sat/20180322_164241842_p_cnf_320_1120.cnf.bz2,320.0,1120.0,320.0,1120.0,0.0,0.0,0.285714,0.497619,0.577324,0.333333,1.0,0.558377,0.009375,0.0,0.009375,0.009375,0.0,0.0,0.0,1.0,0.009375,0.058805,0.008929,0.010714,0.868934,0.033523,0.043861,0.0,0.090909,0.658287,0.004729,0.256087,0.000893,0.008036,1.715937,0.504464,0.01875,0.058805,0.017857,0.021429,0.014064,0.047952,0.013393,0.016071,1.07377,0.119627,0.043888,0.105263,0.125,0.760691
sat/20180326_095801070_p_cnf_320_1120.cnf.bz2,320.0,1120.0,320.0,1120.0,0.0,0.0,0.285714,0.490476,0.576915,0.333333,1.0,0.546089,0.009375,0.0,0.009375,0.009375,0.0,0.0,0.0,1.0,0.009375,0.061629,0.008929,0.010714,0.888541,0.030114,0.042788,0.0,0.090909,0.63506,0.004654,0.270792,0.001786,0.008036,1.756275,0.496429,0.01875,0.061629,0.017857,0.021429,0.014074,0.047913,0.013393,0.016071,1.076418,0.11955,0.043878,0.105263,0.125,0.761076
sat/a_rphp035_05.cnf.bz2,367.0,4118.0,327.0,4062.0,0.122324,0.013786,0.080502,0.844289,0.351918,0.0,1.0,0.76689,0.014179,0.822148,0.006116,0.207951,0.955844,0.0,0.14648,0.14648,0.014179,0.923201,0.001231,0.065485,3.948854,0.322959,0.331397,0.0,1.0,3.080621,0.009138,1.078804,0.001231,0.053914,3.773495,0.820286,0.039474,0.186758,0.001231,0.076071,0.026749,0.785073,0.001231,0.150665,3.84219,0.139183,0.594233,0.008985,0.418114,2.375432
sat/a_rphp045_05.cnf.bz2,472.0,6643.0,422.0,6557.0,0.118483,0.013116,0.064359,0.854354,0.331223,0.0,1.0,0.742455,0.011083,0.833933,0.004739,0.208531,0.906838,0.0,0.117432,0.117432,0.011083,0.959902,0.000763,0.052921,4.198948,0.35069,0.344105,0.0,1.0,3.168177,0.007187,1.106212,0.000763,0.043312,3.995329,0.816989,0.031518,0.187385,0.000763,0.060851,0.021153,0.793971,0.000763,0.137563,4.036974,0.122636,0.706894,0.006753,0.421457,2.208026
sat/a_rphp055_04.cnf.bz2,467.0,7278.0,408.0,7171.0,0.144608,0.014921,0.056896,0.780545,0.443994,0.0,1.0,0.84583,0.01097,0.768953,0.004902,0.264706,0.961988,0.0,0.090364,0.090364,0.01097,0.943813,0.000558,0.044624,4.385162,0.419264,0.372455,0.0,1.0,3.188975,0.006903,0.98237,0.000558,0.033747,4.119454,0.749268,0.027703,0.221462,0.000558,0.052991,0.021002,0.628745,0.000558,0.158137,4.239316,0.116183,0.993578,0.006125,0.473851,2.102999
sat/a_rphp056_05.cnf.bz2,588.0,10225.0,527.0,10109.0,0.11575,0.011475,0.052132,0.861477,0.31609,0.0,1.0,0.72555,0.008935,0.837931,0.003795,0.208729,0.868874,0.0,0.095459,0.095459,0.008935,0.983836,0.000495,0.043427,4.448709,0.379365,0.356349,0.0,1.0,3.227756,0.005818,1.122366,0.000495,0.035513,4.221473,0.814225,0.025523,0.188324,0.000495,0.049263,0.01713,0.801328,0.000495,0.129291,4.222282,0.110054,0.820706,0.005067,0.426924,2.135564
sat/a_rphp065_04.cnf.bz2,552.0,10063.0,483.0,9966.0,0.142857,0.009733,0.048465,0.782078,0.43979,0.0,1.0,0.842019,0.009324,0.771249,0.004141,0.26501,0.946306,0.0,0.077062,0.077062,0.009324,0.959696,0.000401,0.038029,4.535291,0.43338,0.383075,0.0,1.0,3.026515,0.005837,0.994275,0.000401,0.028798,4.262437,0.743327,0.02358,0.221892,0.000401,0.045154,0.018064,0.62182,0.000401,0.150913,4.390814,0.107257,1.093589,0.004835,0.477993,1.932854
sat/a_rphp098_04.cnf.bz2,833.0,22593.0,731.0,22383.0,0.139535,0.009382,0.032659,0.791445,0.422906,0.0,1.0,0.809975,0.006199,0.77901,0.002736,0.26539,0.889546,0.0,0.052093,0.052093,0.006199,0.987345,0.000179,0.025689,4.93582,0.474182,0.400255,0.0,1.0,3.138063,0.003904,1.014514,0.000179,0.019568,4.632264,0.73949,0.015872,0.222971,0.000179,0.030425,-1.0,0.0,-1.0,0.0,-512.0,-1.0,0.0,-1.0,0.0,0.0
sat/ae_rphp045_05.cnf.bz2,4732.0,10903.0,422.0,6362.0,10.21327,0.713769,0.066331,0.870324,0.312471,0.0,1.0,0.627276,0.010081,0.937378,0.004739,0.208531,0.975459,0.0,0.266268,0.266268,0.010081,0.915615,0.000786,0.038353,3.977307,0.36915,0.310695,0.0,1.0,3.659257,0.006719,1.009398,0.000786,0.031437,3.930656,0.842031,0.031092,0.205105,0.000786,0.062716,0.018552,0.907524,0.000786,0.141779,1.953617,0.140844,0.711911,0.002215,0.363852,1.700117
sat/ae_rphp055_04.cnf.bz2,5185.0,11996.0,408.0,6868.0,11.708333,0.746651,0.059406,0.808678,0.403872,0.0,1.0,0.700383,0.009945,0.882273,0.004902,0.264706,1.022052,0.0,0.24767,0.24767,0.009945,0.916987,0.000582,0.031741,4.0902,0.430819,0.339286,0.0,1.0,3.623236,0.006456,0.905501,0.000582,0.023879,4.087693,0.782324,0.027404,0.241921,0.000582,0.055329,0.018738,0.729708,0.000582,0.165114,2.218648,0.135625,0.996035,0.001762,0.432941,1.693752
sat/ae_rphp095_04.cnf.bz2,14665.0,34976.0,708.0,19938.0,19.713277,0.754238,0.03551,0.822416,0.377296,0.0,1.0,0.653304,0.005767,0.903716,0.002825,0.265537,0.99819,0.0,0.21923,0.21923,0.005767,0.966655,0.000201,0.018959,4.555981,0.484133,0.365746,0.0,1.0,3.681258,0.003762,0.940745,0.000201,0.014244,4.555287,0.775554,0.016328,0.243497,0.000201,0.033103,-1.0,0.0,-1.0,0.0,-512.0,-1.0,0.0,-1.0,0.0,0.0
sat/apn-sbox6-cut3-helpbox28.cnf.bz2,199968.0,810936.0,43287.0,305476.0,3.619586,1.654664,0.141703,0.45246,0.575426,0.0,1.0,1.625581,0.000113,0.500495,4.6e-05,0.000208,1.101679,0.0,3e-06,0.388708,0.000113,8.92348,3.3e-05,0.018001,0.724065,0.420536,0.291938,0.0,0.666667,1.101533,2.6e-05,10.292758,0.0,0.005716,1.339933,0.324965,5.5e-05,6.517574,1.6e-05,0.009778,-1.0,0.0,-1.0,0.0,-512.0,-1.0,0.0,-1.0,0.0,0.0
sat/apn-sbox6-cut3-helpbox30.cnf.bz2,199968.0,810948.0,39876.0,278898.0,4.014746,1.907687,0.142977,0.455497,0.559288,0.0,1.0,1.590729,0.000125,0.509994,7.5e-05,0.000226,1.093061,0.0,0.0,0.419641,0.000125,8.991761,3.9e-05,0.019663,0.65037,0.461222,0.284239,0.0,0.666667,0.994615,2.8e-05,10.228927,0.0,0.006085,1.338218,0.325316,6e-05,6.515345,1.8e-05,0.010054,-1.0,0.0,-1.0,0.0,-512.0,-1.0,0.0,-1.0,0.0,0.0
sat/apn-sbox6-cut3-helpbox31.cnf.bz2,199968.0,810954.0,38238.0,266073.0,4.229562,2.047863,0.143712,0.457864,0.546833,0.0,1.0,1.558384,0.000131,0.514921,7.8e-05,0.000235,1.08243,0.0,0.0,0.437707,0.000131,9.040447,4.5e-05,0.020588,0.600134,0.48486,0.277127,0.0,0.666667,0.907145,2.9e-05,10.195138,4e-06,0.006307,1.338445,0.326177,6.4e-05,6.520373,1.9e-05,0.010178,-1.0,0.0,-1.0,0.0,-512.0,-1.0,0.0,-1.0,0.0,0.0
sat/apn-sbox6-cut4-helpbox26.cnf.bz2,137472.0,810924.0,45836.0,332906.0,1.999215,1.435895,0.137685,0.451858,0.596312,0.0,1.0,1.688355,0.000103,0.463269,4.4e-05,0.000196,1.146035,0.0,6e-06,0.308613,0.000103,9.044461,2.7e-05,0.016554,0.609312,0.436488,0.236704,0.0,0.666667,1.413402,2.5e-05,10.31133,3e-06,0.005404,1.375964,0.314389,4.8e-05,6.793919,1.5e-05,0.008771,-1.0,0.0,-1.0,0.0,-512.0,-1.0,0.0,-1.0,0.0,0.0
sat/apn-sbox6-cut4-helpbox28.cnf.bz2,137472.0,810936.0,42832.0,305721.0,2.209563,1.652536,0.140102,0.453527,0.588421,0.0,1.0,1.689196,0.000112,0.483165,7e-05,0.00021,1.162614,0.0,0.0,0.352943,0.000112,9.031228,3.9e-05,0.017997,0.484088,0.463515,0.24065,0.0,0.666667,1.265277,2.6e-05,10.334024,3e-06,0.005711,1.384996,0.313201,5.3e-05,6.756231,1.6e-05,0.009244,-1.0,0.0,-1.0,0.0,-512.0,-1.0,0.0,-1.0,0.0,0.0
sat/apn-sbox6-cut4-helpbox29.cnf.bz2,137472.0,810942.0,41454.0,292190.0,2.316254,1.775393,0.141873,0.455462,0.580228,0.0,1.0,1.676697,0.000117,0.493579,7.2e-05,0.000217,1.161006,0.0,0.0,0.381163,0.000117,9.028857,4.1e-05,0.018799,0.482784,0.477825,0.242109,0.0,0.666667,1.223867,2.6e-05,10.354976,3e-06,0.005887,1.384813,0.313327,5.6e-05,6.748661,1.7e-05,0.009508,-1.0,0.0,-1.0,0.0,-512.0,-1.0,0.0,-1.0,0.0,0.0
sat/apn-sbox6-cut4-helpbox30.cnf.bz2,137472.0,810948.0,40172.0,279021.0,2.422085,1.906405,0.143975,0.45819,0.568459,0.0,1.0,1.650509,0.000122,0.504634,7.5e-05,0.000224,1.148176,0.0,0.0,0.41417,0.000122,9.033933,4.3e-05,0.019662,0.484199,0.493182,0.243423,0.0,0.666667,1.161869,2.7e-05,10.392208,4e-06,0.006082,1.383532,0.314664,5.9e-05,6.74982,1.8e-05,0.009777,-1.0,0.0,-1.0,0.0,-512.0,-1.0,0.0,-1.0,0.0,0.0
sat/apn-sbox6-cut5-helpbox29.cnf.bz2,74976.0,1060926.0,36302.0,329542.0,1.065341,2.219395,0.110159,0.413826,0.671501,0.0,1.0,1.988961,0.000139,0.401849,8.3e-05,0.000248,1.412983,0.0,0.0,0.259791,0.000139,9.500494,3.6e-05,0.020504,0.563084,0.46946,0.252289,0.0,0.666667,0.987451,2e-05,10.885381,3e-06,0.004157,0.924274,0.203552,5.1e-05,6.072473,2.7e-05,0.008041,-1.0,0.0,-1.0,0.0,-512.0,-1.0,0.0,-1.0,0.0,0.0
sat/apn-sbox6-cut5-helpbox30.cnf.bz2,74976.0,1060932.0,35148.0,315445.0,1.133151,2.363287,0.111424,0.415458,0.662519,0.0,1.0,1.944127,0.000145,0.411848,8.5e-05,0.000256,1.37432,0.0,0.0,0.286712,0.000145,9.493324,3.8e-05,0.021348,0.564467,0.486951,0.254305,0.0,0.666667,0.915774,2e-05,11.008545,3e-06,0.00433,0.8879,0.202679,5.4e-05,6.092474,2.9e-05,0.008445,-1.0,0.0,-1.0,0.0,-512.0,-1.0,0.0,-1.0,0.0,0.0
sat/bibd-16-80-15-3-2_glb.cnf.bz2,189392.0,2286288.0,189376.0,2286048.0,8.4e-05,0.000105,0.08284,0.539772,0.580756,0.0,1.0,0.699073,1.7e-05,1.48404,1.1e-05,0.000417,0.118998,0.0,0.011569,0.991797,1.7e-05,2.490592,4e-06,0.000206,0.752718,0.092689,0.135433,0.0,0.660297,0.782183,1.6e-05,2.306492,1e-06,0.000171,0.754602,0.989348,1.3e-05,1.760125,3e-06,0.000112,-1.0,0.0,-1.0,0.0,-512.0,-1.0,0.0,-1.0,0.0,0.0
sat/bibd-19-57-9-3-1_glb.cnf.bz2,18411.0,85196.0,18050.0,84892.0,0.02,0.003581,0.212623,0.321009,1.212237,0.0,1.0,1.280764,0.00016,1.653328,0.000111,0.003158,0.943121,0.0,0.650403,0.905103,0.00016,0.633544,9.4e-05,0.00073,1.946006,0.114345,0.08964,0.0,0.619048,1.890215,0.000107,0.924758,3.5e-05,0.000471,1.584399,0.846911,0.000499,0.985438,7.1e-05,0.012592,0.000297,0.941568,7.1e-05,0.003263,2.880343,0.189371,0.723384,0.009999,0.638889,3.144984
sat/bibd-8-70-35-4-15_glb.cnf.bz2,10720.0,49934.0,9600.0,49388.0,0.116667,0.011055,0.194379,0.454963,0.739888,0.0,1.0,1.526112,0.000328,0.281115,0.000208,0.000521,1.250083,0.0,0.246659,0.686564,0.000328,0.355742,0.000182,0.00081,2.644179,0.134627,0.091262,0.0,0.555556,2.679218,0.00014,0.374489,6.1e-05,0.000364,1.907272,0.48858,0.000203,0.478584,0.000121,0.000668,0.000472,0.424392,0.000121,0.001134,3.561725,0.282154,0.33772,0.088319,0.551282,3.444646
sat/by-alt-5-7.cnf.bz2,48937.0,448053.0,47929.0,421684.0,0.021031,0.062533,0.113661,0.278033,0.999065,0.0,1.0,0.914271,5.3e-05,0.194378,4.2e-05,6.3e-05,0.686845,0.0,0.443922,1.0,5.3e-05,1.145131,1.9e-05,0.000934,2.701016,0.13807,0.146517,0.0,0.741294,2.716141,3.5e-05,1.163961,1.4e-05,0.000576,2.332055,0.705988,5.2e-05,1.580955,1.2e-05,0.001001,-1.0,0.0,-1.0,0.0,-512.0,-1.0,0.0,-1.0,0.0,0.0
sat/by-X-2-7-100.cnf.bz2,62000.0,3259670.0,59834.0,2695797.0,0.0362,0.209167,0.022195,0.265792,0.639729,0.0,1.0,0.625224,4.6e-05,0.157977,3.3e-05,5e-05,0.564461,0.0,0.251944,1.0,4.6e-05,0.914833,2e-06,0.00133,5.126887,0.202934,0.283675,0.0,0.979109,3.501605,2.7e-05,0.843504,2e-06,0.000675,4.322535,0.621171,4.7e-05,1.010977,1e-06,0.001336,-1.0,0.0,-1.0,0.0,-512.0,-1.0,0.0,-1.0,0.0,0.0
sat/bz-X-4-7-6.cnf.bz2,23508.0,200000.0,22328.0,180096.0,0.052848,0.110519,0.123978,0.270656,1.063154,0.0,1.0,0.937598,0.000113,0.198653,9e-05,0.000134,0.692654,0.0,0.484292,1.0,0.000113,1.087379,3.9e-05,0.001855,2.702147,0.138918,0.12502,0.0,0.706161,2.922373,7.7e-05,1.095806,3.3e-05,0.001183,2.255744,0.733464,0.000106,1.480248,2.8e-05,0.00201,0.00027,1.09061,2.8e-05,0.001849,4.324475,0.086816,0.626514,0.00678,0.333333,2.819327
sat/cms-scheel-md4-families-r24-c4-p4-9-13-18.cnf.bz2,29689.0,94135.0,11557.0,62172.0,1.568919,0.514106,0.185888,0.39296,0.427177,0.0,1.0,1.012668,0.000294,1.728091,0.000173,0.044562,0.912109,0.0,0.079135,0.599949,0.000294,0.326216,0.000113,0.000611,2.471643,0.060371,0.150143,0.0,0.666667,1.351282,0.000149,0.34975,4.8e-05,0.000273,2.100993,0.531236,0.000502,3.360663,6.4e-05,0.008332,0.000441,0.505912,0.000113,0.016969,3.219154,0.283109,0.267333,0.015897,0.515152,3.21393
sat/cms-scheel-md4-families-r24-c4-p6-13-17-19.cnf.bz2,29689.0,94135.0,11557.0,62172.0,1.568919,0.514106,0.185888,0.39296,0.427177,0.0,1.0,1.012668,0.000294,1.728091,0.000173,0.044562,0.912109,0.0,0.079135,0.599949,0.000294,0.325348,0.000113,0.000611,2.462344,0.060396,0.150143,0.0,0.666667,1.355258,0.000149,0.349664,4.8e-05,0.000273,2.097792,0.531236,0.000502,3.360716,6.4e-05,0.008332,0.000441,0.504444,0.000113,0.016969,3.192025,0.283197,0.266877,0.015897,0.515152,3.209283
sat/cms-scheel-md4-families-r24-c5-p0-7-10-15-19.cnf.bz2,29690.0,94137.0,11586.0,62232.0,1.562576,0.512678,0.186174,0.393619,0.426582,0.0,1.0,1.01271,0.000294,1.728006,0.000173,0.04445,0.910786,0.0,0.078031,0.600206,0.000294,0.328239,0.000112,0.000611,2.476523,0.061864,0.152985,0.0,0.666667,1.350662,0.000149,0.352333,4.8e-05,0.000289,2.126722,0.531109,0.000502,3.352784,6.4e-05,0.008324,0.000442,0.507383,0.000112,0.016953,3.223468,0.282727,0.267499,0.015897,0.515152,3.209852
sat/cms-scheel-md4-families-r24-c5-p1-5-10-12-18.cnf.bz2,29690.0,94137.0,11586.0,62232.0,1.562576,0.512678,0.186174,0.393619,0.426582,0.0,1.0,1.01271,0.000294,1.728006,0.000173,0.04445,0.910786,0.0,0.078031,0.600206,0.000294,0.328164,0.000112,0.000611,2.472463,0.061842,0.152987,0.0,0.666667,1.354129,0.000149,0.351803,4.8e-05,0.000289,2.128286,0.531109,0.000502,3.352773,6.4e-05,0.008324,0.000442,0.507898,0.000112,0.016953,3.230862,0.282784,0.267801,0.015897,0.515152,3.21621
sat/cms-scheel-md4-families-r24-c5-p1-8-13-18-19.cnf.bz2,29690.0,94137.0,11586.0,62232.0,1.562576,0.512678,0.186174,0.393619,0.426582,0.0,1.0,1.01271,0.000294,1.728006,0.000173,0.04445,0.910786,0.0,0.078031,0.600206,0.000294,0.327183,0.000112,0.000611,2.475096,0.061888,0.152984,0.0,0.666667,1.355147,0.000149,0.351792,4.8e-05,0.000273,2.106775,0.531109,0.000502,3.35282,6.4e-05,0.008324,0.000442,0.506597,0.000112,0.016953,3.223652,0.282923,0.267489,0.015897,0.515152,3.22063
sat/cms-scheel-md4-families-r24-c5-p1-8-9-16-19.cnf.bz2,29690.0,94137.0,11586.0,62232.0,1.562576,0.512678,0.186174,0.393619,0.426582,0.0,1.0,1.01271,0.000294,1.728006,0.000173,0.04445,0.910786,0.0,0.078031,0.600206,0.000294,0.328239,0.000112,0.000611,2.476523,0.061864,0.152985,0.0,0.666667,1.350662,0.000149,0.352259,4.8e-05,0.000273,2.123551,0.531109,0.000502,3.352782,6.4e-05,0.008324,0.000442,0.507878,0.000112,0.016953,3.236168,0.282789,0.267914,0.015897,0.515152,3.221575
sat/cms-scheel-md4-families-r24-c5-p5-13-16-17-19.cnf.bz2,29690.0,94137.0,11586.0,62232.0,1.562576,0.512678,0.186174,0.393619,0.426582,0.0,1.0,1.01271,0.000294,1.728006,0.000173,0.04445,0.910786,0.0,0.078031,0.600206,0.000294,0.326318,0.000112,0.000611,2.463093,0.061913,0.152984,0.0,0.666667,1.359114,0.000149,0.351706,4.8e-05,0.000273,2.10384,0.531109,0.000502,3.352873,6.4e-05,0.008324,0.000441,0.505274,0.000112,0.016953,3.205257,0.283029,0.267167,0.015897,0.515152,3.21927
sat/cms-scheel-md4-families-r24-c6-p0-5-10-11-17-18.cnf.bz2,29691.0,94139.0,11615.0,62292.0,1.556263,0.511253,0.186461,0.394278,0.425983,0.0,1.0,1.012705,0.000294,1.727917,0.000172,0.044339,0.909421,0.0,0.076928,0.600462,0.000294,0.330048,0.000112,0.00061,2.483877,0.063349,0.155746,0.0,0.666667,1.349406,0.000149,0.354438,4.8e-05,0.000289,2.132864,0.530983,0.000502,3.344945,6.4e-05,0.008316,0.000443,0.509403,0.000112,0.016936,3.238158,0.282455,0.268171,0.015897,0.515152,3.221315
sat/cms-scheel-md4-families-r24-c6-p1-9-13-16-18-19.cnf.bz2,29691.0,94139.0,11615.0,62292.0,1.556263,0.511253,0.186461,0.394278,0.425983,0.0,1.0,1.012705,0.000294,1.727917,0.000172,0.044339,0.909421,0.0,0.076928,0.600462,0.000294,0.328142,0.000112,0.00061,2.475736,0.063398,0.155746,0.0,0.666667,1.358889,0.000149,0.353816,4.8e-05,0.000273,2.11201,0.530983,0.000502,3.345028,6.4e-05,0.008316,0.000442,0.50726,0.000112,0.016936,3.225731,0.282736,0.267658,0.015897,0.515152,3.22746
sat/cms-scheel-md4-families-r24-c6-p2-4-9-16-17-19.cnf.bz2,29691.0,94139.0,11615.0,62292.0,1.556263,0.511253,0.186461,0.394278,0.425983,0.0,1.0,1.012705,0.000294,1.727917,0.000172,0.044339,0.909421,0.0,0.076928,0.600462,0.000294,0.329193,0.000112,0.00061,2.478882,0.063374,0.155746,0.0,0.666667,1.354415,0.000149,0.35428,4.8e-05,0.000273,2.127648,0.530983,0.000502,3.344989,6.4e-05,0.008316,0.000442,0.508386,0.000112,0.016936,3.235256,0.282581,0.267959,0.015897,0.515152,3.224938
sat/cms-scheel-md5-families-r24-c11-p1-4-6-9-10-11-13-15-17-18-19.cnf.bz2,39550.0,131279.0,16126.0,89935.0,1.452561,0.45971,0.179307,0.408786,0.391533,0.0,1.0,0.969498,0.000213,1.442319,0.000124,0.031936,0.85238,0.0,0.048502,0.589415,0.000213,0.484778,8.9e-05,0.000578,2.034942,0.043995,0.147924,0.0,0.666667,0.551555,0.000108,0.501962,3.3e-05,0.000289,1.934043,0.523011,0.000274,3.627582,4.4e-05,0.005749,0.000369,0.518397,7.8e-05,0.011708,3.51826,0.28402,0.27194,0.016016,0.566667,3.182929
sat/cms-scheel-md5-families-r24-c4-p1-3-4-16.cnf.bz2,39543.0,131265.0,15923.0,89515.0,1.483389,0.466402,0.177881,0.40565,0.394552,0.0,1.0,0.971911,0.000214,1.437187,0.000126,0.032343,0.861038,0.0,0.053734,0.588114,0.000214,0.475275,8.9e-05,0.000581,2.000225,0.036057,0.130975,0.0,0.666667,0.519016,0.000109,0.490757,3.4e-05,0.000279,1.899346,0.523588,0.000273,3.688506,4.5e-05,0.005776,0.000366,0.506115,7.8e-05,0.011763,3.465577,0.285787,0.266783,0.016016,0.566667,3.188609
sat/cms-scheel-md5-families-r24-c5-p6-11-15-16-19.cnf.bz2,39544.0,131267.0,15952.0,89575.0,1.478937,0.465442,0.178085,0.4061,0.394125,0.0,1.0,0.971648,0.000214,1.437939,0.000125,0.032284,0.859876,0.0,0.052984,0.5883,0.000214,0.476656,8.9e-05,0.000581,2.0081,0.037203,0.133584,0.0,0.666667,0.523933,0.000109,0.492371,3.3e-05,0.000279,1.905198,0.523505,0.000273,3.679639,4.5e-05,0.005772,0.000367,0.507905,7.8e-05,0.011756,3.471764,0.285529,0.26753,0.016016,0.566667,3.186177
sat/cms-scheel-md5-families-r24-c7-p1-3-6-10-11-14-15.cnf.bz2,39546.0,131271.0,16010.0,89695.0,1.470081,0.463526,0.178494,0.406997,0.393268,0.0,1.0,0.971034,0.000214,1.439423,0.000125,0.032167,0.857469,0.0,0.051486,0.588673,0.000214,0.479395,8.9e-05,0.00058,2.020599,0.039483,0.138601,0.0,0.666667,0.533484,0.000108,0.495506,3.3e-05,0.000279,1.906419,0.52334,0.000273,3.66207,4.5e-05,0.005764,0.000368,0.511575,7.8e-05,0.01174,3.50173,0.285026,0.269005,0.016016,0.566667,3.187781
sat/cms-scheel-md5-families-r24-c7-p1-5-6-12-16-18-19.cnf.bz2,39546.0,131271.0,16010.0,89695.0,1.470081,0.463526,0.178494,0.406997,0.393268,0.0,1.0,0.971034,0.000214,1.439423,0.000125,0.032167,0.857469,0.0,0.051486,0.588673,0.000214,0.479395,8.9e-05,0.00058,2.020599,0.039483,0.138601,0.0,0.666667,0.533484,0.000108,0.495575,3.3e-05,0.000279,1.914003,0.52334,0.000273,3.66207,4.5e-05,0.005764,0.000368,0.511518,7.8e-05,0.01174,3.497633,0.285024,0.269024,0.016016,0.566667,3.187738
sat/CNP-5-0.cnf.bz2,28085.0,219071.0,22295.0,209160.0,0.259699,0.047385,0.106593,0.979054,0.099643,0.0,1.0,0.220047,0.000142,0.72339,9e-05,0.000359,0.678287,0.0,0.778476,0.784968,0.000142,0.376085,6.7e-05,0.000292,2.974974,0.008284,0.024612,0.0,1.0,0.747786,7e-05,0.396778,0.0,0.000287,2.955174,0.778476,0.000286,0.361334,9.6e-05,0.000598,-1.0,0.0,-1.0,0.0,-512.0,-1.0,0.0,-1.0,0.0,0.0
sat/CNP-5-1000.cnf.bz2,23085.0,172671.0,18295.0,163760.0,0.26182,0.054415,0.111718,0.975201,0.109098,0.0,1.0,0.251171,0.000173,0.718702,0.000109,0.000437,0.701844,0.0,0.774951,0.783244,0.000173,0.396635,6.1e-05,0.000366,3.029034,0.011815,0.030072,0.0,1.0,0.917801,8.5e-05,0.41985,0.0,0.000366,2.993836,0.774951,0.000346,0.381356,0.00011,0.000751,0.000308,0.811946,6.7e-05,0.001453,4.333247,0.062654,0.522366,0.008439,0.274725,2.468125
sat/CNP-5-1100.cnf.bz2,22585.0,167911.0,17895.0,159100.0,0.262084,0.05538,0.112476,0.974675,0.110321,0.0,1.0,0.255305,0.000177,0.718055,0.000112,0.000447,0.704934,0.0,0.774469,0.783004,0.000177,0.399886,7.5e-05,0.000377,3.042442,0.012292,0.030734,0.0,1.0,0.933753,8.7e-05,0.42338,0.0,0.000377,3.003505,0.774469,0.000353,0.384212,0.000113,0.000773,0.000315,0.811274,6.9e-05,0.001483,4.330814,0.06309,0.523426,0.008439,0.285714,2.47478
sat/CNP-5-1500.cnf.bz2,20585.0,149471.0,16295.0,141060.0,0.263271,0.059627,0.115518,0.973456,0.113707,0.0,1.0,0.264905,0.000194,0.716919,0.000123,0.000491,0.712567,0.0,0.773727,0.783355,0.000194,0.403067,7.1e-05,0.000425,3.083211,0.014611,0.034065,0.0,1.0,1.009884,9.5e-05,0.427097,0.0,0.000425,3.005783,0.773727,0.000387,0.386599,0.000113,0.000872,0.000346,0.810641,6.4e-05,0.001673,4.311163,0.065033,0.528917,0.008439,0.318182,2.509381
sat/CNP-5-1700.cnf.bz2,19585.0,140691.0,15495.0,132480.0,0.263956,0.061979,0.116961,0.972497,0.116041,0.0,1.0,0.272303,0.000204,0.715853,0.000129,0.000516,0.718201,0.0,0.772977,0.783228,0.000204,0.404678,7.5e-05,0.000453,3.080731,0.015994,0.035856,0.0,1.0,1.065627,0.0001,0.429399,0.0,0.000453,3.011912,0.772977,0.000406,0.388185,0.000121,0.000928,0.000363,0.810777,6.8e-05,0.001766,4.304873,0.066121,0.532875,0.008656,0.318182,2.533448
sat/CNP-5-1800.cnf.bz2,19085.0,136511.0,15095.0,128406.0,0.264326,0.06312,0.117557,0.972147,0.11698,0.0,1.0,0.274924,0.000209,0.715523,0.000132,0.00053,0.720272,0.0,0.772752,0.783328,0.000209,0.40421,6.2e-05,0.000467,3.095717,0.016597,0.036802,0.0,1.0,1.100194,0.000102,0.428781,0.0,0.000467,3.011657,0.772752,0.000416,0.386773,0.000109,0.000958,0.000372,0.808219,7e-05,0.001822,4.291497,0.066358,0.527411,0.008656,0.318182,2.530591
sat/CNP-5-200.cnf.bz2,27085.0,209311.0,21495.0,199600.0,0.26006,0.048652,0.10769,0.978211,0.101683,0.0,1.0,0.226957,0.000148,0.722312,9.3e-05,0.000372,0.683477,0.0,0.777645,0.784449,0.000148,0.383984,6e-05,0.000301,3.025405,0.008741,0.025287,0.0,1.0,0.773218,7.2e-05,0.405413,0.0,0.000301,2.995995,0.777645,0.000296,0.369115,0.0001,0.000616,0.000261,0.811779,5.5e-05,0.001192,4.32899,0.059939,0.513249,0.008439,0.266667,2.413146
sat/CNP-5-500.cnf.bz2,25585.0,196491.0,20295.0,187080.0,0.260655,0.050305,0.108483,0.977249,0.104086,0.0,1.0,0.234787,0.000156,0.721149,9.9e-05,0.000394,0.689427,0.0,0.776769,0.784028,0.000156,0.385256,5.3e-05,0.000321,3.014383,0.009691,0.026823,0.0,1.0,0.817434,7.7e-05,0.407446,0.0,0.000321,2.980438,0.776769,0.000313,0.370704,0.000107,0.000657,0.000276,0.810333,5.9e-05,0.001272,4.322167,0.060518,0.51337,0.008439,0.274725,2.418593
sat/CNP-5-600.cnf.bz2,25085.0,191591.0,19895.0,182280.0,0.26087,0.051081,0.109145,0.976838,0.10509,0.0,1.0,0.238098,0.000159,0.72065,0.000101,0.000402,0.691932,0.0,0.776393,0.783844,0.000159,0.387394,5.5e-05,0.000329,3.032366,0.01005,0.02736,0.0,1.0,0.834762,7.8e-05,0.409763,0.0,0.000329,2.987934,0.776393,0.000319,0.372616,0.00011,0.000675,0.000282,0.810382,6e-05,0.001306,4.321543,0.06095,0.515091,0.008439,0.274725,2.427307
sat/CNP-5-700.cnf.bz2,24585.0,187411.0,19495.0,178200.0,0.261093,0.051689,0.1094,0.976402,0.106107,0.0,1.0,0.241588,0.000163,0.720094,0.000103,0.00041,0.694534,0.0,0.775971,0.783591,0.000163,0.388121,5.6e-05,0.000337,3.030502,0.010386,0.027835,0.0,1.0,0.854417,8e-05,0.410872,0.0,0.000337,2.99478,0.775971,0.000325,0.373552,0.000112,0.00069,0.000288,0.8097,6.2e-05,0.001336,4.319786,0.061192,0.517507,0.008439,0.274725,2.431362
sat/CNP-5-800.cnf.bz2,24085.0,183111.0,19095.0,174000.0,0.261325,0.052362,0.109741,0.975952,0.107157,0.0,1.0,0.245174,0.000166,0.719525,0.000105,0.000419,0.697209,0.0,0.77554,0.783345,0.000166,0.389876,5.7e-05,0.000345,3.028632,0.010819,0.028562,0.0,1.0,0.878241,8.1e-05,0.412793,0.0,0.000345,2.993562,0.77554,0.000331,0.375215,0.000103,0.000707,0.000294,0.809593,6.3e-05,0.001368,4.326006,0.061465,0.518783,0.008439,0.274725,2.438517
sat/CNP-5-900.cnf.bz2,23585.0,178091.0,18695.0,169080.0,0.261567,0.053294,0.110569,0.975584,0.108099,0.0,1.0,0.248119,0.000169,0.719113,0.000107,0.000428,0.699476,0.0,0.775242,0.783274,0.000169,0.393988,5.9e-05,0.000355,3.038989,0.011277,0.029294,0.0,1.0,0.895085,8.3e-05,0.417135,0.0,0.000355,3.003403,0.775242,0.000338,0.379244,0.000106,0.000727,0.000301,0.810658,6.5e-05,0.001408,4.334068,0.06195,0.521385,0.008439,0.274725,2.450309
sat/course_flat_0.12_2018_3_1.cnf.bz2,494293.0,763635.0,178661.0,431421.0,1.766653,0.770046,0.414122,0.360392,1.047733,0.0,1.0,2.291847,4.5e-05,5.108408,1.1e-05,0.040289,2.196281,0.0,0.505641,0.618215,4.5e-05,0.852261,5e-06,0.001205,3.473677,0.688169,0.198074,0.0,1.0,3.400981,6e-06,2.193392,0.0,0.000417,1.115086,0.529056,0.001804,2.099507,5e-06,0.020636,-1.0,0.0,-1.0,0.0,-512.0,-1.0,0.0,-1.0,0.0,0.0
sat/course0.12_2018_3_1.cnf.bz2,217610.0,486368.0,77263.0,343932.0,1.816484,0.41414,0.224646,0.451776,0.913539,0.0,1.0,1.669377,4.4e-05,2.140187,2.6e-05,0.009461,1.430762,0.0,0.513253,0.741763,4.4e-05,1.303901,6e-06,0.001221,2.747972,0.27181,0.234496,0.0,1.0,3.248203,1.9e-05,1.209966,0.0,0.000486,2.252361,0.634529,0.00019,2.384886,1.5e-05,0.003905,-1.0,0.0,-1.0,0.0,-512.0,-1.0,0.0,-1.0,0.0,0.0
sat/course0.16_2018_3_5.cnf.bz2,656818.0,1192036.0,173805.0,786722.0,2.779051,0.515193,0.220923,0.448495,0.924234,0.0,1.0,1.677799,2e-05,3.060007,1.2e-05,0.009424,1.44777,0.0,0.52432,0.73672,2e-05,1.434588,6e-06,0.000707,2.797234,0.287894,0.25156,0.0,1.0,3.287811,8e-06,1.522753,0.0,0.000278,2.243454,0.639104,0.000139,2.722746,6e-06,0.003572,-1.0,0.0,-1.0,0.0,-512.0,-1.0,0.0,-1.0,0.0,0.0
sat/course0.2_2018_3.cnf.bz2,1314940.0,2648157.0,386347.0,1780299.0,2.403521,0.487479,0.217012,0.441112,0.92652,0.0,1.0,1.698179,1e-05,5.778558,5e-06,0.023484,1.463767,0.0,0.517324,0.740178,1e-05,2.411859,3e-06,0.000909,2.893652,0.29324,0.255426,0.0,1.0,3.298591,4e-06,2.448224,0.0,0.000318,2.194932,0.633941,0.000197,4.152926,3e-06,0.008077,-1.0,0.0,-1.0,0.0,-512.0,-1.0,0.0,-1.0,0.0,0.0
sat/courses0.2_2017_9.cnf.bz2,1243116.0,2416524.0,331189.0,1532438.0,2.753494,0.576915,0.216119,0.442713,0.926131,0.0,1.0,1.692067,1.1e-05,4.701321,6e-06,0.023376,1.455826,0.0,0.521264,0.740462,1.1e-05,2.429409,1e-06,0.000865,2.832592,0.289677,0.248239,0.0,1.0,3.254234,4e-06,2.447251,0.0,0.000343,2.193105,0.635559,0.000198,4.271597,3e-06,0.006618,-1.0,0.0,-1.0,0.0,-512.0,-1.0,0.0,-1.0,0.0,0.0
sat/cz-alt-3-7.cnf.bz2,12145.0,108383.0,11741.0,98479.0,0.034409,0.10057,0.119223,0.270515,1.028614,0.0,1.0,0.918396,0.000216,0.196263,0.00017,0.000256,0.690008,0.0,0.460403,1.0,0.000216,0.948983,8.1e-05,0.002681,2.888248,0.160904,0.15543,0.0,0.735537,2.960953,0.000144,0.949626,6.1e-05,0.001655,2.441465,0.715493,0.000212,1.287461,5.1e-05,0.002864,0.000458,0.941213,7.1e-05,0.002671,4.310655,0.083052,0.626364,0.009214,0.254545,2.749456
sat/dist10.c.cnf.bz2,15276.0,68149.0,10463.0,57034.0,0.460002,0.194884,0.183452,0.309824,0.709166,0.0,1.0,1.157815,0.000302,0.513706,0.000191,0.004683,1.063246,0.0,0.176947,0.771154,0.000302,1.55162,0.000123,0.006838,2.515287,0.0622,0.10383,0.0,1.0,1.62872,0.000149,1.438541,3.5e-05,0.002718,2.213185,0.552355,0.000304,1.212913,7e-05,0.003331,0.001323,1.201355,0.000105,0.038521,4.374103,0.182255,0.901962,0.001117,0.905397,3.395041
sat/dist6.c.cnf.bz2,15254.0,68118.0,10462.0,57044.0,0.458039,0.194131,0.183402,0.309975,0.710081,0.0,1.0,1.156588,0.000302,0.515291,0.000191,0.004684,1.061952,0.0,0.177495,0.771545,0.000302,1.552151,0.000123,0.006837,2.514617,0.061919,0.103488,0.0,1.0,1.623759,0.000149,1.438352,3.5e-05,0.002717,2.211803,0.552749,0.000304,1.212184,7e-05,0.003331,0.001322,1.201624,8.8e-05,0.038514,4.373183,0.182309,0.901711,0.001117,0.905397,3.395027
sat/dist7.c.cnf.bz2,15276.0,68149.0,10463.0,57034.0,0.460002,0.194884,0.183452,0.30981,0.709133,0.0,1.0,1.157625,0.000302,0.513631,0.000191,0.004683,1.063127,0.0,0.176947,0.771172,0.000302,1.551699,0.000123,0.006838,2.515127,0.062176,0.103693,0.0,1.0,1.629295,0.000149,1.438534,3.5e-05,0.002718,2.213344,0.552355,0.000304,1.213056,7e-05,0.003331,0.001323,1.201371,0.000105,0.038521,4.373918,0.182259,0.901951,0.001117,0.905397,3.395164
sat/dist8.c.cnf.bz2,15276.0,68149.0,10463.0,57034.0,0.460002,0.194884,0.183452,0.309809,0.709111,0.0,1.0,1.157239,0.000302,0.513798,0.000191,0.004683,1.06301,0.0,0.176947,0.771224,0.000302,1.55166,0.000123,0.006838,2.515375,0.062197,0.103751,0.0,1.0,1.627513,0.000149,1.437796,3.5e-05,0.002718,2.21156,0.55253,0.000304,1.212983,7e-05,0.003331,0.001323,1.201368,0.000105,0.038521,4.373706,0.182284,0.901769,0.001117,0.905397,3.395203
sat/dist9.c.cnf.bz2,15276.0,68149.0,10458.0,56982.0,0.4607,0.195974,0.183532,0.310107,0.709231,0.0,1.0,1.15773,0.000303,0.543248,0.000191,0.005737,1.064315,0.0,0.176424,0.771015,0.000303,1.549278,0.000123,0.006844,2.521995,0.06345,0.106472,0.0,1.0,1.641001,0.000149,1.439818,1.8e-05,0.00272,2.207754,0.551858,0.000308,1.222775,7e-05,0.003545,0.001327,1.201238,0.000105,0.038556,4.372374,0.182668,0.901107,0.001117,0.905397,3.395396
sat/e_rphp035_05.cnf.bz2,2960.0,5555.0,310.0,2905.0,8.548387,0.91222,0.106713,0.839071,0.345058,0.0,1.0,0.716013,0.015296,0.923659,0.006452,0.219355,0.95993,0.0,0.175559,0.175559,0.015296,0.978663,0.003442,0.048537,0.942415,0.104896,0.294029,0.0,0.929078,0.352543,0.009061,1.202339,0.001721,0.036833,0.957063,0.790017,0.054267,0.111664,0.047849,0.106368,0.03491,0.63394,0.003098,0.105336,1.068389,0.141352,0.491201,0.006515,0.360903,1.206262
sat/e_rphp055_04.cnf.bz2,5158.0,9782.0,381.0,5005.0,12.538058,0.954446,0.076124,0.759041,0.450568,0.0,1.0,0.770298,0.011924,0.890544,0.005249,0.283465,0.924184,0.0,0.107892,0.107892,0.011924,1.035638,0.001598,0.033167,0.959817,0.1374,0.334514,0.0,0.951807,0.412794,0.006796,1.139493,0.000799,0.022378,0.972936,0.701299,0.038997,0.13984,0.032767,0.075924,0.028468,0.423857,0.001399,0.075524,0.995452,0.096642,0.888081,0.005277,0.432941,0.990714
sat/e_rphp065_05.cnf.bz2,9410.0,18125.0,580.0,9295.0,15.224138,0.949973,0.062399,0.853685,0.307617,0.0,1.0,0.672559,0.00837,0.961895,0.003448,0.22069,0.848421,0.0,0.103281,0.103281,0.00837,1.086435,0.001076,0.02808,0.939868,0.107775,0.303365,0.0,0.961686,0.350819,0.004986,1.292661,0.000538,0.021194,0.948776,0.77461,0.031663,0.110274,0.027864,0.062292,0.020441,0.61369,0.000968,0.061969,0.913134,0.088397,0.743978,0.003466,0.367143,0.914161
sat/ecarev-110-1031-23-40-1.cnf.bz2,42271.0,248471.0,39678.0,233963.0,0.065351,0.06201,0.169591,0.445138,0.568373,0.0,1.0,0.492297,7.9e-05,0.123464,5e-05,0.000101,0.504448,0.0,0.010583,0.835102,7.9e-05,0.0879,2.6e-05,8.1e-05,0.366816,0.05619,0.021692,0.0,0.5,0.351721,1.7e-05,0.078536,1.3e-05,3.8e-05,0.239818,0.173925,4.2e-05,0.075068,1.7e-05,4.3e-05,0.000109,0.168091,2.1e-05,0.000145,1.84927,0.29105,0.123304,0.173684,0.488889,2.025032
sat/ecarev-110-1031-23-40-2.cnf.bz2,42271.0,248471.0,39704.0,234142.0,0.064653,0.061198,0.169572,0.44561,0.567805,0.0,1.0,0.489757,7.9e-05,0.123268,5e-05,0.000101,0.502925,0.0,0.010195,0.834993,7.9e-05,0.087126,3e-05,8.1e-05,0.362835,0.056048,0.021232,0.0,0.5,0.347851,1.7e-05,0.075155,1.3e-05,3.4e-05,0.232835,0.173425,4.2e-05,0.074296,1.7e-05,4.3e-05,0.000109,0.167522,2.1e-05,0.000154,1.847171,0.291058,0.123309,0.17619,0.5,2.024243
sat/ecarev-110-1031-23-40-3.cnf.bz2,42271.0,248471.0,39773.0,234549.0,0.062806,0.059356,0.169572,0.445335,0.568036,0.0,1.0,0.491217,7.9e-05,0.123335,5e-05,0.000101,0.503436,0.0,0.010318,0.835011,7.9e-05,0.087308,2.6e-05,9e-05,0.367894,0.056068,0.021389,0.0,0.4,0.350759,1.7e-05,0.078317,1.3e-05,3.8e-05,0.237406,0.173687,4.2e-05,0.074691,1.7e-05,4.3e-05,0.000109,0.167609,2.1e-05,0.000149,1.847509,0.291083,0.123485,0.164835,0.555556,2.025443
sat/ecarev-110-1031-23-40-6.cnf.bz2,42271.0,248471.0,39985.0,235741.0,0.057171,0.054,0.169614,0.4457,0.567599,0.0,1.0,0.488971,7.9e-05,0.123166,5e-05,0.0001,0.502136,0.0,0.010015,0.834993,7.9e-05,0.088139,3e-05,8.1e-05,0.3648,0.056114,0.021505,0.0,0.5,0.346852,1.7e-05,0.073222,1.3e-05,3.4e-05,0.229129,0.173292,4.2e-05,0.075208,1.7e-05,4.2e-05,0.000108,0.167645,2.1e-05,0.000144,1.845082,0.291094,0.123437,0.173684,0.5,2.02297
sat/ecarev-110-1031-23-40-7.cnf.bz2,42271.0,248471.0,39977.0,235762.0,0.057383,0.053906,0.169565,0.445383,0.567902,0.0,1.0,0.490629,7.9e-05,0.123268,5e-05,0.0001,0.502915,0.0,0.010188,0.834982,7.9e-05,0.08716,2.5e-05,8.9e-05,0.365148,0.056052,0.021114,0.0,0.4,0.348098,1.7e-05,0.077666,8e-06,3.8e-05,0.234422,0.173561,4.2e-05,0.074823,1.7e-05,4.2e-05,0.000108,0.167523,2.1e-05,0.000148,1.845966,0.291086,0.123502,0.17619,0.584211,2.025073
sat/ecarev-110-4099-22-30-2.cnf.bz2,127069.0,741919.0,117829.0,690649.0,0.078419,0.074235,0.170606,0.445777,0.570981,0.0,1.0,0.501973,2.7e-05,0.125198,1.7e-05,3.4e-05,0.517414,0.0,0.013854,0.835608,2.7e-05,0.101174,9e-06,2.8e-05,0.461833,0.057265,0.024641,0.0,0.5,0.44048,6e-06,0.087674,4e-06,1.3e-05,0.294724,0.175943,1.4e-05,0.086461,6e-06,1.4e-05,3.7e-05,0.174618,7e-06,4.9e-05,1.921208,0.292262,0.126814,0.173684,0.575163,2.084775
sat/ecarev-110-4099-22-30-4.cnf.bz2,127069.0,741919.0,117791.0,690457.0,0.078767,0.074533,0.170599,0.445559,0.571192,0.0,1.0,0.502729,2.7e-05,0.125244,1.7e-05,3.4e-05,0.517752,0.0,0.013946,0.835632,2.7e-05,0.101166,9e-06,2.8e-05,0.461591,0.057332,0.024661,0.0,0.5,0.440552,6e-06,0.089343,3e-06,1.2e-05,0.296769,0.176062,1.4e-05,0.086609,6e-06,1.4e-05,3.7e-05,0.174644,7e-06,4.9e-05,1.921179,0.292255,0.126801,0.160173,0.527778,2.08456
sat/ecarev-110-4099-22-30-5.cnf.bz2,127069.0,741919.0,117472.0,688433.0,0.081696,0.077692,0.170637,0.445749,0.571129,0.0,1.0,0.502489,2.7e-05,0.125245,1.7e-05,3.4e-05,0.517762,0.0,0.013952,0.835641,2.7e-05,0.101663,9e-06,2.8e-05,0.466063,0.057358,0.024751,0.0,0.5,0.444803,6e-06,0.088383,3e-06,1.2e-05,0.296604,0.176024,1.4e-05,0.086822,6e-06,1.5e-05,3.7e-05,0.17483,7e-06,5.1e-05,1.923278,0.292282,0.126918,0.166667,0.666667,2.085784
sat/ecarev-110-4099-22-30-7.cnf.bz2,127069.0,741919.0,117267.0,687307.0,0.083587,0.079458,0.170618,0.445529,0.57135,0.0,1.0,0.503435,2.7e-05,0.12529,1.7e-05,3.4e-05,0.518089,0.0,0.01404,0.835662,2.7e-05,0.10137,9e-06,3.1e-05,0.4648,0.057307,0.024661,0.0,0.5,0.444342,6e-06,0.089836,3e-06,1.2e-05,0.299489,0.176192,1.4e-05,0.08658,6e-06,1.5e-05,3.7e-05,0.174794,7e-06,5.2e-05,1.923458,0.292265,0.12683,0.169591,0.575163,2.086487
sat/ex039_33.cnf.bz2,115592.0,571309.0,30678.0,409929.0,2.767912,0.393678,0.074837,0.211839,0.987274,0.0,1.0,0.98355,0.000114,0.536408,6.5e-05,0.001108,0.991685,0.0,0.081702,0.573138,0.000114,2.069654,5e-06,0.000766,1.518184,0.080479,0.18561,0.0,1.0,1.133467,4.9e-05,1.766459,5e-06,0.0004,1.509393,0.454937,9.6e-05,1.907898,5e-06,0.000693,-1.0,0.0,-1.0,0.0,-512.0,-1.0,0.0,-1.0,0.0,0.0
sat/ex065_25.cnf.bz2,74804.0,393322.0,21086.0,284204.0,2.547567,0.383943,0.074193,0.212695,0.999181,0.0,1.0,0.984044,0.000163,0.420905,9.5e-05,0.001233,0.988994,0.0,0.083254,0.574883,0.000163,1.909984,7e-06,0.000978,1.646925,0.082689,0.180683,0.0,1.0,1.2196,6.8e-05,1.665713,7e-06,0.000496,1.636782,0.451869,0.000137,1.772938,7e-06,0.000855,-1.0,0.0,-1.0,0.0,-512.0,-1.0,0.0,-1.0,0.0,0.0
sat/ex067_10.cnf.bz2,90797.0,1082032.0,34093.0,906785.0,1.663215,0.193262,0.037598,0.19381,1.046074,0.0,1.0,0.863536,0.0001,0.182076,5.9e-05,0.000323,0.874367,0.0,0.052846,0.54977,0.0001,1.654552,1e-06,0.000479,1.887654,0.063573,0.129382,0.0,1.0,1.381711,3.1e-05,2.060426,1e-06,0.00024,1.860054,0.357015,7.7e-05,1.625768,1e-06,0.000355,-1.0,0.0,-1.0,0.0,-512.0,-1.0,0.0,-1.0,0.0,0.0
sat/ex187_10.cnf.bz2,129872.0,1799282.0,49938.0,1551606.0,1.600665,0.159626,0.032185,0.190061,1.039901,0.0,1.0,0.843908,6.8e-05,0.175632,4e-05,0.00022,0.852781,0.0,0.044641,0.543028,6.8e-05,1.691232,1e-06,0.000338,1.821005,0.056223,0.120015,0.0,1.0,1.312392,2e-05,2.205715,1e-06,0.00017,1.789107,0.34277,5.2e-05,1.671424,1e-06,0.000247,-1.0,0.0,-1.0,0.0,-512.0,-1.0,0.0,-1.0,0.0,0.0
sat/exam0.04_2018_3.cnf.bz2,421083.0,990049.0,176975.0,727465.0,1.379336,0.360958,0.243276,0.462687,0.888487,0.0,1.0,1.667861,2.1e-05,3.580684,1.1e-05,0.012618,1.381386,0.0,0.524472,0.760361,2.1e-05,1.692685,3e-06,0.00106,2.822766,0.335285,0.256338,0.0,1.0,3.279033,8e-06,1.947138,0.0,0.000498,2.070265,0.634644,0.0002,2.720072,7e-06,0.005475,-1.0,0.0,-1.0,0.0,-512.0,-1.0,0.0,-1.0,0.0,0.0
sat/factoring29986577x29986577.cnf.bz2,2009.0,10745.0,1933.0,10318.0,0.039317,0.041384,0.187343,0.365058,0.487412,0.0,1.0,1.057801,0.001695,0.227825,0.001035,0.012416,0.999349,0.0,0.137914,0.590134,0.001695,0.343468,0.000582,0.005137,1.812998,0.027377,0.03819,0.0,0.272727,1.058283,0.000947,0.669324,0.000388,0.004846,1.301833,0.587905,0.000779,1.275188,0.000291,0.007172,0.002443,0.488637,0.000582,0.058248,2.794259,0.317495,0.394592,0.003328,0.610294,2.749807
sat/factoring39916801x54018521.cnf.bz2,2160.0,11588.0,2079.0,11142.0,0.038961,0.040029,0.186591,0.365494,0.483557,0.0,1.0,1.05378,0.001578,0.227603,0.000962,0.012025,0.997716,0.0,0.136331,0.58616,0.001578,0.349962,0.000808,0.005026,1.764964,0.027989,0.037331,0.0,0.272727,1.048041,0.000883,0.686764,0.000359,0.004847,1.275241,0.588135,0.000725,1.305716,0.000359,0.007001,0.002292,0.506651,0.000718,0.058697,2.818664,0.317481,0.398903,0.00317,0.561404,2.71697
sat/factoring54018521x562448657.cnf.bz2,2878.0,15516.0,2711.0,14665.0,0.061601,0.058029,0.184862,0.367305,0.478056,0.0,1.0,1.050473,0.001214,0.228438,0.000738,0.010697,0.99922,0.0,0.134674,0.577429,0.001214,0.388394,0.000614,0.004364,1.706108,0.027383,0.037789,0.0,0.333333,1.012318,0.000681,0.750266,0.000273,0.004228,1.217658,0.589635,0.000559,1.423551,0.000273,0.006137,0.001828,0.577266,0.000477,0.060211,2.868461,0.314922,0.412151,0.002342,0.561404,2.635095
sat/filter_iir_true-unreach-call.c.cnf.bz2,495025.0,2356343.0,388845.0,2240784.0,0.273065,0.051571,0.173531,0.328251,0.685809,0.0,1.0,1.134273,8e-06,0.783495,5e-06,0.00035,0.989162,0.0,0.140062,0.728183,8e-06,2.769748,3e-06,0.001357,2.334633,0.059401,0.108038,0.0,0.947826,1.293093,4e-06,2.593334,0.0,0.000757,2.004314,0.514922,1.6e-05,1.240001,2e-06,0.001064,-1.0,0.0,-1.0,0.0,-512.0,-1.0,0.0,-1.0,0.0,0.0
sat/filter1_true-unreach-call.c.cnf.bz2,480551.0,2365025.0,373388.0,2227502.0,0.287002,0.061739,0.167626,0.339086,0.653336,0.0,1.0,1.114213,9e-06,0.728895,5e-06,0.000367,0.969593,0.0,0.120649,0.729998,9e-06,2.350445,3e-06,0.000381,2.320333,0.051138,0.108271,0.0,0.946903,1.167294,4e-06,2.115103,0.0,0.000126,2.052882,0.511294,1.4e-05,1.311427,2e-06,0.000167,-1.0,0.0,-1.0,0.0,-512.0,-1.0,0.0,-1.0,0.0,0.0
sat/frb35-17-5_ext.cnf.bz2,175.0,14577.0,175.0,14577.0,0.0,0.0,0.012005,0.325161,0.699588,0.0,1.0,2.131745,0.051473,0.098683,0.011429,0.057143,0.890368,0.0,0.009604,0.009604,0.051473,0.213427,0.02209,0.07649,4.970627,0.234951,0.318555,0.008183,0.889435,2.608292,0.00011,0.75,6.9e-05,0.000274,0.500402,0.009604,0.005625,0.1896,0.003018,0.007478,-1.0,0.0,-1.0,0.0,-512.0,-1.0,0.0,-1.0,0.0,0.0
sat/full-ax-xa.rules.7-7.cnf.bz2,110789.0,719376.0,95614.0,689357.0,0.158711,0.043546,0.1387,0.295041,0.880757,0.0,1.0,0.93578,2.8e-05,0.202547,2.1e-05,9.4e-05,0.740661,0.0,0.36934,0.985491,2.8e-05,3.206117,9e-06,0.001298,2.240119,0.14786,0.127132,0.0,0.777778,2.393668,1.8e-05,3.173804,4e-06,0.000778,1.95155,0.685057,3e-05,3.32536,7e-06,0.001554,-1.0,0.0,-1.0,0.0,-512.0,-1.0,0.0,-1.0,0.0,0.0
sat/full-by-za.rules.5-7.cnf.bz2,41895.0,272692.0,35819.0,259000.0,0.169631,0.052865,0.138297,0.296428,0.876215,0.0,1.0,0.934209,7.4e-05,0.202816,5.6e-05,0.000195,0.739242,0.0,0.366429,0.985602,7.4e-05,2.692063,2.3e-05,0.00256,2.369833,0.151361,0.1355,0.0,0.764706,2.505824,4.7e-05,2.667345,1.2e-05,0.001575,2.096535,0.682954,7.9e-05,2.77032,1.9e-05,0.002884,-1.0,0.0,-1.0,0.0,-512.0,-1.0,0.0,-1.0,0.0,0.0
sat/full-cy-caa.rules.7-7.cnf.bz2,105644.0,685419.0,91920.0,662297.0,0.149304,0.034912,0.13879,0.293356,0.873552,0.0,1.0,0.927661,2.9e-05,0.201994,2.2e-05,9.8e-05,0.738233,0.0,0.364093,0.985475,2.9e-05,3.188854,9e-06,0.001356,2.218979,0.147728,0.128041,0.0,0.777778,2.374311,1.8e-05,3.15568,5e-06,0.000811,1.942723,0.682348,3.1e-05,3.299761,8e-06,0.001619,-1.0,0.0,-1.0,0.0,-512.0,-1.0,0.0,-1.0,0.0,0.0
sat/gto_p60c231_1.cnf.bz2,1019.0,3517.0,128.0,511.0,6.960938,5.882583,0.250489,0.874445,0.277144,0.0,1.0,1.191765,0.02463,0.732093,0.015625,0.117188,1.186564,0.0,0.72407,0.76908,0.02463,0.259848,0.007828,0.043053,2.446998,0.241078,0.218266,0.0,1.0,2.915593,0.011528,0.363995,0.0,0.021526,2.113909,0.731898,0.03654,0.338662,0.007828,0.066536,0.032077,0.957992,0.0,0.178082,3.474099,0.227843,0.54052,0.0,0.5,3.467817
sat/gto_p60c231.cnf.bz2,1015.0,3493.0,127.0,508.0,6.992126,5.875984,0.25,0.870921,0.280874,0.0,1.0,1.198857,0.025048,0.726779,0.015748,0.11811,1.197413,0.0,0.718504,0.76378,0.025048,0.259187,0.007874,0.043307,2.433521,0.249172,0.215759,0.0,1.0,2.882322,0.011532,0.358909,0.0,0.021654,2.065202,0.726378,0.036146,0.318115,0.007874,0.064961,0.032697,0.936349,0.0,0.183071,3.489225,0.234943,0.549638,0.0,0.6,3.544613
sat/gto_p60c234.cnf.bz2,1027.0,3557.0,132.0,526.0,6.780303,5.762357,0.250951,0.882415,0.266784,0.0,1.0,1.123802,0.024038,0.780161,0.015152,0.128788,1.190157,0.0,0.728137,0.775665,0.024038,0.242821,0.007605,0.041825,2.392705,0.227808,0.201518,0.0,1.0,2.819203,0.01132,0.324794,0.003802,0.020913,2.020855,0.739544,0.037274,0.37189,0.007605,0.074144,0.031221,0.968437,0.0,0.188213,3.468965,0.224195,0.516394,0.0,0.5,3.403868
sat/gto_p60c243.cnf.bz2,1054.0,3721.0,136.0,566.0,6.75,5.574205,0.240283,0.859052,0.314565,0.0,1.0,1.270071,0.024228,0.766419,0.014706,0.110294,1.231629,0.0,0.717314,0.74735,0.024228,0.26112,0.010601,0.045936,2.561968,0.213692,0.20092,0.0,1.0,2.98395,0.010705,0.36566,0.0,0.021201,2.184618,0.722615,0.03531,0.319643,0.014134,0.065371,0.033063,0.912084,0.0,0.162544,3.635374,0.207818,0.542658,0.0,0.5,3.431875
sat/Karatsuba4477457x5308417.cnf.bz2,778.0,18620.0,775.0,18269.0,0.003871,0.019213,0.042422,0.343727,0.65974,0.0,1.0,2.571441,0.008952,0.31511,0.002581,0.028387,2.139745,0.0,0.012097,0.080847,0.008952,1.260467,0.000493,0.059445,4.927989,0.094726,0.114303,0.0,0.85,3.103122,0.000753,0.667834,0.000164,0.007499,3.145902,0.120094,0.001737,0.535528,0.000219,0.006623,-1.0,0.0,-1.0,0.0,-512.0,-1.0,0.0,-1.0,0.0,0.0
sat/lei450-05b-05.cnf.bz2,1350.0,29570.0,1350.0,29570.0,0.0,0.0,0.045654,0.482899,0.5759,0.333333,1.0,0.532357,0.004354,0.116895,0.001481,0.004444,0.136255,0.0,0.030436,0.030436,0.004354,0.197998,0.002063,0.007169,3.648769,0.318251,0.181046,0.180328,0.584906,1.364053,4.5e-05,0.353553,3.4e-05,6.8e-05,0.636514,0.030436,0.002653,0.194936,0.001285,0.004329,-1.0,0.0,-1.0,0.0,-512.0,-1.0,0.0,-1.0,0.0,0.0
sat/less-cy-caa.rules.4-9.cnf.bz2,31068.0,312561.0,30424.0,308362.0,0.021167,0.013617,0.098663,0.302,0.87796,0.0,1.0,0.867911,8.7e-05,0.183512,6.6e-05,0.000131,0.661908,0.0,0.367837,0.999494,8.7e-05,1.431869,2.6e-05,0.002335,2.769392,0.104645,0.111869,0.0,0.796095,2.560898,5.4e-05,1.478043,1.9e-05,0.001495,2.466986,0.667563,8.5e-05,1.852965,1.6e-05,0.002572,-1.0,0.0,-1.0,0.0,-512.0,-1.0,0.0,-1.0,0.0,0.0
sat/magicSquare-8_glb.cnf.bz2,6864.0,56270.0,6800.0,56270.0,0.009412,0.0,0.120846,0.474295,0.9522,0.0,1.0,1.412004,0.000507,1.852713,0.000294,0.009412,0.986786,0.0,0.733002,0.781624,0.000507,1.220175,0.000231,0.004159,1.657799,0.05564,0.047356,0.0,0.571429,1.426407,0.000251,1.134835,8.9e-05,0.001475,1.436917,0.796055,0.001122,2.144532,0.000142,0.07432,-1.0,0.0,-1.0,0.0,-512.0,-1.0,0.0,-1.0,0.0,0.0
sat/mchess_15.cnf.bz2,420.0,1391.0,283.0,1161.0,0.484099,0.198105,0.243755,0.701895,0.411221,0.0,1.0,1.093784,0.010792,0.326363,0.007067,0.017668,0.981952,0.0,0.449612,0.517657,0.010792,0.132707,0.004307,0.015504,1.060013,0.034796,0.114902,0.0,1.0,0.90461,0.003661,0.179728,0.002584,0.007752,0.7482,0.495263,0.008479,0.116016,0.005168,0.01292,0.012294,0.341526,0.003445,0.027562,2.157814,0.167335,0.353362,0.071429,0.428571,2.382194
sat/mchess_16.cnf.bz2,480.0,1596.0,325.0,1337.0,0.476923,0.193717,0.243082,0.699202,0.413502,0.0,1.0,1.103066,0.009436,0.328052,0.006154,0.018462,0.977734,0.0,0.448766,0.509349,0.009436,0.133,0.00374,0.014211,0.978635,0.025318,0.089686,0.0,1.0,0.792968,0.003162,0.16656,0.002244,0.005984,0.645575,0.492147,0.007314,0.128113,0.00374,0.011219,0.010762,0.344087,0.002992,0.026178,2.143954,0.164484,0.349179,0.068966,0.444444,2.246494
sat/mchess_17.cnf.bz2,544.0,1815.0,373.0,1528.0,0.458445,0.187827,0.24411,0.703796,0.406155,0.0,1.0,1.069158,0.00821,0.327962,0.005362,0.016086,0.953822,0.0,0.45288,0.506545,0.00821,0.12066,0.003272,0.012435,0.815638,0.021659,0.084043,0.0,1.0,0.680312,0.002718,0.141221,0.001963,0.005236,0.555808,0.488874,0.00638,0.116168,0.003272,0.009817,0.009307,0.338013,0.003272,0.022906,2.042791,0.161685,0.335738,0.071429,0.411765,2.136338
sat/Nb13T165.cnf.bz2,1389990.0,5543200.0,701315.0,5543200.0,0.981977,0.0,0.126518,0.398384,0.582089,0.0,1.0,0.77243,5e-06,0.248867,3e-06,7e-06,0.599511,0.0,0.004573,0.75,5e-06,4.031687,2e-06,0.000235,0.139169,0.002008,0.018184,0.0,0.166667,0.065217,1e-06,5.70059,0.0,0.000117,0.143127,0.130457,3e-06,4.167064,1e-06,0.000124,-1.0,0.0,-1.0,0.0,-512.0,-1.0,0.0,-1.0,0.0,0.0
sat/Nb13T166.cnf.bz2,1398491.0,5577000.0,705591.0,5577000.0,0.982014,0.0,0.126518,0.398394,0.58206,0.0,1.0,0.772245,5e-06,0.248858,3e-06,7e-06,0.599322,0.0,0.004545,0.75,5e-06,4.031681,2e-06,0.000233,0.138842,0.001996,0.018129,0.0,0.166667,0.064895,1e-06,5.700504,0.0,0.000117,0.142777,0.130424,3e-06,4.16708,1e-06,0.000123,-1.0,0.0,-1.0,0.0,-512.0,-1.0,0.0,-1.0,0.0,0.0
sat/Nb29T6.cnf.bz2,432123.0,1917480.0,240375.0,1917480.0,0.797704,0.0,0.12536,0.345877,0.734643,0.0,1.0,1.20875,1.4e-05,0.289072,8e-06,2.1e-05,1.062738,0.0,0.15,0.75,1.4e-05,9.232138,6e-06,0.003448,0.694565,0.066475,0.08161,0.0,0.166667,0.672543,4e-06,12.416797,1e-06,0.001724,0.73797,0.301754,7e-06,9.097165,4e-06,0.001769,-1.0,0.0,-1.0,0.0,-512.0,-1.0,0.0,-1.0,0.0,0.0
sat/Nb37T6.cnf.bz2,900315.0,3997480.0,500567.0,3997480.0,0.79859,0.0,0.125221,0.345685,0.734524,0.0,1.0,1.207302,7e-06,0.289072,4e-06,1e-05,1.062738,0.0,0.15,0.75,7e-06,11.808776,3e-06,0.002703,0.687102,0.066549,0.081626,0.0,0.166667,0.672725,2e-06,15.884023,1e-06,0.001351,0.722111,0.30137,3e-06,11.598647,2e-06,0.001379,-1.0,0.0,-1.0,0.0,-512.0,-1.0,0.0,-1.0,0.0,0.0
sat/Nb42T6.cnf.bz2,1318710.0,5856480.0,733062.0,5856480.0,0.798907,0.0,0.125171,0.345602,0.734473,0.0,1.0,1.206665,5e-06,0.289072,3e-06,7e-06,1.062738,0.0,0.15,0.75,5e-06,13.418136,2e-06,0.002381,0.68429,0.066576,0.081631,0.0,0.166667,0.672789,1e-06,18.050429,0.0,0.00119,0.715604,0.301205,2e-06,13.160951,1e-06,0.001212,-1.0,0.0,-1.0,0.0,-512.0,-1.0,0.0,-1.0,0.0,0.0
sat/Nb45T6.cnf.bz2,1623099.0,7209000.0,902199.0,7209000.0,0.799048,0.0,0.125149,0.345562,0.734447,0.0,1.0,1.206347,4e-06,0.289072,2e-06,6e-06,1.062738,0.0,0.15,0.75,4e-06,14.383505,2e-06,0.002222,0.682999,0.066587,0.081633,0.0,0.166667,0.672818,1e-06,19.350128,0.0,0.001111,0.71247,0.301124,2e-06,14.098066,1e-06,0.00113,-1.0,0.0,-1.0,0.0,-512.0,-1.0,0.0,-1.0,0.0,0.0
sat/Nb8T62.cnf.bz2,118082.0,468480.0,60482.0,468480.0,0.952349,0.0,0.129103,0.395765,0.590154,0.0,1.0,0.819107,5.8e-05,0.251258,3.3e-05,8.3e-05,0.645985,0.0,0.012295,0.75,5.8e-05,2.398058,2.6e-05,0.001025,0.307123,0.005291,0.02922,0.0,0.166667,0.140757,1.1e-05,3.446198,4e-06,0.000512,0.323118,0.139891,3e-05,2.5308,1.5e-05,0.000561,-1.0,0.0,-1.0,0.0,-512.0,-1.0,0.0,-1.0,0.0,0.0
sat/Nb8T63.cnf.bz2,120033.0,476160.0,61473.0,476160.0,0.952613,0.0,0.129102,0.395833,0.589947,0.0,1.0,0.818029,5.7e-05,0.251197,3.3e-05,8.1e-05,0.6449,0.0,0.012097,0.75,5.7e-05,2.398028,2.5e-05,0.001008,0.305297,0.005206,0.028991,0.0,0.166667,0.139003,1.1e-05,3.445934,4e-06,0.000504,0.321061,0.139651,3e-05,2.530873,1.5e-05,0.000552,-1.0,0.0,-1.0,0.0,-512.0,-1.0,0.0,-1.0,0.0,0.0
sat/newton_3_4_true-unreach-call.i.cnf.bz2,164694.0,766037.0,129513.0,701416.0,0.271641,0.092129,0.184645,0.313457,0.700984,0.0,1.0,1.106916,2.4e-05,0.543765,1.5e-05,0.000402,0.997109,0.0,0.176121,0.779813,2.4e-05,1.807902,1e-05,0.001068,2.456446,0.061496,0.104036,0.0,0.894737,1.539337,1.2e-05,2.173603,1e-06,0.000959,2.158338,0.558219,2.6e-05,1.400605,6e-06,0.001035,-1.0,0.0,-1.0,0.0,-512.0,-1.0,0.0,-1.0,0.0,0.0
sat/newton_3_6_false-unreach-call.i.cnf.bz2,164694.0,766037.0,129513.0,701415.0,0.271641,0.092131,0.184645,0.313456,0.700982,0.0,1.0,1.106913,2.4e-05,0.543765,1.5e-05,0.000402,0.997099,0.0,0.176121,0.779814,2.4e-05,1.807808,1e-05,0.001068,2.456405,0.061496,0.104036,0.0,0.894737,1.539366,1.2e-05,2.173276,1e-06,0.000959,2.15833,0.558219,2.6e-05,1.400605,6e-06,0.001035,-1.0,0.0,-1.0,0.0,-512.0,-1.0,0.0,-1.0,0.0,0.0
sat/pals_floodmax.5_overflow_false-unreach-call.ufo.UNBOUNDED.pals.c.cnf.bz2,44556.0,302217.0,2876.0,13381.0,14.49235,21.585532,0.214932,0.437053,0.741549,0.0,1.0,1.583286,0.001172,0.479296,0.000695,0.005911,1.331347,0.0,0.249159,0.64203,0.001172,0.492509,0.000523,0.003288,2.483946,0.123879,0.159989,0.0,0.666667,1.985605,0.000492,0.570169,7.5e-05,0.00142,2.346806,0.483596,0.000905,0.449478,0.000448,0.003288,0.002021,0.521154,0.000374,0.006203,3.564771,0.305629,0.361806,0.066667,0.712418,3.632057
sat/pals_lcr-var-start-time.5_true-unreach-call.ufo.UNBOUNDED.pals.c.cnf.bz2,81548.0,358802.0,5148.0,30195.0,14.840715,10.882828,0.170492,0.384027,0.874231,0.0,1.0,1.559847,0.000686,0.96016,0.000389,0.0338,1.313696,0.0,0.20828,0.693857,0.000686,1.714936,0.000265,0.01901,2.517588,0.183417,0.165522,0.0,0.666667,2.222168,0.000216,1.550414,3.3e-05,0.004338,2.235992,0.393973,0.000831,1.63162,0.000199,0.02007,-1.0,0.0,-1.0,0.0,-512.0,-1.0,0.0,-1.0,0.0,0.0
sat/pals_lcr-var-start-time.6_true-unreach-call.ufo.UNBOUNDED.pals.c.cnf.bz2,53391.0,236905.0,3334.0,19240.0,15.014097,11.31315,0.173285,0.386939,0.871477,0.0,1.0,1.573014,0.001057,0.688186,0.0006,0.024895,1.339003,0.0,0.2158,0.695114,0.001057,1.317657,0.000416,0.016736,2.623473,0.183127,0.168606,0.0,0.75,2.356638,0.000336,1.195965,5.2e-05,0.003742,2.305205,0.399012,0.001086,1.164785,0.000312,0.017308,0.004563,0.974997,0.000312,0.036435,4.471252,0.160792,0.611486,0.013245,0.777778,3.290698
sat/pals_lcr.8_overflow_false-unreach-call.ufo.UNBOUNDED.pals.c.cnf.bz2,105346.0,534017.0,6474.0,30116.0,15.272166,16.732003,0.214969,0.393032,0.726559,0.0,1.0,1.423965,0.000558,1.518708,0.000309,0.025178,1.199793,0.0,0.170773,0.751428,0.000558,1.968715,0.0001,0.015938,2.459554,0.155347,0.198209,0.0,1.0,1.724579,0.000203,1.602968,3.3e-05,0.003785,2.153217,0.473303,0.000541,2.027323,0.0001,0.013514,-1.0,0.0,-1.0,0.0,-512.0,-1.0,0.0,-1.0,0.0,0.0
sat/patat-08-comp-3.cnf.bz2,78774.0,1618778.0,31925.0,397596.0,1.467471,3.071414,0.080295,0.38828,0.699315,0.0,1.0,2.182953,0.00018,0.456047,6.3e-05,0.000376,1.82021,0.0,0.009666,0.36612,0.00018,3.995557,2.3e-05,0.006258,1.625213,0.435187,0.241535,0.0,0.851852,1.409396,1.8e-05,4.04355,3e-06,0.000988,1.306905,0.114362,0.000126,3.640741,2e-05,0.003456,-1.0,0.0,-1.0,0.0,-512.0,-1.0,0.0,-1.0,0.0,0.0
sat/prime_119218851371.cnf.bz2,4365.0,23693.0,1987.0,11317.0,1.196779,1.093576,0.175577,0.406589,0.566072,0.0,1.0,1.191542,0.001619,0.268028,0.001007,0.018118,1.053778,0.0,0.193161,0.594946,0.001619,0.463552,0.000707,0.006804,1.866176,0.041411,0.088132,0.0,0.860465,1.173972,0.000938,0.847198,0.000353,0.006539,1.34308,0.61951,0.000844,1.658105,0.000353,0.009543,0.002472,0.773462,0.000353,0.121322,3.11077,0.296073,0.484345,0.00146,0.529412,2.827974
sat/prime_200560490131.cnf.bz2,4586.0,24936.0,2094.0,11952.0,1.190067,1.086345,0.175201,0.406562,0.565253,0.0,1.0,1.191829,0.001538,0.268052,0.000955,0.01767,1.054172,0.0,0.192353,0.59262,0.001538,0.47219,0.000669,0.006777,1.848193,0.041024,0.087031,0.0,0.860465,1.1642,0.00089,0.861759,0.000335,0.006359,1.335005,0.618558,0.000801,1.683616,0.000335,0.009371,0.002368,0.787769,0.000502,0.121486,3.105114,0.295703,0.486341,0.001384,0.545455,2.811242
sat/Problem11_label51_false-unreach-call.c.cnf.bz2,1497058.0,6358315.0,712565.0,3740019.0,1.100942,0.700076,0.190524,0.390981,0.671406,0.0,1.0,1.403795,5e-06,0.647737,3e-06,0.000494,1.232535,0.0,0.174542,0.716371,5e-06,6.645707,1e-06,0.007653,2.497995,0.066844,0.101302,0.0,1.0,1.519268,2e-06,6.26464,0.0,0.003507,2.297182,0.512035,3e-06,4.216068,0.0,0.002914,-1.0,0.0,-1.0,0.0,-512.0,-1.0,0.0,-1.0,0.0,0.0
sat/Problem14_label14_false-unreach-call.c.cnf.bz2,1171972.0,5021845.0,551535.0,2951034.0,1.124928,0.701724,0.186896,0.388685,0.695788,0.0,1.0,1.493311,6e-06,0.863438,4e-06,0.001189,1.320148,0.0,0.180977,0.698649,6e-06,6.094761,2e-06,0.006983,2.450761,0.069476,0.104634,0.0,0.983333,1.520229,3e-06,5.618675,0.0,0.003063,2.333887,0.503975,4e-06,3.944353,1e-06,0.002469,-1.0,0.0,-1.0,0.0,-512.0,-1.0,0.0,-1.0,0.0,0.0
sat/Problem14_label19_true-unreach-call.c.cnf.bz2,1172119.0,5023255.0,551569.0,2952170.0,1.125063,0.701547,0.186835,0.38876,0.695997,0.0,1.0,1.493652,6e-06,0.887889,4e-06,0.001255,1.320457,0.0,0.181251,0.698727,6e-06,6.09161,2e-06,0.00698,2.450895,0.06948,0.104629,0.0,0.984277,1.520096,3e-06,5.614397,0.0,0.00306,2.333732,0.50411,4e-06,3.991424,1e-06,0.002468,-1.0,0.0,-1.0,0.0,-512.0,-1.0,0.0,-1.0,0.0,0.0
sat/Problem14_label20_true-unreach-call.c.cnf.bz2,1703806.0,7317082.0,802209.0,4298139.0,1.123893,0.702384,0.186641,0.388785,0.696806,0.0,1.0,1.494098,4e-06,1.014198,2e-06,0.00124,1.320764,0.0,0.182062,0.699011,4e-06,6.092133,2e-06,0.004794,2.451584,0.069479,0.104627,0.0,0.98935,1.520193,2e-06,5.61789,0.0,0.002102,2.334878,0.504578,3e-06,4.35636,1e-06,0.001695,-1.0,0.0,-1.0,0.0,-512.0,-1.0,0.0,-1.0,0.0,0.0
sat/Problem14_label57_false-unreach-call.c.cnf.bz2,1171988.0,5021999.0,551539.0,2951202.0,1.124941,0.701679,0.186886,0.388687,0.695808,0.0,1.0,1.493428,6e-06,0.865155,4e-06,0.001197,1.320265,0.0,0.180994,0.698636,6e-06,6.09319,2e-06,0.006983,2.450362,0.069472,0.10463,0.0,0.983444,1.519841,3e-06,5.614973,0.0,0.003061,2.33376,0.503961,4e-06,3.949472,1e-06,0.002469,-1.0,0.0,-1.0,0.0,-512.0,-1.0,0.0,-1.0,0.0,0.0
sat/quadratic_loose_error.c.cnf.bz2,92741.0,431755.0,73088.0,395343.0,0.268895,0.092102,0.184872,0.317066,0.673023,0.0,1.0,1.076265,4.3e-05,0.628918,2.7e-05,0.001505,0.975945,0.0,0.172809,0.803034,4.3e-05,1.876393,1.8e-05,0.002188,2.302123,0.057099,0.095092,0.0,1.0,1.465281,2.2e-05,1.916539,3e-06,0.000804,2.06308,0.567512,5.1e-05,1.551444,1e-05,0.001265,-1.0,0.0,-1.0,0.0,-512.0,-1.0,0.0,-1.0,0.0,0.0
sat/quadratic_tight_error.c.cnf.bz2,92762.0,431818.0,73119.0,395497.0,0.268644,0.091836,0.184879,0.317119,0.673246,0.0,1.0,1.076843,4.3e-05,0.628786,2.7e-05,0.001504,0.97647,0.0,0.172861,0.802982,4.3e-05,1.876086,1.8e-05,0.002187,2.302703,0.057154,0.095145,0.0,1.0,1.467377,2.2e-05,1.916389,3e-06,0.000804,2.062899,0.567468,5.1e-05,1.551118,1e-05,0.001264,-1.0,0.0,-1.0,0.0,-512.0,-1.0,0.0,-1.0,0.0,0.0
sat/queen12_12.col.12.cnf.bz2,1584.0,57256.0,1440.0,54516.0,0.1,0.05026,0.026414,1.0,0.0,1.0,1.0,0.0,0.001984,1.341641,0.001389,0.013889,0.191444,0.0,0.952381,0.952381,0.001984,0.077884,0.001816,0.002366,1.608067,0.333333,0.0,0.333333,0.333333,0.0,0.001323,0.077884,0.001211,0.001578,1.608067,0.952381,0.006779,0.075988,0.006218,0.008053,-1.0,0.0,-1.0,0.0,-512.0,-1.0,0.0,-1.0,0.0,0.0
sat/queen8_12.col.12.cnf.bz2,1056.0,30192.0,960.0,28728.0,0.1,0.050961,0.033417,1.0,0.0,1.0,1.0,0.0,0.002976,1.341641,0.002083,0.020833,0.191444,0.0,0.952381,0.952381,0.002976,0.080396,0.002611,0.003342,1.990479,0.333333,0.0,0.333333,0.333333,0.0,0.001984,0.080396,0.00174,0.002228,1.990479,0.952381,0.010234,0.077935,0.009016,0.011452,-1.0,0.0,-1.0,0.0,-512.0,-1.0,0.0,-1.0,0.0,0.0
sat/queen8-8-9.cnf.bz2,256.0,6744.0,256.0,6744.0,0.0,0.0,0.03796,0.406287,0.802415,0.0,1.0,0.969721,0.030583,0.127454,0.007813,0.03125,0.129382,0.0,0.02847,0.02847,0.030583,0.081013,0.028173,0.036477,1.774649,0.267245,0.279845,0.105263,0.756098,0.562335,0.000222,0.57735,0.000148,0.000445,0.562335,0.02847,0.013938,0.078896,0.0129,0.016459,-1.0,0.0,-1.0,0.0,-512.0,-1.0,0.0,-1.0,0.0,0.0
sat/ramsey-30-4.cnf.bz2,37410.0,162400.0,870.0,16240.0,42.0,9.0,0.053571,0.5,1.0,0.0,1.0,0.693147,0.006897,0.0,0.006897,0.006897,0.0,0.0,0.0,0.0,0.006897,0.0,0.006897,0.006897,0.0,0.0,0.0,0.0,0.0,0.0,0.001724,0.0,0.001724,0.001724,0.0,0.25,0.006958,0.0,0.006958,0.006958,-1.0,0.0,-1.0,0.0,-512.0,-1.0,0.0,-1.0,0.0,0.0
sat/satcoin-genesis-SAT-1024.cnf.bz2,134781.0,648806.0,88126.0,576754.0,0.529412,0.124927,0.152797,0.379441,0.371438,0.0,1.0,0.825397,3.7e-05,0.148791,2.3e-05,0.000136,0.686798,0.0,0.021168,0.722601,3.7e-05,0.616637,1.2e-05,0.000248,2.078229,0.008075,0.02756,0.0,0.5,0.489106,1.8e-05,0.605227,3e-06,0.000116,2.203858,0.488508,1.7e-05,0.606381,7e-06,0.000111,-1.0,0.0,-1.0,0.0,-512.0,-1.0,0.0,-1.0,0.0,0.0
sat/satcoin-genesis-SAT-16.cnf.bz2,134781.0,648806.0,87767.0,574394.0,0.535668,0.129549,0.152799,0.379454,0.371303,0.0,1.0,0.825264,3.7e-05,0.148931,2.3e-05,0.000137,0.687722,0.0,0.021463,0.722696,3.7e-05,0.615505,1.2e-05,0.000226,2.082479,0.007994,0.027392,0.0,0.5,0.490664,1.8e-05,0.604396,3e-06,0.000113,2.202296,0.488658,1.7e-05,0.605639,7e-06,0.000117,-1.0,0.0,-1.0,0.0,-512.0,-1.0,0.0,-1.0,0.0,0.0
sat/satcoin-genesis-SAT-2048.cnf.bz2,134781.0,648806.0,88129.0,576770.0,0.52936,0.124896,0.152797,0.379444,0.371433,0.0,1.0,0.825376,3.7e-05,0.148786,2.3e-05,0.000136,0.686836,0.0,0.021152,0.722597,3.7e-05,0.616635,1.2e-05,0.000248,2.078182,0.008081,0.027577,0.0,0.5,0.489244,1.8e-05,0.605238,3e-06,0.000116,2.203917,0.488501,1.7e-05,0.606421,7e-06,0.000114,-1.0,0.0,-1.0,0.0,-512.0,-1.0,0.0,-1.0,0.0,0.0
sat/satcoin-genesis-SAT-3.cnf.bz2,134775.0,648788.0,87345.0,571169.0,0.543019,0.135895,0.152923,0.379306,0.371318,0.0,1.0,0.825409,3.7e-05,0.149223,2.3e-05,0.000137,0.689639,0.0,0.022097,0.722987,3.7e-05,0.614344,1.2e-05,0.000228,2.088745,0.007915,0.027243,0.0,0.5,0.492287,1.8e-05,0.603344,4e-06,0.000114,2.201005,0.488992,1.7e-05,0.604566,7e-06,0.000109,-1.0,0.0,-1.0,0.0,-512.0,-1.0,0.0,-1.0,0.0,0.0
sat/satcoin-genesis-SAT-64.cnf.bz2,134781.0,648806.0,87767.0,574392.0,0.535668,0.129553,0.1528,0.379452,0.371293,0.0,1.0,0.825254,3.7e-05,0.148931,2.3e-05,0.000137,0.687735,0.0,0.021459,0.722689,3.7e-05,0.615506,1.2e-05,0.000226,2.082544,0.007995,0.027395,0.0,0.5,0.490742,1.8e-05,0.604395,3e-06,0.000113,2.2023,0.488656,1.7e-05,0.605639,7e-06,0.000117,-1.0,0.0,-1.0,0.0,-512.0,-1.0,0.0,-1.0,0.0,0.0
sat/satcoin-genesis-SAT-7.cnf.bz2,134780.0,648803.0,87767.0,574396.0,0.535657,0.12954,0.152799,0.37946,0.371328,0.0,1.0,0.825291,3.7e-05,0.148934,2.3e-05,0.000137,0.687745,0.0,0.02147,0.722697,3.7e-05,0.615512,1.2e-05,0.00023,2.082552,0.007993,0.027389,0.0,0.5,0.490619,1.8e-05,0.604402,3e-06,0.000115,2.202303,0.488658,1.7e-05,0.605651,7e-06,0.000118,-1.0,0.0,-1.0,0.0,-512.0,-1.0,0.0,-1.0,0.0,0.0
sat/satcoin-genesis-SAT-8.cnf.bz2,134781.0,648806.0,87767.0,574394.0,0.535668,0.129549,0.152799,0.379457,0.371318,0.0,1.0,0.825281,3.7e-05,0.148934,2.3e-05,0.000137,0.687745,0.0,0.02147,0.722697,3.7e-05,0.615505,1.2e-05,0.000226,2.082624,0.007994,0.027392,0.0,0.5,0.49073,1.8e-05,0.604393,3e-06,0.000113,2.202255,0.488658,1.7e-05,0.605639,7e-06,0.000117,-1.0,0.0,-1.0,0.0,-512.0,-1.0,0.0,-1.0,0.0,0.0
sat/satcoin-genesis-SAT-9.cnf.bz2,134781.0,648806.0,87767.0,574395.0,0.535668,0.129547,0.152799,0.37946,0.371328,0.0,1.0,0.825268,3.7e-05,0.148934,2.3e-05,0.000137,0.687758,0.0,0.021468,0.722698,3.7e-05,0.615513,1.2e-05,0.00023,2.082521,0.007994,0.027392,0.0,0.5,0.490697,1.8e-05,0.604402,3e-06,0.000115,2.202346,0.488659,1.7e-05,0.605651,7e-06,0.000118,-1.0,0.0,-1.0,0.0,-512.0,-1.0,0.0,-1.0,0.0,0.0
sat/sdiv15prop.cnf.bz2,3179.0,9236.0,1342.0,6063.0,1.368852,0.523338,0.221343,0.449973,0.780621,0.0,1.0,1.368663,0.002214,0.330956,0.00149,0.012668,1.168341,0.0,0.307603,0.807851,0.002214,0.873534,0.000825,0.032162,2.38195,0.079657,0.103922,0.0,0.8,1.841278,0.001109,0.85016,0.00033,0.01237,1.91777,0.592281,0.001663,1.062087,0.000825,0.028369,0.005105,0.854037,0.00066,0.059212,3.838905,0.181651,0.666168,0.016377,0.52381,3.298521
sat/sdiv17prop.cnf.bz2,4051.0,11810.0,1728.0,7803.0,1.344329,0.51352,0.221453,0.449464,0.778031,0.0,1.0,1.353866,0.001717,0.335578,0.001157,0.010995,1.157013,0.0,0.306677,0.814687,0.001717,0.922453,0.000641,0.028322,2.330925,0.078912,0.102541,0.0,0.818182,1.808214,0.000864,0.893725,0.000256,0.010893,1.865563,0.594387,0.001291,1.136106,0.000641,0.025119,0.004174,0.884547,0.000513,0.056517,3.822204,0.180218,0.687477,0.014433,0.52381,3.265633
sat/si2-b03m-m400-03.cnf.bz2,5310.0,298157.0,1140.0,150817.0,3.657895,0.976946,0.007559,0.259691,0.805292,0.0,1.0,3.146825,0.0113,0.213671,0.001754,0.015789,2.163766,0.0,0.016583,0.020972,0.0113,1.660585,7.3e-05,0.084307,4.568992,0.277882,0.29928,0.0,1.0,3.515642,0.000106,0.928762,2e-05,0.000683,3.253164,0.029937,0.001571,0.951828,7.3e-05,0.003614,-1.0,0.0,-1.0,0.0,-512.0,-1.0,0.0,-1.0,0.0,0.0
sat/si2-b03m-m800-03.cnf.bz2,10862.0,472588.0,2509.0,232975.0,3.329215,1.028492,0.010769,0.259115,0.849783,0.0,1.0,3.287513,0.005843,0.257707,0.000797,0.007971,2.282485,0.0,0.033523,0.036905,0.005843,2.156282,9e-06,0.061062,4.99299,0.36265,0.340124,0.0,1.0,3.765581,4.3e-05,0.612209,0.0,0.000163,2.780485,0.043163,0.001077,1.208067,9e-06,0.004507,-1.0,0.0,-1.0,0.0,-512.0,-1.0,0.0,-1.0,0.0,0.0
sat/si2-b06m-m1000-03.cnf.bz2,9300.0,563208.0,1808.0,219560.0,4.143805,1.565167,0.008235,0.215411,0.824859,0.0,1.0,3.11367,0.007897,0.205037,0.001106,0.011062,2.152416,0.0,0.007114,0.011728,0.007897,1.340977,2.3e-05,0.052432,6.354811,0.322423,0.288653,0.0,1.0,4.240908,3.7e-05,0.720036,0.0,0.000191,2.756656,0.018405,0.001485,0.676626,2.3e-05,0.003466,-1.0,0.0,-1.0,0.0,-512.0,-1.0,0.0,-1.0,0.0,0.0
sat/sqrt_ineq_3.c.cnf.bz2,132259.0,641421.0,106327.0,592877.0,0.243889,0.081879,0.179341,0.316939,0.605552,0.0,1.0,1.007246,2.9e-05,0.632846,1.9e-05,0.001213,0.935741,0.0,0.153383,0.812265,2.9e-05,1.968434,1e-05,0.001432,2.037765,0.049932,0.087831,0.0,1.0,1.251204,1.6e-05,2.069465,2e-06,0.000533,1.893502,0.570995,3.5e-05,1.696878,7e-06,0.00116,-1.0,0.0,-1.0,0.0,-512.0,-1.0,0.0,-1.0,0.0,0.0
sat/sted1_0x0-330.cnf.bz2,13431.0,335975.0,13095.0,278067.0,0.025659,0.208252,0.047093,0.419762,0.808039,0.0,1.0,1.518615,0.000274,0.203692,0.000153,0.000458,1.06886,0.0,0.084088,0.389334,0.000274,1.034036,5.8e-05,0.001597,3.691649,0.322063,0.412849,0.0,0.912088,1.65496,0.000172,1.088129,3.6e-05,0.001036,3.318756,0.666994,0.000213,0.468223,5.8e-05,0.00059,-1.0,0.0,-1.0,0.0,-512.0,-1.0,0.0,-1.0,0.0,0.0
sat/sted1_0x24204-330.cnf.bz2,13431.0,353614.0,13095.0,289032.0,0.025659,0.223442,0.045306,0.428665,0.801235,0.0,1.0,1.531327,0.000284,0.334546,0.000153,0.000916,1.182829,0.0,0.080898,0.387289,0.000284,0.996293,5.5e-05,0.001668,4.231546,0.237008,0.287969,0.0,0.831325,2.80427,0.000165,1.088302,3.5e-05,0.001,3.323204,0.641728,0.000225,0.424227,5.5e-05,0.000567,-1.0,0.0,-1.0,0.0,-512.0,-1.0,0.0,-1.0,0.0,0.0
sat/sted5_0x0-50.cnf.bz2,2345.0,58349.0,2321.0,53826.0,0.01034,0.08403,0.04312,0.433434,0.786718,0.0,1.0,1.537908,0.001563,0.198896,0.000862,0.002585,1.066568,0.0,0.070059,0.372552,0.001563,0.936201,0.000446,0.007357,3.315721,0.367317,0.414635,0.0,0.894737,1.858421,0.000975,1.039305,0.000149,0.004905,3.000597,0.660071,0.001197,0.388132,0.000446,0.002787,-1.0,0.0,-1.0,0.0,-512.0,-1.0,0.0,-1.0,0.0,0.0
sat/sted5_0x0-60.cnf.bz2,2345.0,58339.0,2334.0,56095.0,0.004713,0.040004,0.041608,0.427859,0.789336,0.0,1.0,1.53388,0.001572,0.190157,0.000857,0.002571,1.033019,0.0,0.057706,0.345289,0.001572,0.92822,0.00057,0.007059,2.98141,0.365788,0.414798,0.0,0.894737,1.660645,0.000969,1.046316,0.000178,0.004706,2.522602,0.64963,0.001194,0.381415,0.000588,0.002674,-1.0,0.0,-1.0,0.0,-512.0,-1.0,0.0,-1.0,0.0,0.0
sat/sted5_0x24204-50.cnf.bz2,2345.0,61876.0,2321.0,56548.0,0.01034,0.094221,0.041045,0.442162,0.782184,0.0,1.0,1.551975,0.001636,0.349277,0.000862,0.00517,1.197652,0.0,0.067023,0.37011,0.001636,0.898729,0.000424,0.007675,3.72868,0.249203,0.268772,0.0,0.75,2.667622,0.000928,1.03896,0.000141,0.004669,3.01489,0.628634,0.001215,0.366428,0.000424,0.002653,-1.0,0.0,-1.0,0.0,-512.0,-1.0,0.0,-1.0,0.0,0.0
sat/terminator_03_true-unreach-call_true-termination.i.cnf.bz2,136902.0,1257615.0,71714.0,479078.0,0.909,1.625074,0.149692,0.39385,0.571891,0.0,1.0,1.256976,5.9e-05,2.122883,2.8e-05,0.014321,1.32535,0.0,0.111456,0.75567,5.9e-05,5.699267,1.7e-05,0.017193,2.095941,0.111374,0.155622,0.0,0.969171,1.609459,2.8e-05,7.494987,6e-06,0.0086,1.86651,0.479594,9.4e-05,4.113133,1e-05,0.007028,-1.0,0.0,-1.0,0.0,-512.0,-1.0,0.0,-1.0,0.0,0.0
sat/TimetableCNFEncoding_1_UNKNOWN.cnf.bz2,366507.0,2492555.0,255851.0,2386745.0,0.432502,0.044332,0.107197,0.403815,0.654721,0.0,1.0,0.965723,1.5e-05,1.430127,8e-06,0.000168,0.878955,0.0,0.193357,0.930413,1.5e-05,1.542002,0.0,7.7e-05,2.79319,0.359997,0.318617,0.0,1.0,2.529629,1e-05,1.256867,0.0,5e-05,2.8305,0.940562,2.4e-05,1.653445,0.0,0.00031,-1.0,0.0,-1.0,0.0,-512.0,-1.0,0.0,-1.0,0.0,0.0
sat/TimetableCNFEncoding_17_UNKNOWN.cnf.bz2,362696.0,2470716.0,252161.0,2365098.0,0.438351,0.044657,0.106618,0.403026,0.654685,0.0,1.0,0.964747,1.5e-05,1.434645,8e-06,0.000171,0.877153,0.0,0.192767,0.929794,1.5e-05,1.533292,0.0,7.8e-05,2.793804,0.3595,0.320418,0.0,1.0,2.520752,1e-05,1.248853,0.0,5.1e-05,2.8256,0.940018,2.4e-05,1.64935,0.0,0.000312,-1.0,0.0,-1.0,0.0,-512.0,-1.0,0.0,-1.0,0.0,0.0
sat/TimetableCNFEncoding_20_UNKNOWN.cnf.bz2,378430.0,2649518.0,267516.0,2543708.0,0.414607,0.041597,0.105168,0.401081,0.650691,0.0,1.0,0.941195,1.4e-05,1.468393,7e-06,0.000161,0.854376,0.0,0.189681,0.934707,1.4e-05,1.543273,0.0,7.5e-05,2.749281,0.36556,0.321116,0.0,1.0,2.467575,1e-05,1.266138,0.0,5e-05,2.808828,0.944128,2.3e-05,1.684686,0.0,0.000318,-1.0,0.0,-1.0,0.0,-512.0,-1.0,0.0,-1.0,0.0,0.0
sat/udiv35prop.cnf.bz2,10972.0,32257.0,4781.0,21196.0,1.294917,0.521844,0.225561,0.512898,0.70809,0.0,1.0,1.19836,0.000633,0.539383,0.000418,0.007739,0.990909,0.0,0.285903,0.877052,0.000633,1.264221,0.000377,0.00703,1.630309,0.038899,0.08334,0.0,0.92381,0.88473,0.000386,1.255231,0.000142,0.005001,1.337569,0.710936,0.000481,1.83981,0.000283,0.008303,0.002194,0.885241,0.000283,0.120259,2.976595,0.204168,0.744533,0.001553,0.52381,2.471052
sat/udiv40prop.cnf.bz2,14342.0,42272.0,6266.0,27831.0,1.288861,0.518882,0.225145,0.512712,0.707786,0.0,1.0,1.189757,0.000483,0.566638,0.000319,0.006703,0.981949,0.0,0.284934,0.878517,0.000483,1.354374,0.000287,0.006072,1.606433,0.037641,0.08103,0.0,0.933333,0.850586,0.000296,1.341909,0.000108,0.004348,1.308343,0.712299,0.000366,1.976961,0.000216,0.007222,0.001832,0.91502,0.000216,0.119076,2.935345,0.20255,0.761383,0.001195,0.52381,2.302075
sat/uniqinv25prop.cnf.bz2,4831.0,13980.0,2277.0,10028.0,1.121651,0.394097,0.227064,0.338719,0.871852,0.0,1.0,1.212593,0.001261,0.458757,0.000878,0.02152,1.023193,0.0,0.329876,0.82509,0.001261,1.032078,0.000798,0.018947,1.50568,0.151153,0.079031,0.0,0.5,1.579954,0.000545,1.24931,0.0001,0.009274,1.734624,0.504089,0.001065,1.350229,0.000499,0.018448,0.00338,1.059283,0.000698,0.019645,3.56901,0.135341,0.666597,0.011353,0.552381,2.923933
