instance,feature_289,feature_242,feature_31,feature_379,feature_356
instance_1,0.967793316,4.4222677959,25.0,1.0,0.0
instance_2,0.938080994,5.3422006282,6.0,1.0,0.0
instance_3,0.981337099,5.2795824996,16.0,1.0,0.0
instance_4,0.909356269,4.7288310482,5.0,1.0,0.0
instance_5,0.931595261,4.4407449577,9.0,1.0,1.103e-06
instance_6,0.941691261,4.7629772734,10.0,1.0,1e-09
instance_7,0.94379945,4.8159205294,10.0,1.0,0.0
instance_8,0.887212769,0.6982526945,5.0,1.0,0.001613475
instance_9,0.889046488,0.6961365784,5.0,1.0,0.001879389
instance_10,0.640279289,1.1897125164,5.0,1.0,0.006606495
instance_12,0.666666667,1.5327377404,1.0,1.0,0.00038151
instance_13,0.030840131,0.1831483967,4.0,1.0,0.001668441
instance_14,0.044865786,0.1914160161,4.0,1.0,0.001540967
instance_15,0.671299232,0.0,8.0,1.0,0.002330036
instance_16,0.651619382,0.0,8.0,1.0,0.003031845
instance_17,0.858507114,1.0896275322,5.0,1.0,0.00350012
instance_20,0.638099467,0.3325942143,8.0,1.0,0.002577515
instance_21,0.650565885,0.0438952326,8.0,1.0,0.002911602
instance_22,0.858873113,1.1208879692,5.0,1.0,0.002975896
instance_23,0.869874432,0.688309412,5.0,1.0,6.41e-07
instance_24,0.859911609,0.6741923019,5.0,1.0,5.53e-06
instance_26,0.868697153,0.67834331,5.0,1.0,6.16e-07
instance_27,0.009791357,0.0613254873,505.0,1.0,0.09274922
instance_29,0.833684403,0.0,5.0,3.0,0.012546247
instance_30,0.842647538,0.0,5.0,2.0,0.017149203
instance_31,0.849913036,2.9216904912,6.0,1.0,0.000981498
instance_36,0.488317974,0.0,5.0,1.0,0.015501786
instance_37,0.543912708,0.0,5.0,1.0,0.024563712
instance_38,0.502553213,0.0,5.0,1.0,0.028028196
instance_40,0.551497604,0.0,5.0,1.0,0.027267166
instance_41,0.536714179,-0.0,5.0,1.0,0.024567535
instance_42,0.518812863,0.0,5.0,1.0,0.016245274
instance_44,0.558506957,0.0,5.0,2.0,0.019843655
instance_45,0.553985009,0.0,5.0,1.0,0.023423576
instance_48,0.548664515,0.0,5.0,1.0,0.027145235
instance_49,0.548514491,0.0,5.0,1.0,0.027145235
instance_51,0.516952643,0.0,5.0,1.0,0.016150058
instance_52,0.496202424,-0.0,5.0,1.0,0.024501595
instance_53,0.52416487,0.0,5.0,1.0,0.015666336
instance_55,0.462107593,0.0,5.0,1.0,0.012885447
instance_56,0.974243047,-0.0,9.0,1.0,0.025000802
instance_57,0.984639316,0.0,9.0,1.0,0.024740422
instance_58,0.69793656,0.0,6.0,1.0,0.00252704
instance_59,0.695711172,0.0,6.0,2.0,0.001184456
instance_60,0.547497848,0.0,2.0,1.0,0.319599187
instance_62,0.992449863,2.2470025482,5.0,1.0,0.002234621
instance_64,0.993760782,2.3440455703,5.0,1.0,0.00287337
instance_65,0.993417178,2.3253841766,3.0,1.0,0.001791101
instance_66,0.993622851,2.3102617643,3.0,1.0,0.001890002
instance_67,0.683517266,0.0,5.0,1.0,0.00944461
instance_71,0.586002205,0.1243743901,5.0,1.0,0.008533725
instance_72,0.895775209,0.0,5.0,1.0,0.020961393
instance_73,0.870959873,0.0,5.0,2.0,0.009950407
instance_74,0.928066465,0.0,4.0,1.0,1.204e-06
instance_76,0.544954235,0.2448061206,8.0,1.0,0.021692388
instance_77,0.851311607,3.1989729577,5.0,1.0,0.002868225
instance_79,0.87972167,-0.0,5.0,1.0,0.005192432
instance_80,0.877534133,0.0,5.0,1.0,0.005220888
instance_81,0.885729239,0.0,5.0,1.0,0.005204494
instance_82,0.975903614,0.0,10.0,1.0,0.025218258
instance_83,0.975167521,0.0,10.0,1.0,0.032612786
instance_85,,2.315951795,7.0,1.0,0.100815243
instance_86,0.930842289,0.6890738695,10.0,1.0,0.006146741
instance_89,0.939316383,0.0,5.0,1.0,0.013789154
instance_91,0.940166633,0.0,5.0,1.0,0.013882812
instance_93,0.555875417,0.0,5.0,1.0,0.00039897
instance_94,0.555461676,0.0,5.0,1.0,0.00039897
instance_95,0.165283726,0.893857389,19.0,2.0,0.020009165
instance_96,0.827505828,0.0,13.0,0.0,0.180910859
instance_97,0.682197665,2.141819658,5.0,1.0,0.000201185
instance_101,0.618778352,0.0,10.0,1.0,0.026464053
instance_103,0.618898934,0.0,10.0,1.0,0.026463989
instance_104,0.61877433,0.0,10.0,1.0,0.026464695
instance_105,0.617303597,0.0,10.0,1.0,0.026326323
instance_106,0.617211331,0.0,10.0,1.0,0.026326365
instance_107,0.617303597,0.0,10.0,1.0,0.026326323
instance_108,0.617303597,0.0,10.0,1.0,0.026326323
instance_110,0.826005237,0.0,5.0,1.0,0.022166707
instance_111,0.742993576,0.0,5.0,1.0,0.01527727
instance_112,0.489909526,0.0,5.0,2.0,0.00015171
instance_115,0.5427269,0.6255527984,5.0,1.0,0.000130067
instance_117,0.953524572,0.0,10.0,1.0,0.032933239
instance_118,0.953863257,0.0,10.0,1.0,0.030433526
instance_119,0.958777778,0.0,10.0,1.0,0.029670048
instance_120,0.959751635,0.0,10.0,1.0,0.030194898
instance_121,0.95328874,0.0,10.0,1.0,0.031019651
instance_124,0.962123737,0.0,10.0,1.0,0.030473974
instance_125,0.953726363,0.0,10.0,1.0,0.030884468
instance_128,0.961225627,0.0,10.0,1.0,0.029756276
instance_130,0.959693538,0.0,10.0,1.0,0.028915573
instance_131,0.958907152,0.0,10.0,1.0,0.030413785
instance_132,0.961521352,0.0,10.0,1.0,0.027944824
instance_134,0.95624167,0.0,10.0,1.0,0.029021192
instance_135,0.958537128,0.0,10.0,1.0,0.028692604
instance_136,0.96082131,0.0,10.0,1.0,0.028696284
instance_139,0.964562569,0.0,10.0,1.0,0.031308489
instance_140,0.966751635,0.0,10.0,1.0,0.030993576
instance_141,0.959009109,0.0,10.0,1.0,0.027777799
instance_142,0.968421053,0.0,10.0,1.0,0.030266615
instance_143,0.958861463,0.0,10.0,1.0,0.031792123
instance_144,0.966626012,0.0,10.0,1.0,0.030009431
instance_146,0.859978011,2.3614123557,6.0,1.0,0.006098319
instance_147,0.868912416,0.0,5.0,2.0,0.011409103
instance_148,0.901239476,0.0,5.0,2.0,0.015874604
instance_149,0.918349693,0.0,5.0,4.0,0.018246323
instance_150,0.900751663,0.0,6.0,2.0,0.0
instance_151,0.944799345,0.0,6.0,2.0,-0.0
instance_152,0.841034401,2.2570658448,6.0,1.0,0.007144853
instance_153,0.847812249,2.2811102071,6.0,1.0,0.007564137
instance_154,0.605185359,0.3563270007,8.0,1.0,0.013778037
instance_155,0.604996473,0.3574972934,8.0,1.0,0.013811983
instance_156,0.605209915,0.3563270007,8.0,1.0,0.013780727
instance_158,0.982619028,3.0516612108,2.0,1.0,0.003529504
instance_159,0.984313145,2.3938264136,2.0,1.0,0.003641121
instance_162,0.865112759,0.0,4.0,1.0,5.3194e-05
instance_163,0.875405882,0.0,4.0,1.0,1.239e-05
instance_164,0.875676805,0.0,4.0,1.0,6.397e-06
instance_165,0.873799266,0.0,4.0,1.0,6.899e-06
instance_166,0.863654369,0.0,2.0,1.0,9.8723e-05
instance_167,0.870817682,0.0,4.0,1.0,1.553e-05
instance_168,0.869035786,0.0,4.0,1.0,1.0607e-05
instance_170,0.997394081,0.9812816963,8.0,1.0,0.0
instance_171,0.560757325,1.4386491643,6.0,1.0,0.072016029
instance_172,0.850349987,0.2925084685,4.0,1.0,0.005922196
instance_174,0.917990004,0.0,6.0,2.0,0.0
instance_175,0.929784336,0.0,6.0,2.0,-0.0
instance_176,0.890875379,0.0,6.0,1.0,0.0
instance_178,0.910655655,0.0,6.0,2.0,0.0
instance_179,0.917866799,0.0,6.0,2.0,0.0
instance_180,0.934155605,0.0,6.0,2.0,-0.0
instance_185,0.562902245,1.4878187619,6.0,1.0,0.018294839
instance_186,0.770534484,0.0,7.0,1.0,0.019303386
instance_187,0.664341162,0.0815505975,7.0,1.0,0.019543713
instance_190,0.61181592,0.0,8.0,1.0,0.031496375
instance_191,0.834505384,0.576673802,5.0,1.0,0.000193102
instance_192,0.926559288,0.0,5.0,1.0,0.010807102
instance_193,0.667327942,1.10251663,5.0,1.0,0.009980547
instance_194,0.679908928,1.1546642586,5.0,1.0,0.106926125
instance_196,0.833444881,0.2213821227,5.0,1.0,0.025112802
instance_199,0.862426822,0.0,5.0,4.0,0.018291373
instance_201,0.57120696,0.0,31.0,1.0,0.000113901
instance_202,0.669566457,0.0,56.0,1.0,7.36e-07
instance_203,0.763130721,0.0,50.0,1.0,3.047e-06
instance_204,0.728511556,0.0,61.0,1.0,1.676e-06
instance_205,0.721708729,0.0,59.0,1.0,1.578e-06
instance_206,0.547896578,0.0,34.0,1.0,0.000192233
instance_207,0.72078067,0.0,61.0,1.0,2.08e-06
instance_209,0.757789745,0.0,58.0,1.0,3.468e-06
instance_210,0.693243857,0.0,80.0,1.0,0.052063653
instance_211,0.737245174,0.0,74.0,3.0,0.065090616
instance_213,0.732539419,0.0,74.0,2.0,1.33e-07
instance_217,0.548865848,0.0,38.0,1.0,0.000147709
instance_218,0.7584697,0.0,72.0,3.0,0.069269799
instance_219,0.556247853,0.0,34.0,1.0,0.0006408
instance_220,0.819540245,0.0,2.0,1.0,0.007842157
instance_222,0.842364974,1.5903993448,1.0,1.0,2.7775e-05
instance_223,0.902584717,2.6073991835,3.0,1.0,8.471e-06
instance_224,0.92897853,2.5814041221,1.0,1.0,2.392e-06
instance_225,0.929141624,2.550992089,3.0,1.0,2.39e-06
instance_229,0.922509185,2.7696730599,1.0,1.0,5.15e-07
instance_230,0.922974961,2.6969658239,1.0,1.0,5.03e-07
instance_231,0.922783043,2.6368371734,1.0,1.0,6.84e-07
instance_233,0.922951095,2.5431103402,3.0,1.0,6.53e-07
instance_234,0.923566496,2.5058292704,3.0,1.0,6.51e-07
instance_235,0.923057622,2.4732769083,3.0,1.0,1.657e-06
instance_236,0.923168876,2.4445892873,3.0,1.0,1.639e-06
instance_237,0.92312915,2.4191020313,3.0,1.0,1.623e-06
instance_238,0.923455768,2.3962958901,3.0,1.0,1.602e-06
instance_240,0.813467229,0.0,2.0,1.0,0.012040253
instance_241,0.96440897,0.3938678437,1.0,1.0,3.909e-06
instance_243,0.60946865,2.7301503807,5.0,1.0,3e-09
instance_245,0.877257432,2.3687619677,7.0,1.0,0.007815671
instance_246,0.577216854,0.5042372943,7.0,1.0,0.007483995
instance_247,0.594826001,0.783801422,7.0,1.0,0.005499623
instance_248,0.59754405,0.7416869987,7.0,1.0,0.005724904
instance_249,0.899107669,2.5718946844,6.0,1.0,0.009603653
instance_250,0.597138808,0.7364898824,7.0,1.0,0.005472638
instance_251,0.898841825,2.5801104968,6.0,1.0,0.009536516
instance_256,0.899337772,2.5677095723,6.0,1.0,0.003016361
instance_257,0.923172049,0.0,1.0,1.0,1.6662e-05
instance_258,0.932534798,0.0,4.0,1.0,1.059e-06
instance_259,0.901467591,0.0,4.0,1.0,3.83e-06
instance_260,0.375087321,0.0,12.0,1.0,1.7868e-05
instance_261,0.989293601,2.3982844646,2.0,1.0,0.007177916
instance_262,0.989959289,2.3982844646,4.0,1.0,0.007630294
instance_263,0.991246432,2.4800532818,4.0,1.0,0.012696792
instance_268,0.829591747,0.5815062938,5.0,1.0,0.005364797
instance_269,0.94900909,5.1996842861,6.0,1.0,0.0
instance_271,0.038073883,0.0,88.0,1.0,4.9652e-05
instance_272,0.037948738,0.0,88.0,1.0,4.9609e-05
instance_273,0.038061844,0.0,88.0,1.0,4.9655e-05
instance_274,0.03804845,0.0,88.0,1.0,4.9719e-05
instance_276,0.038061608,0.0,88.0,1.0,4.9609e-05
instance_278,0.037978184,0.0,88.0,1.0,4.9662e-05
instance_279,0.038195632,0.0,88.0,1.0,4.9729e-05
instance_280,0.037937249,0.0,88.0,1.0,4.9658e-05
instance_282,0.070601663,0.0,57.0,1.0,5.4368e-05
instance_283,0.037947947,0.0,88.0,1.0,4.966e-05
instance_284,0.038010649,0.0,88.0,1.0,4.9654e-05
instance_285,0.087368127,0.0,48.0,1.0,6.09e-05
instance_286,0.074827051,0.0,57.0,1.0,5.6013e-05
instance_288,0.928225385,4.8885081531,6.0,1.0,1.66e-07
instance_290,0.936539334,5.2418434261,6.0,1.0,2e-09
instance_293,0.050244676,-0.0,49.0,1.0,0.000383807
instance_294,0.052928585,0.0,47.0,1.0,0.000383836
instance_295,0.055135327,0.0,54.0,1.0,0.000371094
instance_296,0.054859485,0.0,55.0,1.0,0.000395095
instance_299,0.048706156,0.0,56.0,1.0,0.000319652
instance_301,0.048319559,0.0,56.0,1.0,0.000329834
instance_302,0.057025219,0.1828365865,55.0,1.0,0.000552315
instance_303,0.05736853,0.0,55.0,1.0,0.000507875
instance_304,0.057676305,0.0,55.0,1.0,0.000544957
instance_306,0.062045313,0.1750409923,57.0,1.0,0.000604167
instance_307,0.062777752,0.2617644829,57.0,1.0,0.000615475
instance_309,0.05885293,0.1614532863,61.0,1.0,0.000572875
instance_310,0.059465063,0.1584105701,61.0,1.0,0.000598785
instance_311,0.059551366,0.1614532863,60.0,1.0,0.000592742
instance_312,0.051159073,0.1526887254,64.0,1.0,0.000471529
instance_313,0.050294016,0.1526887254,65.0,1.0,0.000464727
instance_314,0.050448585,0.0,67.0,1.0,0.000475214
instance_315,0.048010601,0.1714114438,72.0,1.0,0.000431434
instance_317,0.045162066,0.0,65.0,1.0,0.000420873
instance_318,0.720021111,0.0,5.0,1.0,0.003379091
instance_319,0.718703206,0.0,5.0,1.0,0.005281671
instance_321,0.715477514,0.0,5.0,1.0,0.006316813
instance_322,0.717122586,0.0,5.0,1.0,0.006696512
instance_323,0.843078526,0.0,5.0,1.0,0.010011468
instance_324,0.720660862,-0.0,5.0,1.0,0.00296989
instance_325,0.727998756,0.0,5.0,1.0,0.003023893
instance_326,0.585897747,0.0,5.0,2.0,0.024144133
instance_327,0.678853755,0.0,5.0,1.0,0.013791962
instance_328,0.717148982,0.0,5.0,1.0,0.013884871
instance_329,0.696102509,0.0,5.0,1.0,0.013981181
instance_330,0.717372117,0.0,5.0,1.0,0.004301554
instance_331,0.724632034,0.0,5.0,1.0,0.003511526
instance_332,0.949447992,4.1413466786,18.0,1.0,7.5e-08
instance_333,0.87454735,0.7024827481,5.0,1.0,0.001467205
instance_334,0.889299478,0.7009305834,5.0,1.0,0.001677268
instance_335,0.885680769,0.6942298958,5.0,1.0,0.001801421
instance_336,0.565327979,0.9340678651,5.0,1.0,0.001333246
instance_337,0.687644749,1.421994345,5.0,1.0,0.003504872
instance_338,0.610634186,0.6415566307,5.0,1.0,0.021320929
instance_339,0.110695516,0.1992543887,5.0,1.0,5.1204e-05
instance_340,0.224422604,0.5782150364,8.0,1.0,0.000183819
instance_341,0.222318014,0.5699691976,8.0,1.0,0.000174534
instance_342,0.222109025,0.5726892826,8.0,1.0,0.000174534
instance_344,0.22653736,0.57132572,8.0,1.0,0.000116173
instance_347,0.703193846,2.0968049469,5.0,1.0,0.002304312
instance_348,0.703132828,2.0970805215,5.0,1.0,0.00230459
instance_349,0.703205731,2.0971496288,5.0,1.0,0.002304246
instance_351,0.863024129,0.6750289162,5.0,1.0,3.157e-06
instance_354,0.867023059,0.6598758446,5.0,1.0,6.05e-07
instance_356,0.870966067,0.6971185295,5.0,1.0,7.32e-07
instance_357,0.964197642,0.7879977091,14.0,1.0,0.000383823
instance_361,0.104712042,0.0,6.0,1.0,0.005376002
instance_363,0.391459075,0.0,6.0,1.0,0.003340609
instance_366,0.528871171,0.6961692772,3.0,1.0,9.79e-06
instance_368,0.363117899,0.6961692772,3.0,1.0,4e-09
instance_371,0.335578091,0.3861694036,3.0,1.0,0.0
instance_373,0.901379577,1.2162778183,40.0,1.0,0.0
instance_376,0.997540649,0.0565154088,8.0,2.0,0.021726708
instance_378,0.812119403,0.0,5.0,1.0,0.01590826
instance_380,0.544892348,0.0,5.0,2.0,0.021113678
instance_381,0.460588665,0.0,5.0,1.0,0.00053437
instance_384,0.680477141,3.133218182,82.0,1.0,1.2e-08
instance_387,0.681848265,3.2516653783,103.0,1.0,4e-09
instance_389,0.68109186,3.2372363439,103.0,1.0,4e-09
instance_390,0.668703623,0.0,5.0,1.0,0.002140132
instance_391,0.917095715,0.0,2.0,1.0,1.7738e-05
instance_392,0.927674971,0.0,4.0,1.0,3.164e-06
instance_393,0.892003652,0.0,4.0,1.0,2.3089e-05
instance_394,0.937538883,0.0568480636,5.0,1.0,0.034311477
instance_395,0.99957797,0.0,401.0,2.0,-0.0
instance_396,0.597552679,0.012662772,8.0,1.0,0.077725523
instance_398,0.940083408,0.0,5.0,1.0,0.013070944
instance_399,0.93858888,0.0,5.0,1.0,0.013214315
instance_404,0.634538923,0.0,5.0,1.0,0.000894869
instance_406,0.830818966,0.0,4.0,2.0,0.025085329
instance_407,0.965624307,0.0,10.0,1.0,0.030019562
instance_408,0.970102979,0.0,10.0,1.0,0.027625688
instance_409,0.958235884,0.0,10.0,1.0,0.027751525
instance_411,0.964507542,0.0,10.0,1.0,0.029926672
instance_412,0.9621423,0.0,10.0,1.0,0.030011162
instance_413,0.965805302,0.0,10.0,1.0,0.031610847
instance_414,0.961376249,0.0,10.0,1.0,0.03185535
instance_417,0.959773936,0.0,10.0,1.0,0.03014516
instance_418,0.96407584,0.0,10.0,1.0,0.030863505
instance_419,0.966341895,0.0,10.0,1.0,0.029915698
instance_420,0.961811723,0.0,10.0,1.0,0.029749693
instance_421,0.955255523,0.0,10.0,1.0,0.031141455
instance_422,0.950768545,0.0,10.0,1.0,0.029714434
instance_424,0.96931088,0.0,10.0,1.0,0.030823371
instance_425,0.957723036,0.0,10.0,1.0,0.027193161
instance_426,0.96308204,0.0,10.0,1.0,0.030319748
instance_430,0.959290072,0.0,10.0,1.0,0.029964654
instance_431,0.962739848,0.0,10.0,1.0,0.031754869
instance_432,0.959391989,0.0,10.0,1.0,0.029215752
instance_433,0.790251852,0.0,20.0,1.0,0.0
instance_434,0.469736699,0.0,5.0,1.0,0.000701204
instance_435,0.844921914,0.0,7.0,1.0,0.004178638
instance_436,0.857462913,0.0,7.0,1.0,0.004052711
instance_437,0.853219339,0.0,7.0,1.0,0.00420285
instance_438,0.864234837,0.0,7.0,1.0,0.001570972
instance_439,0.864795372,0.0,7.0,1.0,0.002502101
instance_441,0.86407182,0.0,7.0,1.0,0.003796892
instance_442,0.85310654,0.0,7.0,1.0,0.003967987
instance_443,0.86237282,0.0,7.0,1.0,0.003123095
instance_444,0.873967639,0.0,7.0,1.0,0.002607841
instance_445,0.859758504,0.0,7.0,1.0,0.00305858
instance_446,0.855964912,0.0,7.0,1.0,0.00355089
instance_447,0.871404054,0.0,7.0,1.0,0.003627898
instance_448,0.865606258,0.0,7.0,1.0,0.004015772
instance_449,0.876022567,0.0,7.0,1.0,0.003685744
instance_450,0.844757149,0.0,7.0,1.0,0.004396573
instance_451,0.835836572,0.0,7.0,1.0,0.004282998
instance_452,0.842573222,0.0,7.0,1.0,0.004083168
instance_453,0.862349067,0.0,7.0,1.0,0.002079187
instance_454,0.856911097,0.0,7.0,1.0,0.003118629
instance_455,0.86068016,0.0,7.0,1.0,0.002383522
instance_456,0.862766303,0.0,7.0,1.0,0.001655283
instance_457,0.852269171,0.0,7.0,1.0,0.004157164
instance_458,0.850026733,0.0,7.0,1.0,0.004213548
instance_460,0.857592307,0.0,7.0,1.0,0.003856508
instance_461,0.871052081,0.0,7.0,1.0,0.002475753
instance_463,0.87010095,0.0,7.0,1.0,0.002535693
instance_466,0.861005089,0.0,3.0,1.0,4.693e-06
instance_467,0.88754871,0.0,3.0,1.0,1.795e-06
instance_468,0.885251287,0.0,5.0,1.0,6.3e-08
instance_469,0.901587012,0.0,5.0,1.0,4.8e-08
instance_470,0.921587873,0.0,5.0,1.0,6e-09
instance_471,0.88444601,0.0,5.0,1.0,1.2e-08
instance_472,0.901242738,0.0,5.0,1.0,1e-08
instance_473,0.858847627,0.0,5.0,1.0,3e-09
instance_474,0.899551406,0.0,5.0,1.0,2e-09
instance_475,0.881981544,0.0,5.0,1.0,0.0
instance_477,0.880713661,0.0,5.0,1.0,0.0
instance_480,0.910572493,0.0,5.0,1.0,0.0
instance_481,0.919935157,0.0,5.0,1.0,0.007129804
instance_482,0.894721567,0.0,5.0,1.0,0.000921931
instance_484,0.908546281,0.0,5.0,1.0,0.012300757
instance_485,0.850246242,0.0,5.0,1.0,0.000178428
instance_488,0.908868589,0.0,5.0,1.0,0.050373642
instance_489,0.875921754,0.0,5.0,1.0,0.018012221
instance_490,0.894140689,0.0,5.0,1.0,0.018126433
instance_491,0.908068697,0.0,5.0,1.0,0.050571086
instance_492,0.849208075,0.0,5.0,1.0,0.003599582
instance_493,0.875275478,0.0,5.0,1.0,0.017691613
instance_494,0.893553261,0.0,5.0,1.0,0.052973193
instance_495,0.90798301,0.0,5.0,1.0,0.050570758
instance_496,0.848881997,0.0,5.0,1.0,0.014591106
instance_497,0.875159271,0.0,5.0,1.0,0.020305111
instance_498,0.848484382,0.0,5.0,1.0,0.014190225
instance_499,0.906863377,0.0,5.0,1.0,0.050584477
instance_500,0.778801623,0.0,5.0,1.0,0.020805463
instance_501,0.522817562,0.0,5.0,2.0,0.000226321
instance_502,0.362661142,0.0,5.0,1.0,0.000978701
instance_503,0.400216009,0.0,5.0,1.0,0.001060016
instance_504,0.370452415,0.0,5.0,1.0,0.000902798
instance_505,0.356853052,0.0,5.0,1.0,0.002063914
instance_506,0.48004911,0.0,4.0,1.0,0.004051187
instance_507,0.440076336,0.0,4.0,1.0,0.00337823
instance_508,0.361809412,0.0,5.0,1.0,0.001705039
instance_509,0.355655439,0.0,5.0,1.0,0.001681703
instance_510,0.455390975,0.0,4.0,1.0,0.002549822
instance_511,0.403474363,0.0,5.0,1.0,0.001459204
instance_512,0.356221481,0.0,5.0,1.0,0.001273651
instance_513,0.36927509,0.0,5.0,1.0,0.001437186
instance_515,0.371864707,0.0,5.0,1.0,0.001358933
instance_517,0.346470071,0.0,5.0,1.0,0.000779567
instance_518,0.322307482,0.0,11.0,1.0,0.000701088
instance_520,0.35610126,0.0,5.0,1.0,0.000570991
instance_521,0.375797783,0.0,5.0,1.0,0.000627869
instance_522,0.356186924,0.0,5.0,1.0,0.00053993
instance_525,0.376245249,0.0,5.0,1.0,0.000468839
instance_527,0.355913867,0.0,6.0,1.0,0.000508248
instance_530,0.371090518,0.0,5.0,1.0,0.000417528
instance_531,0.365231965,0.0,5.0,1.0,0.000428268
instance_532,0.338477134,0.0,6.0,1.0,0.00044972
instance_533,0.333722657,0.0,11.0,1.0,0.00044945
instance_535,0.361157748,0.0,5.0,1.0,0.000529135
instance_537,0.344064406,0.0,6.0,1.0,0.000499234
instance_539,0.368602602,0.0,5.0,1.0,0.001905978
instance_540,0.985904081,1.3182096657,4.0,1.0,0.002801276
instance_541,0.866555602,0.0,2.0,1.0,6.4495e-05
instance_542,0.873112787,0.0,4.0,1.0,1.3267e-05
instance_543,0.871090855,0.0,4.0,1.0,7.825e-06
instance_544,0.871100264,0.0,5.0,2.0,0.010069042
instance_547,0.031617247,0.8139114119,1.0,1.0,6.96e-07
instance_549,0.769293331,0.2925084685,3.0,1.0,0.001160214
instance_550,0.987784433,2.1465613139,4.0,1.0,0.022723502
instance_552,0.953046787,4.1498294825,11.0,1.0,1.356e-06
instance_553,0.999517258,0.0,375.0,2.0,-0.0
instance_554,0.999627907,0.0,427.0,2.0,-0.0
instance_555,0.849219555,0.0,5.0,2.0,0.011015756
instance_556,0.88873069,0.0,5.0,1.0,0.012174992
instance_557,0.482567783,0.0,5.0,2.0,8.6503e-05
instance_558,0.817146359,0.0,5.0,1.0,0.021865325
instance_559,0.776310718,0.0,5.0,1.0,0.020400572
instance_560,0.482567783,0.0,5.0,2.0,8.6503e-05
instance_562,0.555897631,0.0,5.0,1.0,0.000398996
instance_563,0.85956015,0.7084840602,5.0,1.0,0.00157479
instance_564,0.871362838,0.7065099002,5.0,1.0,0.001653627
instance_565,0.846789512,0.7076931666,1.0,1.0,6.387e-05
instance_566,0.858607724,0.6714865658,5.0,1.0,3.18e-06
instance_567,0.858295829,0.7039000351,5.0,1.0,3.18e-06
instance_568,0.849149734,0.705183185,1.0,1.0,6.504e-05
instance_570,0.705125586,0.5979020919,5.0,1.0,0.022696734
instance_571,0.702264533,0.6241494447,5.0,1.0,0.020753199
instance_572,0.613840328,0.590333624,5.0,1.0,0.020754383
instance_573,0.836282045,0.2027333326,5.0,1.0,0.028106356
instance_578,0.81050989,0.0,5.0,1.0,0.023577203
instance_580,0.784027389,0.0,5.0,1.0,0.021738785
instance_582,0.779018018,0.0,5.0,1.0,0.014797154
instance_583,0.692693571,0.0,5.0,1.0,0.009862369
instance_584,0.784353394,0.0,5.0,1.0,0.020086562
instance_585,0.720506082,0.0,5.0,1.0,0.010967161
instance_586,0.86817345,0.0,5.0,1.0,0.028019911
instance_588,0.849993944,0.0,5.0,2.0,0.018744968
instance_589,0.391459075,0.0,6.0,1.0,0.003340578
instance_590,0.259497175,0.2214925092,4.0,1.0,0.000274527
instance_591,0.332147563,0.2214856951,4.0,1.0,0.000780666
instance_593,0.99777586,0.5402041424,10.0,1.0,0.00870703
instance_594,0.997854248,0.6365141683,1.0,1.0,0.008551843
instance_597,0.980189486,1.4922294142,8.0,1.0,3.93e-07
instance_598,0.985486129,1.4729757758,4.0,1.0,0.002851838
instance_599,0.985688861,1.3182096657,4.0,1.0,0.002849472
instance_600,0.985705993,1.4729757758,4.0,1.0,0.002802075
instance_601,0.987443393,2.0479066923,2.0,1.0,0.012982818
instance_602,0.78054702,2.193830203,6.0,1.0,0.002541157
instance_603,0.737565077,2.1665637774,5.0,1.0,0.000213433
instance_604,0.657159893,0.6328672508,5.0,1.0,0.00150997
instance_605,0.657159893,0.6481476876,4.0,1.0,0.00150997
instance_606,0.703334182,2.0534379538,5.0,1.0,0.000228124
instance_607,0.70338991,2.0533488166,5.0,1.0,0.000227359
instance_608,0.70343247,2.0532696003,5.0,1.0,0.000220177
instance_609,0.703477906,2.0531987234,5.0,1.0,0.000216683
instance_610,0.703376803,2.051230612,5.0,1.0,0.000247485
instance_612,0.463495265,1.4811981106,6.0,1.0,0.00063384
instance_613,0.479253685,1.6195046018,5.0,1.0,0.000703316
instance_614,0.733378985,1.9824032491,5.0,1.0,0.000723255
instance_615,0.781761457,1.8494698392,5.0,1.0,8.0466e-05
instance_616,0.784077471,2.1668435643,5.0,1.0,0.00111282
instance_617,0.790266855,2.2305046589,5.0,1.0,0.001166482
instance_618,0.712863214,1.8414398651,6.0,1.0,0.00268991
instance_619,0.712936619,1.8414266067,6.0,1.0,0.002731392
instance_620,0.691128858,0.220808705,5.0,1.0,0.005418143
instance_621,0.691128858,0.2496060348,5.0,1.0,0.005418143
instance_622,0.691128858,0.2925084685,5.0,1.0,0.005418143
instance_623,0.691128858,0.2979950302,5.0,1.0,0.005418143
instance_624,0.666694432,2.2779437065,5.0,1.0,0.000172145
instance_625,0.667878255,2.2932069817,5.0,1.0,0.000128576
instance_626,0.670337154,2.2925957123,5.0,1.0,0.000135983
instance_628,0.737393946,1.8815569644,5.0,1.0,0.000632797
instance_630,0.726241477,1.8597654529,5.0,1.0,0.002282951
instance_632,0.700994091,2.2683922868,5.0,1.0,0.000242657
instance_633,0.50275908,0.0,5.0,1.0,0.002181114
instance_634,0.467534287,0.0,5.0,1.0,0.001403628
instance_635,0.458682053,0.0,5.0,1.0,0.000759153
instance_636,0.468451237,0.0,5.0,1.0,0.000929608
instance_638,0.504205651,0.0,5.0,1.0,0.001112533
instance_639,0.465613973,0.0,5.0,1.0,0.000839934
instance_641,0.554365877,0.0,5.0,1.0,0.002643442
instance_642,0.476428721,0.0,5.0,1.0,0.001684966
instance_643,0.510592243,0.0,5.0,1.0,0.001181808
instance_644,0.44883292,0.0,5.0,1.0,0.000918907
instance_645,0.469566579,0.0,5.0,1.0,0.00061923
instance_646,0.492440517,0.0,5.0,1.0,0.000974417
instance_647,0.494744817,0.0,5.0,1.0,0.00078349
instance_648,0.463292087,-0.0,5.0,1.0,0.000430335
instance_649,0.465599752,0.0,5.0,1.0,0.000267694
instance_650,0.468122246,0.0,5.0,1.0,0.000498857
instance_651,0.497733514,0.0,5.0,1.0,0.000890665
instance_654,0.473147356,0.0,5.0,1.0,0.000591574
instance_655,0.474504288,0.0,5.0,1.0,0.000540418
instance_660,0.449664952,0.0,5.0,1.0,0.000991747
instance_661,0.48384552,0.0,5.0,1.0,0.001036158
instance_664,0.469209097,0.0,5.0,1.0,0.00077895
instance_665,0.434529437,0.0,5.0,1.0,0.000908558
instance_666,0.507228435,0.0,5.0,1.0,0.001085172
instance_668,0.458884847,-0.0,5.0,1.0,0.000236223
instance_669,0.459351261,0.0,5.0,1.0,0.000240327
instance_670,0.510763719,0.0,5.0,1.0,0.000814524
instance_671,0.451436785,0.0,5.0,1.0,0.000438757
instance_673,0.509768014,0.0,5.0,1.0,0.000811136
instance_674,0.450983735,-0.0,5.0,1.0,0.000439657
instance_675,0.492844309,0.0,5.0,1.0,0.000824151
instance_676,0.450512049,0.0,5.0,1.0,0.001190931
instance_677,0.443832495,0.0,5.0,1.0,0.000715952
instance_678,0.450643946,0.0,5.0,1.0,0.001212617
instance_679,0.487758801,0.0,5.0,1.0,0.000666613
instance_680,0.450498751,-0.0,5.0,1.0,0.000367787
instance_681,0.462386132,0.0,5.0,1.0,0.000330021
instance_683,0.542813108,0.6257352559,5.0,1.0,0.000130067
instance_684,0.542723896,0.6254427129,5.0,1.0,0.000129505
instance_687,0.700754963,0.0,5.0,1.0,0.00234047
instance_688,0.967793316,4.4222677959,25.0,1.0,0.0
instance_689,0.974887899,4.5022423655,30.0,1.0,0.0
instance_690,0.977659832,4.5229068369,33.0,1.0,0.0
instance_691,0.938256055,4.024696002,19.0,1.0,9.91e-07
instance_692,0.956674997,4.4227400121,25.0,1.0,0.0
instance_693,0.916073701,4.4160132606,6.0,1.0,1.3e-07
instance_694,0.919875195,4.5931814644,6.0,1.0,3e-09
instance_695,0.9164961,4.8186932436,6.0,1.0,6.02e-07
instance_697,0.879000051,0.704238725,5.0,1.0,0.001572156
instance_698,0.808571429,0.0,15.0,0.0,0.069479979
instance_699,0.825757576,0.0,12.0,0.0,0.198317631
instance_700,0.829254079,0.0,13.0,0.0,0.181284103
instance_701,0.852793763,0.0,5.0,1.0,0.009931081
instance_703,0.693406315,0.0,13.0,6.0,0.026369245
instance_704,0.783747593,0.8570513894,1.0,1.0,0.00223729
instance_705,0.488260022,1.6712516929,5.0,1.0,0.000717553
instance_706,0.958819598,4.4332585899,12.0,1.0,7.44e-07
instance_708,0.873793769,0.7023107867,5.0,1.0,0.00167634
instance_710,0.950341268,0.0,6.0,2.0,-0.0
instance_711,0.93844445,0.0,6.0,2.0,0.0
instance_712,0.657435869,2.0705471394,5.0,1.0,0.000276736
instance_715,0.665642955,2.0974605599,5.0,1.0,0.000231921
instance_716,0.665796319,2.0987338649,5.0,1.0,0.000235189
instance_717,0.682094593,2.1411399937,5.0,1.0,0.00020145
instance_720,0.72056005,1.9685829925,4.0,1.0,0.000515033
instance_721,0.721385012,1.9711686289,5.0,1.0,0.000515033
instance_723,0.722184461,1.9736992325,5.0,1.0,0.000510976
instance_725,0.723328678,1.9832805973,5.0,1.0,0.000532609
instance_726,0.724469815,1.9817236952,5.0,1.0,0.000532656
instance_727,0.721752939,1.9719410531,4.0,1.0,0.0005547
instance_728,0.724229514,1.9808882476,5.0,1.0,0.00053267
instance_733,0.695947234,1.9420878062,4.0,1.0,0.000898531
instance_734,0.696671253,1.9478679322,5.0,1.0,0.000894543
instance_736,0.697303037,1.9494209751,5.0,1.0,0.000897686
instance_740,0.033177934,0.8655437566,1.0,1.0,1.811e-06
instance_741,0.696788057,0.0,5.0,1.0,0.002568672
instance_742,0.663082988,2.1166626594,5.0,1.0,0.00029672
instance_744,0.031617247,0.8139114119,1.0,1.0,7.02e-07
instance_746,0.939899319,3.5852920029,11.0,1.0,0.000369462
instance_747,0.69815418,0.0,13.0,1.0,0.004425881
instance_748,0.692834112,0.0,13.0,1.0,0.016210378
instance_751,0.694333043,0.0,13.0,1.0,0.003971114
instance_753,0.695642347,0.0,13.0,1.0,0.018487937
instance_756,0.69915878,0.0,13.0,1.0,0.012691207
instance_757,0.694426579,0.0,13.0,1.0,0.021745904
instance_759,0.698413628,0.0,13.0,1.0,0.019387644
instance_763,0.92022792,0.0,9.0,1.0,0.02371077
instance_765,0.964675325,0.0,9.0,1.0,0.024955334
instance_766,0.980426204,0.0,9.0,1.0,0.024921187
instance_767,0.984639316,0.0,9.0,1.0,0.024752051
instance_769,0.619194133,0.0,10.0,1.0,0.026463987
instance_775,0.617305907,0.0,10.0,1.0,0.026341714
instance_776,0.617305907,0.0,10.0,1.0,0.026344151
instance_777,0.617305907,0.0,10.0,1.0,0.02634537
instance_778,0.617213645,0.0,10.0,1.0,0.026345625
instance_779,0.926231208,1.1906827892,7.0,1.0,0.006369432
instance_780,0.926632898,1.1904561336,7.0,1.0,0.006327379
instance_782,0.928741689,1.184797896,7.0,1.0,0.006130057
instance_784,0.932298536,1.1709149821,7.0,1.0,0.005893227
instance_785,0.919452888,1.1852445377,7.0,1.0,0.006012595
instance_786,0.91904409,1.1818186505,7.0,1.0,0.005883962
instance_787,0.922767767,1.1996076748,7.0,1.0,0.005906747
instance_789,0.918589489,0.8058905616,10.0,1.0,0.007024649
instance_792,0.922234901,0.8153559026,10.0,1.0,0.006760457
instance_795,0.927590812,0.7926158283,10.0,1.0,0.00632769
instance_797,0.930060702,0.8062023608,10.0,1.0,0.006145423
instance_798,0.92990479,0.7954228639,10.0,1.0,0.006143198
instance_799,0.953068319,1.9852687258,10.0,1.0,0.002006448
instance_800,0.952369077,2.0055612614,7.0,1.0,0.001963191
instance_807,0.837108908,0.4144058552,5.0,1.0,0.000193364
instance_809,0.766687965,0.4791867469,5.0,1.0,0.003950829
instance_811,0.843874864,0.379956181,5.0,1.0,0.000204663
instance_812,0.843602128,0.3854725412,5.0,1.0,0.000204434
instance_813,0.830707801,0.3781427197,5.0,1.0,0.002328253
instance_815,0.957589198,3.8792807524,16.0,1.0,0.0
instance_817,0.819874903,1.1211303332,8.0,2.0,0.003162319
instance_818,0.823401418,1.2791895981,8.0,2.0,0.004523173
instance_819,0.966548454,0.0,9.0,1.0,0.026880983
instance_821,0.695175609,1.6569216056,5.0,1.0,0.007278807
instance_822,0.775850742,1.415209436,5.0,1.0,0.003854973
instance_824,0.790823212,0.0,5.0,1.0,0.001565469
instance_825,0.733140869,0.7063287366,1.0,1.0,0.004346366
instance_826,0.733171503,0.6673972763,2.0,1.0,0.004313733
instance_827,0.708369226,0.6872967655,1.0,1.0,0.003709997
instance_829,0.825757576,0.0,13.0,0.0,0.180921152
instance_832,0.825598086,0.0,20.0,0.0,0.011956472
instance_833,0.75035027,1.2791239823,1.0,1.0,0.003570097
instance_834,0.750608687,1.2557913554,1.0,1.0,0.003575612
instance_835,0.752606441,1.257944677,1.0,1.0,0.003643156
instance_837,0.075092881,0.0,100.0,2.0,0.004260125
instance_842,0.486538047,0.5893189,5.0,1.0,0.001015255
instance_844,0.766272598,1.6643067963,5.0,1.0,0.001225722
instance_845,0.693239079,0.0,13.0,6.0,0.026414106
instance_847,0.693527936,0.0,13.0,1.0,0.017067595
instance_848,0.69726886,0.0,13.0,1.0,0.019353703
instance_849,0.691544708,0.0,13.0,4.0,0.026094758
instance_850,0.693364813,0.0,14.0,1.0,0.005644083
instance_851,0.69377759,0.0,13.0,1.0,0.004992048
instance_852,0.699098294,0.0,13.0,1.0,0.012691306
instance_853,0.691600991,0.0,13.0,1.0,0.016808349
instance_854,0.692560895,0.0,13.0,1.0,0.016197529
instance_857,0.694477711,0.0,13.0,1.0,0.021674125
instance_859,0.693229557,0.0,14.0,1.0,0.005644084
instance_860,0.691544708,0.0,13.0,4.0,0.026050495
instance_861,0.698583636,0.0,13.0,1.0,0.019387288
instance_862,0.692682285,0.0,13.0,1.0,0.016197544
instance_863,0.693590159,0.0,13.0,1.0,0.017045765
instance_864,0.695642347,0.0,13.0,1.0,0.018487964
instance_865,0.692827286,0.0,13.0,1.0,0.014171694
instance_866,0.693722027,0.0,13.0,1.0,0.004978587
instance_867,0.693406315,0.0,13.0,6.0,0.026341313
instance_868,0.691600991,0.0,13.0,1.0,0.016705192
instance_869,0.699198318,0.0,13.0,1.0,0.012690931
instance_871,0.692682285,0.0,13.0,1.0,0.016197544
instance_872,0.693582532,0.0,13.0,1.0,0.004992063
instance_874,0.692827286,0.0,13.0,1.0,0.014171148
instance_876,0.691544708,0.0,13.0,4.0,0.02611653
instance_878,0.699079674,0.0,13.0,1.0,0.012708209
instance_879,0.694426579,0.0,13.0,1.0,0.021701547
instance_881,0.69179531,0.0,13.0,1.0,0.016711905
instance_882,0.693406315,0.0,13.0,6.0,0.026369277
instance_883,0.593054234,0.0,5.0,1.0,0.009674723
instance_884,0.723084862,0.0,5.0,1.0,0.008195982
instance_886,0.717079758,0.0,5.0,2.0,0.000676797
instance_887,0.699685535,0.0,5.0,1.0,0.004625236
instance_888,0.751961495,0.0,5.0,1.0,0.000187081
instance_890,0.625763199,0.0,5.0,1.0,0.009749117
instance_891,0.591892658,0.0,5.0,1.0,0.009566355
instance_892,0.695539927,0.0,5.0,1.0,0.000190447
instance_893,0.624399038,0.0,5.0,1.0,0.009441489
instance_894,0.701295314,0.0,5.0,1.0,0.004557005
instance_898,0.758923309,0.0,5.0,1.0,0.000176824
instance_901,0.793694864,0.0,5.0,2.0,0.00045901
instance_903,0.644804168,0.0,5.0,1.0,0.014934432
instance_905,0.810455378,0.0,5.0,1.0,0.036205078
instance_906,0.638643811,0.0,5.0,1.0,0.008826161
instance_907,0.974243047,0.0,9.0,1.0,0.025001471
instance_908,0.980426204,-0.0,9.0,1.0,0.024925088
instance_910,0.984639316,0.0,9.0,1.0,0.024739824
instance_911,0.974243047,0.0,9.0,1.0,0.025001892
instance_914,0.980426204,0.0,9.0,1.0,0.024925153
instance_917,0.980426204,0.0,9.0,1.0,0.024925959
instance_918,0.613595577,0.0,10.0,1.0,0.026313903
instance_919,0.61902151,0.0,10.0,1.0,0.02646409
instance_920,0.618818196,0.0,10.0,1.0,0.026463992
instance_922,0.613483239,0.0,10.0,1.0,0.026313789
instance_923,0.618755737,0.0,10.0,1.0,0.026464064
instance_924,0.618722111,0.0,10.0,1.0,0.026464037
instance_925,0.618747825,0.0,10.0,1.0,0.026464014
instance_926,0.613680484,0.0,10.0,1.0,0.026313762
instance_929,0.617213645,0.0,10.0,1.0,0.026345706
instance_930,0.61721846,0.0,10.0,1.0,0.026345427
instance_931,0.617305907,0.0,10.0,1.0,0.026345605
instance_932,0.617305907,0.0,10.0,1.0,0.026347142
instance_933,0.617305907,0.0,10.0,1.0,0.026344357
instance_935,0.617312553,0.0,10.0,1.0,0.026557837
instance_937,0.617213645,0.0,10.0,1.0,0.026556785
instance_939,0.617307737,0.0,10.0,1.0,0.026344095
instance_940,0.617210659,0.0,10.0,1.0,0.026341459
instance_941,0.617305907,0.0,10.0,1.0,0.0263471
instance_942,0.617302922,0.0,10.0,1.0,0.026555903
instance_943,0.617214317,0.0,10.0,1.0,0.02632633
instance_944,0.617303597,0.0,10.0,1.0,0.026326323
instance_945,0.617214317,0.0,10.0,1.0,0.02632633
instance_946,0.767338471,0.0,5.0,1.0,0.022277784
instance_947,0.766854767,0.0,5.0,1.0,0.022424157
instance_948,0.767448767,0.0,5.0,1.0,0.022450212
instance_949,0.925220709,0.8196504071,10.0,1.0,0.006530935
instance_950,0.929925151,0.7807964739,10.0,1.0,0.006145207
instance_951,0.922101526,0.8032607641,10.0,1.0,0.006763171
instance_952,0.924949218,0.8181839401,10.0,1.0,0.006516606
instance_953,0.918485347,0.8676599374,10.0,1.0,0.007022705
instance_955,0.927414868,0.7947024096,10.0,1.0,0.006323752
instance_957,0.919390765,0.8268434661,10.0,1.0,0.007025086
instance_958,0.930147702,0.7667300613,10.0,1.0,0.006136412
instance_959,0.91894496,0.8513892223,10.0,1.0,0.007012703
instance_960,0.925069479,0.733846097,10.0,1.0,0.006533273
instance_962,0.922062553,0.7908173122,10.0,1.0,0.006764015
instance_963,0.927899861,0.7871890358,10.0,1.0,0.006328436
instance_964,0.919113479,0.8353145321,10.0,1.0,0.007034555
instance_966,0.922835406,0.8092614512,10.0,1.0,0.006777164
instance_968,0.930244183,0.7811351036,10.0,1.0,0.00613788
instance_969,0.919312769,0.7267431776,10.0,1.0,0.007027153
instance_970,0.919347067,0.7290628302,10.0,1.0,0.007026735
instance_973,0.925552388,0.7044296041,10.0,1.0,0.006536548
instance_974,0.925578089,0.7060616849,10.0,1.0,0.006536343
instance_976,0.928271334,0.6942724069,10.0,1.0,0.006330841
instance_977,0.930823496,0.6878584891,10.0,1.0,0.006147737
instance_979,0.843828711,0.3766584729,5.0,1.0,0.000205225
instance_981,0.808972376,0.5771888148,5.0,1.0,0.001522308
instance_982,0.766318572,0.4916448469,5.0,1.0,0.003917886
instance_986,0.769477289,0.0247328785,5.0,1.0,0.001444534
instance_990,0.766103297,0.4636449185,5.0,1.0,0.003918242
instance_991,0.836697151,0.4217048647,5.0,1.0,0.00021977
instance_992,0.836670911,0.4124871238,5.0,1.0,0.002207821
instance_993,0.843669983,0.3727075064,5.0,1.0,0.000230189
instance_995,0.843874972,0.3587032891,5.0,1.0,0.000203735
instance_996,0.770754243,0.0,5.0,1.0,0.001281919
instance_997,0.810974264,0.6364881388,5.0,1.0,0.001448357
instance_999,0.813252238,0.5549963306,5.0,1.0,0.00148023
instance_1000,0.813320909,0.4223567361,5.0,1.0,0.001310527
instance_1001,0.83551757,0.564207,5.0,1.0,0.000221059
instance_1004,0.75045831,0.630505947,5.0,1.0,0.003852472
instance_1005,0.840172539,0.5818518395,5.0,1.0,0.000220834
instance_1006,0.841277495,0.5719659474,5.0,1.0,0.000193117
instance_1007,0.841272784,0.5719618491,5.0,1.0,0.000193111
instance_1008,0.707474732,0.6813224248,1.0,1.0,0.003712286
instance_1011,0.766552576,1.6818965255,5.0,1.0,0.00122556
instance_1013,0.732837423,0.6667197226,1.0,1.0,0.004309781
instance_1016,0.766655485,1.6748357518,5.0,1.0,0.001222985
instance_1018,0.486591495,0.5808502374,5.0,1.0,0.001016797
instance_1020,0.734168329,0.6724787563,1.0,1.0,0.004195806
instance_1021,0.775131015,0.7235586125,4.0,1.0,0.005131289
instance_1023,0.707897362,0.7088581236,1.0,1.0,0.003712358
instance_1025,0.486934107,0.5934676915,5.0,1.0,0.00101978
instance_1026,0.777366599,0.7411743498,4.0,1.0,0.005187284
instance_1030,0.708087622,0.6787584859,1.0,1.0,0.003704855
instance_1034,0.766943496,1.6661068402,5.0,1.0,0.001221281
instance_1035,0.966480909,0.0,9.0,1.0,0.026886455
instance_1036,0.040815775,0.0,88.0,2.0,7.507e-06
instance_1037,0.075116568,0.0,100.0,2.0,0.004345678
instance_1039,0.765830333,0.0,20.0,1.0,0.0
instance_1040,0.783548106,0.0,5.0,1.0,0.001528731
instance_1041,0.0,0.0,152.0,8.0,0.0
instance_1042,0.012172997,0.0,172.0,2.0,0.059176814
instance_1043,0.822019635,1.2816709251,8.0,2.0,0.004092842
instance_1044,0.822098826,0.9621265663,8.0,2.0,0.003979772
instance_1046,0.075085997,0.0,100.0,2.0,0.004281861
instance_1047,0.765768936,0.0,20.0,1.0,0.0
instance_1048,0.966547173,0.0,9.0,1.0,0.026885169
instance_1049,0.0,0.0,152.0,8.0,0.0
instance_1050,0.786873565,0.0,5.0,1.0,0.001556305
instance_1052,0.821518987,1.1186965482,8.0,2.0,0.00359122
instance_1053,0.040815775,0.0,88.0,2.0,7.507e-06
instance_1054,0.821107364,1.3751247034,8.0,2.0,0.003668145
instance_1055,0.823434429,1.1726287281,8.0,2.0,0.004137236
instance_1056,0.820660576,1.1984740026,8.0,2.0,0.003551337
instance_1057,0.966510659,0.0,9.0,1.0,0.026881574
instance_1059,0.781493249,0.0,5.0,1.0,0.001553458
instance_1060,0.040815775,0.0,88.0,2.0,7.507e-06
instance_1061,0.075115915,0.0,100.0,2.0,0.004308718
instance_1065,0.856356632,0.0,8.0,1.0,9.7831e-05
instance_1068,0.793825457,0.0,53.0,1.0,0.0
instance_1069,0.006982097,0.0,448.0,2.0,0.0
instance_1070,0.97941999,0.0,1.0,1.0,0.149886261
instance_1071,0.486449043,0.0,5.0,2.0,2.86e-07
instance_1073,0.567195198,0.0,5.0,1.0,0.225510696
instance_1075,0.008074192,0.0,5.0,2.0,0.0
instance_1076,0.045314685,0.0,51.0,1.0,0.021573738
instance_1077,0.856356632,0.0,8.0,1.0,0.000111098
instance_1080,0.487556693,0.0,5.0,2.0,2.79e-07
instance_1081,0.021237931,0.0,505.0,1.0,0.080295446
instance_1084,0.006361736,0.0,448.0,2.0,0.0
instance_1085,0.793496952,0.0,53.0,1.0,0.0
instance_1086,0.058719386,0.0,5.0,1.0,5.4444e-05
instance_1087,0.004777591,0.0,2.0,1.0,0.382849459
instance_1088,0.769498083,0.0,52.0,1.0,0.0
instance_1091,0.870435249,0.0,52.0,1.0,0.0
instance_1092,0.341541028,0.0,5.0,2.0,0.006515154
instance_1094,0.001255941,1.3337360272,2.0,1.0,0.485334325
instance_1096,0.982225512,0.0,1.0,1.0,0.143050723
instance_1098,0.058719386,0.0,5.0,1.0,6.7435e-05
instance_1099,0.856356632,0.0,8.0,1.0,0.000111188
instance_1100,0.941406744,4.702044279,6.0,1.0,8.099e-06
instance_1102,0.941169615,4.7777412204,6.0,1.0,8.394e-06
instance_1103,0.941243895,4.6185097661,6.0,1.0,1.7164e-05
instance_1104,0.94117964,4.6793808571,6.0,1.0,9.255e-06
instance_1105,0.941167079,4.6446847658,6.0,1.0,9.252e-06
instance_1106,0.941175281,4.5611065463,6.0,1.0,7.613e-06
instance_1107,0.941186974,4.562567141,6.0,1.0,5.947e-06
instance_1108,0.941159719,4.6770873287,6.0,1.0,1.6724e-05
instance_1111,0.941274814,4.5540407151,6.0,1.0,4.913e-06
instance_1112,0.941118222,4.7509649103,6.0,1.0,6.361e-06
instance_1113,0.941129926,4.5214393118,6.0,1.0,9.369e-06
instance_1114,0.94106581,4.5270325931,6.0,1.0,8.526e-06
instance_1117,0.941251254,4.5189836738,6.0,1.0,1.0055e-05
instance_1118,0.941180132,4.591236244,6.0,1.0,1.5439e-05
instance_1119,0.941194542,4.6378220027,6.0,1.0,5.681e-06
instance_1122,0.940597254,5.133857017,6.0,1.0,1e-09
instance_1123,0.940683723,5.133833667,6.0,1.0,1e-09
instance_1126,0.940515513,5.1161876798,6.0,1.0,1e-09
instance_1127,0.940597556,5.1338340381,6.0,1.0,1e-09
instance_1128,0.940756905,5.139463872,6.0,1.0,1e-09
instance_1129,0.940624323,5.1308868763,6.0,1.0,1e-09
instance_1130,0.927454488,3.534734896,9.0,1.0,6.77e-07
instance_1131,0.941447437,3.8701264151,10.0,1.0,0.002029285
instance_1132,0.931196263,3.5559454845,9.0,1.0,0.002548641
instance_1134,0.94372119,3.9534623428,10.0,1.0,0.001031398
instance_1135,0.922813781,3.405216117,8.0,1.0,7.059e-06
instance_1136,0.936615537,3.8356569762,10.0,1.0,0.001801948
instance_1137,0.934138812,3.8221381739,9.0,1.0,0.003160633
instance_1139,0.933921922,3.7443669626,9.0,1.0,0.002397046
instance_1140,0.943504378,3.8639086622,10.0,1.0,0.002810546
instance_1141,0.941328145,3.8329071482,10.0,1.0,0.002263475
instance_1142,0.931347233,3.7224149008,9.0,1.0,0.003812532
instance_1143,0.922348569,3.486372267,8.0,1.0,8.24e-06
instance_1145,0.936579953,3.8122932429,10.0,1.0,0.001808693
instance_1146,0.916819923,4.0073787639,7.0,1.0,8.837e-05
instance_1147,0.922985599,4.1844633751,8.0,1.0,3.912e-05
instance_1149,0.936868089,4.6297695141,10.0,1.0,4.152e-06
instance_1150,0.999073645,0.0,269.0,2.0,-0.0
instance_1153,0.99915683,0.0,282.0,2.0,-0.0
instance_1154,0.999229287,0.0,297.0,2.0,-0.0
instance_1156,0.999292786,0.0,310.0,2.0,-0.0
instance_1158,0.999398315,0.0,336.0,2.0,-0.0
instance_1160,0.999481865,0.0,362.0,2.0,-0.0
instance_1162,0.999549143,0.0,388.0,2.0,-0.0
instance_1166,0.999649615,0.0,440.0,2.0,-0.0
instance_1167,0.999669476,0.0,453.0,2.0,-0.0
instance_1168,0.999669476,0.0,453.0,2.0,-0.0
instance_1169,0.999687695,0.0,466.0,2.0,-0.0
instance_1170,0.999687695,0.0,466.0,2.0,-0.0
instance_1178,0.89338097,0.0,5.0,1.0,0.00034002
instance_1179,0.801637853,0.0,18.0,1.0,0.000324139
instance_1180,0.80733945,0.0,18.0,1.0,0.000654056
instance_1181,0.909163665,0.0,23.0,1.0,0.000311631
instance_1182,0.901163606,0.0,23.0,1.0,0.000399184
instance_1183,0.948141873,0.0,12.0,1.0,0.000863664
instance_1186,-512.0,0.0,3.0,1.0,
instance_1187,-512.0,0.0,6.0,1.0,
instance_1188,-512.0,0.0,6.0,1.0,
instance_1189,0.923994134,0.0,8.0,1.0,0.000899455
instance_1190,0.935545668,0.0,8.0,1.0,0.000795689
instance_1191,0.932545973,0.0,30.0,1.0,0.000607617
instance_1193,0.935839075,0.0,32.0,1.0,0.000671718
instance_1195,0.926249328,0.0,5.0,1.0,0.000278672
instance_1196,0.925339063,0.0,5.0,1.0,0.000296143
instance_1197,0.854356307,0.0,11.0,1.0,0.000505876
instance_1198,0.893137255,0.0,11.0,1.0,0.000718729
instance_1199,0.927823199,0.0,23.0,1.0,0.000323871
instance_1200,0.933402841,0.0,23.0,1.0,0.000480487
instance_1201,0.934964123,0.0,8.0,1.0,0.000399304
instance_1202,0.937294356,0.0,8.0,1.0,0.000490842
instance_1205,0.936291382,0.0,29.0,1.0,0.000386496
instance_1206,0.934658198,0.0,29.0,1.0,0.000339069
instance_1207,0.952277998,0.0,9.0,1.0,0.000318327
instance_1209,0.926501767,0.0,12.0,1.0,0.000114258
instance_1210,0.919161677,0.0,12.0,1.0,0.000157034
instance_1212,0.911522257,0.0,4.0,1.0,0.000235507
instance_1213,0.920333971,0.0,12.0,1.0,9.2931e-05
instance_1214,0.924561404,0.0,12.0,1.0,0.000146408
instance_1216,0.947275923,0.0,6.0,1.0,3.823e-06
instance_1218,0.922586134,0.0,16.0,1.0,8.57e-07
instance_1219,0.957421246,0.0,9.0,1.0,2.2337e-05
instance_1220,0.957879064,0.0,9.0,1.0,2.3291e-05
instance_1221,0.93852459,0.0,27.0,1.0,2.4e-08
instance_1222,0.939120521,0.0,27.0,1.0,3.1e-08
instance_1226,0.958480816,0.0,9.0,1.0,0.001275527
instance_1227,0.947209835,0.0,4.0,1.0,0.003109831
instance_1229,0.945682284,0.0,17.0,1.0,0.003094966
instance_1230,0.94410312,0.0,17.0,1.0,0.003094874
instance_1231,0.944681524,0.0,4.0,1.0,0.003065646
instance_1233,0.952138347,0.0,4.0,1.0,0.002343828
instance_1235,0.942383583,0.0,10.0,1.0,0.003059571
instance_1236,0.940628454,0.0,10.0,1.0,0.002871319
instance_1237,0.951021872,0.0,14.0,1.0,0.002341362
instance_1238,0.950078898,0.0,14.0,1.0,0.002338132
instance_1239,0.949382344,0.0,4.0,1.0,0.002378277
instance_1241,0.95629832,0.0,4.0,1.0,0.001833371
instance_1242,0.95633855,0.0,4.0,1.0,0.001833428
instance_1243,0.947722256,0.0,11.0,1.0,0.002370069
instance_1244,0.948419468,0.0,11.0,1.0,0.002375409
instance_1245,0.955481512,0.0,11.0,1.0,0.001829335
instance_1246,0.955898005,0.0,11.0,1.0,0.001833442
instance_1248,0.953529452,0.0,4.0,1.0,0.00190424
instance_1249,0.959827788,0.0,4.0,1.0,0.001464547
instance_1251,0.952338923,0.0,11.0,1.0,0.001903282
instance_1252,0.953147281,0.0,11.0,1.0,0.001903539
instance_1253,0.959269574,0.0,11.0,1.0,0.001463183
instance_1254,0.959518911,0.0,11.0,1.0,0.001464965
instance_1255,0.957235733,0.0,4.0,1.0,0.001550133
instance_1256,0.955642248,0.0,4.0,1.0,0.001545198
instance_1260,0.872856298,0.0,4.0,1.0,0.001846847
instance_1261,0.910287081,0.0,17.0,1.0,0.000288981
instance_1262,0.910526316,0.0,17.0,1.0,0.000291196
instance_1263,0.895570906,0.0,20.0,1.0,0.000156156
instance_1264,0.88839195,0.0,20.0,1.0,0.000168605
instance_1265,0.853465347,0.0,4.0,1.0,0.002089861
instance_1266,0.90324556,0.0,4.0,1.0,0.000585509
instance_1267,0.893189613,0.0,17.0,1.0,0.00028351
instance_1268,0.892236101,0.0,17.0,1.0,0.00029655
instance_1269,0.906502931,0.0,18.0,1.0,0.000244197
instance_1270,0.907035176,0.0,18.0,1.0,0.000177689
instance_1272,0.88664422,0.0,3.0,1.0,0.004207813
instance_1273,0.849609375,0.0,17.0,1.0,0.009405309
instance_1274,0.848837209,0.0,17.0,1.0,0.006759941
instance_1277,0.910506457,0.0,4.0,1.0,0.000320321
instance_1279,0.941877678,0.0,30.0,1.0,2.5752e-05
instance_1281,0.914415619,0.0,8.0,1.0,0.003035216
instance_1284,0.956593226,0.0,25.0,1.0,0.000143096
instance_1285,0.920876771,0.0,56.0,1.0,0.003034186
instance_1286,0.920876771,0.0,56.0,1.0,0.002858245
instance_1288,0.948159611,0.0,12.0,1.0,0.000726839
instance_1289,0.942457737,0.0,52.0,1.0,0.000251833
instance_1290,0.942385828,0.0,52.0,1.0,0.000252267
instance_1291,0.951205152,0.0,74.0,1.0,0.000810545
instance_1293,0.949948753,0.0,11.0,1.0,0.00130229
instance_1296,0.939111284,0.0,37.0,1.0,0.000723528
instance_1297,0.956482218,0.0,72.0,1.0,0.001226273
instance_1299,0.966831567,0.0,109.0,1.0,0.000478261
instance_1300,0.966970575,0.0,109.0,1.0,0.000538493
instance_1301,0.776452455,0.8722625912,1.0,1.0,0.109331746
instance_1302,0.727706789,0.9610877531,4.0,1.0,0.000382011
instance_1303,0.751840574,0.949642062,4.0,1.0,0.00096231
instance_1305,0.763206096,0.8712873806,1.0,1.0,0.103182975
instance_1306,0.918614928,0.0,1.0,1.0,2.9418e-05
instance_1309,0.890307921,0.0,1.0,1.0,3.8707e-05
instance_1310,0.894557422,0.0,4.0,1.0,1.4835e-05
instance_1311,0.905181482,0.0,2.0,1.0,5.833e-06
instance_1312,0.901916894,0.0,4.0,1.0,2.51e-06
instance_1313,0.904931291,0.0,4.0,1.0,1.311e-06
instance_1314,0.915011802,0.0,1.0,1.0,2.9415e-05
instance_1315,0.925304984,0.0,1.0,1.0,1.1097e-05
instance_1317,0.898507745,0.0,1.0,1.0,1.3325e-05
instance_1318,0.900951409,0.0,4.0,1.0,5.828e-06
instance_1320,0.873106052,0.0,4.0,1.0,7.762e-06
instance_1321,0.874920008,-0.0,4.0,1.0,6.689e-06
instance_1322,0.916095989,0.0,1.0,1.0,5.1884e-05
instance_1323,0.903056574,0.0,2.0,1.0,9.485e-06
instance_1324,0.899821964,0.0,4.0,1.0,4.108e-06
instance_1325,0.902999548,0.0,4.0,1.0,1.703e-06
instance_1328,0.871056118,0.0,4.0,1.0,1.0196e-05
instance_1329,0.869492572,0.0,2.0,1.0,3.8507e-05
instance_1330,0.922809631,0.0,2.0,1.0,7.556e-06
instance_1331,0.924700205,0.0,2.0,1.0,3.134e-06
instance_1335,0.929400932,0.0,4.0,1.0,1.865e-06
instance_1336,0.866312635,0.0,2.0,1.0,6.4501e-05
instance_1338,0.924676787,0.0,2.0,1.0,5.181e-06
instance_1339,0.926437778,0.0,2.0,1.0,1.825e-06
instance_1340,0.934045707,0.0,4.0,1.0,6.42e-07
instance_1341,0.903495105,0.0,4.0,1.0,2.272e-06
instance_1343,0.926429727,0.0,2.0,1.0,7.897e-06
instance_1345,0.912447923,0.0,1.0,1.0,5.1899e-05
instance_1347,0.895984025,0.0,1.0,1.0,2.0334e-05
instance_1348,-512.0,0.0,5.0,2.0,-512.0
instance_1350,-512.0,0.0,5.0,1.0,-512.0
instance_1351,-512.0,0.0,5.0,2.0,-512.0
instance_1352,0.974204932,0.0,5.0,2.0,0.038264951
instance_1355,-512.0,0.0,5.0,1.0,-512.0
instance_1356,0.977137129,0.0,5.0,2.0,0.038339178
instance_1358,-512.0,0.0,4.0,2.0,-512.0
instance_1359,-512.0,0.0,4.0,2.0,-512.0
instance_1361,-512.0,0.0,4.0,2.0,-512.0
instance_1362,-512.0,0.0,4.0,2.0,-512.0
instance_1363,-512.0,0.0,4.0,2.0,-512.0
instance_1365,-512.0,0.0,4.0,2.0,-512.0
instance_1366,-512.0,0.0,4.0,2.0,-512.0
instance_1367,-512.0,0.0,4.0,2.0,-512.0
instance_1368,0.886113705,0.0,5.0,1.0,0.031774928
instance_1371,-512.0,0.0,4.0,1.0,-512.0
instance_1372,0.847321362,0.0,5.0,2.0,0.033181221
instance_1373,-512.0,0.0,4.0,1.0,-512.0
instance_1374,-512.0,0.0,5.0,1.0,-512.0
instance_1376,-512.0,0.0,4.0,1.0,-512.0
instance_1378,0.542730076,0.6257299043,5.0,1.0,0.000130317
instance_1379,0.540667332,0.6258257784,5.0,1.0,0.000123832
instance_1380,0.540677052,0.6261056218,5.0,1.0,0.000125834
instance_1381,0.533502301,0.6299298418,5.0,1.0,0.000771229
instance_1382,0.533530546,0.6300453885,5.0,1.0,0.000771228
instance_1383,0.53372287,0.6297315776,5.0,1.0,0.000771236
instance_1384,0.533775258,0.6294566844,5.0,1.0,0.00077124
instance_1386,0.565730409,1.3821508188,5.0,1.0,0.002806376
instance_1388,0.65733195,1.3714094079,5.0,1.0,0.001917546
instance_1392,0.785690492,2.2527788611,5.0,1.0,0.009256286
instance_1394,0.612839724,1.1689318742,5.0,1.0,0.008216499
instance_1397,0.576043889,1.0335333505,5.0,1.0,0.010451904
instance_1398,0.565377864,0.8978109151,5.0,1.0,0.020356493
instance_1400,0.999348746,0.0,323.0,2.0,-0.0
instance_1403,0.999481865,0.0,362.0,2.0,-0.0
instance_1404,0.999549143,0.0,388.0,2.0,-0.0
instance_1408,0.87154047,0.0,5.0,1.0,0.005552711
instance_1409,0.879936179,0.0,5.0,1.0,0.005343516
instance_1410,0.450190805,0.0,5.0,1.0,0.000960599
instance_1413,0.465837732,0.0,5.0,1.0,0.000509471
instance_1415,0.444228815,0.0,5.0,1.0,0.000280268
instance_1416,0.510432097,0.0,5.0,1.0,0.001042511
instance_1417,0.515708102,-0.0,5.0,1.0,0.001149247
instance_1423,0.781389753,0.8984578714,4.0,1.0,0.003656861
instance_1427,0.633450035,2.5983707551,5.0,1.0,1.11e-07
instance_1429,0.815532759,5.1109932354,5.0,1.0,0.0
instance_1430,0.805820572,5.0759691973,5.0,1.0,0.0
instance_1432,0.586969997,0.1800573058,5.0,1.0,0.006640008
instance_1434,0.582124809,0.2792104588,5.0,1.0,0.006427717
instance_1436,0.639411553,2.2460134177,5.0,1.0,0.0
instance_1437,0.603645973,2.6906658849,5.0,1.0,4e-09
instance_1438,0.738582445,4.9001249316,5.0,1.0,1.1e-08
instance_1441,0.784258452,5.3537354903,5.0,1.0,6.3398e-05
instance_1443,0.76136857,5.2288742654,5.0,1.0,0.000127357
instance_1445,0.741067461,5.1115720245,5.0,1.0,0.000229584
instance_1446,0.731663246,5.054678499,5.0,1.0,0.000306506
instance_1447,0.722789349,4.9987409669,5.0,1.0,0.000366249
instance_1449,0.691444175,2.1085052861,1.0,1.0,0.005108336
instance_1450,0.680570155,1.5927770874,1.0,1.0,0.006971785
instance_1451,0.673078506,0.6023837367,5.0,1.0,0.021770375
instance_1453,0.65940029,0.5767965208,5.0,1.0,0.021666093
instance_1454,0.634307885,1.3608175937,5.0,1.0,0.004057881
instance_1457,0.656494253,1.1718918301,5.0,1.0,0.008001697
instance_1458,0.59087546,0.0,5.0,1.0,0.022591485
instance_1461,0.545863874,0.5111523287,5.0,1.0,0.000709484
instance_1462,0.731480431,0.5905068135,5.0,1.0,0.020006998
instance_1463,0.739210279,0.6064244108,5.0,1.0,0.019245954
instance_1464,0.727606204,0.5745610014,5.0,1.0,0.018829057
instance_1466,0.757838879,0.2925084685,3.0,1.0,0.000117642
instance_1467,0.751282352,0.0,4.0,1.0,8.7639e-05
instance_1470,0.753484934,0.0,4.0,1.0,0.000219044
instance_1471,0.75420211,0.0,4.0,1.0,0.000222156
instance_1472,0.754776598,0.0,4.0,1.0,0.000222137
instance_1473,0.755594846,0.0,4.0,1.0,0.000222106
instance_1474,0.758251034,0.0,4.0,1.0,0.000221998
instance_1477,0.866575902,0.0,5.0,2.0,0.011651761
instance_1479,0.737048591,-0.0,5.0,1.0,0.009492635
instance_1482,0.819902518,0.0,5.0,1.0,0.021770148
instance_1483,0.748083195,0.0,5.0,1.0,0.021003595
instance_1484,0.496588953,0.0,5.0,2.0,0.001703139
instance_1486,0.538909774,0.0,5.0,2.0,0.00079326
instance_1487,0.506923164,-0.0,5.0,2.0,0.000156362
instance_1489,0.84047619,0.0,5.0,2.0,0.01791062
instance_1491,0.543349445,0.0,5.0,1.0,0.015138167
instance_1492,0.543004322,0.0,5.0,1.0,0.015086096
instance_1494,0.060683434,0.8477983697,1.0,1.0,6.9e-07
instance_1495,0.93987976,0.0,5.0,1.0,0.013189301
instance_1497,0.940044759,0.0,5.0,1.0,0.013462535
instance_1498,0.939446242,0.0,5.0,1.0,0.013293658
instance_1499,0.939108196,0.0,5.0,1.0,0.013270882
instance_1500,0.938648985,0.0,5.0,1.0,0.013693063
instance_1501,0.939039907,0.0,5.0,1.0,0.013652675
instance_1503,0.554631895,0.0,5.0,1.0,0.000399353
instance_1507,0.555260599,0.0,5.0,1.0,0.000398996
instance_1508,0.555233607,0.0,5.0,1.0,0.000399013
instance_1509,0.554710738,0.0,5.0,1.0,0.000399012
instance_1510,0.860520921,0.7047146348,5.0,1.0,0.001660179
instance_1513,0.850029127,0.7126523992,1.0,1.0,0.000108266
instance_1514,0.854274236,0.7041789119,1.0,1.0,5.8751e-05
instance_1517,0.845106837,0.6871376511,1.0,1.0,0.000121428
instance_1518,0.861084131,0.6549835358,5.0,1.0,5.598e-06
instance_1519,0.863625827,0.6836406629,5.0,1.0,3.176e-06
instance_1521,0.858608148,0.6725913847,5.0,1.0,3.189e-06
instance_1523,0.909999475,0.0,6.0,2.0,0.0
instance_1525,0.923660876,0.0,6.0,2.0,0.0
instance_1526,0.933685067,0.0,6.0,2.0,0.0
instance_1527,0.937883336,0.0,6.0,2.0,0.0
instance_1528,0.941645091,0.0,6.0,2.0,-0.0
instance_1530,0.954860058,0.0,6.0,2.0,-0.0
instance_1531,0.956882067,0.0,6.0,2.0,0.0
instance_1532,0.861132446,0.0,6.0,2.0,0.0
instance_1534,0.910811198,0.0,6.0,2.0,0.0
instance_1535,0.924221288,0.0,6.0,2.0,-0.0
instance_1536,0.877885784,0.0,6.0,1.0,0.0
instance_1538,0.929683467,0.0,6.0,2.0,0.0
instance_1540,0.696981162,0.0,5.0,1.0,0.002579256
instance_1542,0.446879501,0.0,5.0,1.0,0.000240087
instance_1543,0.500301993,0.0,5.0,1.0,0.001240276
instance_1544,0.881071125,3.6745630052,8.0,1.0,7.01e-06
instance_1547,0.976061175,4.5022423655,31.0,1.0,0.0
instance_1548,0.976061175,4.5022423655,31.0,1.0,0.0
instance_1550,0.564142195,0.7077858866,5.0,1.0,0.036452461
instance_1551,0.79698883,0.7029782797,5.0,1.0,0.008677649
instance_1552,0.805263158,0.0,5.0,1.0,0.006298026
instance_1553,0.469326691,-0.0,5.0,1.0,0.000356504
instance_1554,0.528442915,0.6305309947,5.0,1.0,0.000707341
instance_1555,0.528572497,0.6302208795,5.0,1.0,0.000708376
instance_1556,0.841012001,3.2546634039,7.0,1.0,1.777e-06
instance_1558,0.704641603,0.6244067675,5.0,1.0,0.0207564
instance_1561,0.776483923,0.6833573851,5.0,1.0,0.020821958
instance_1562,0.762464827,0.6514075783,5.0,1.0,0.018311788
instance_1563,0.613841219,0.5902694114,5.0,1.0,0.020753127
instance_1564,0.668496272,0.5819620946,5.0,1.0,0.021928684
instance_1569,0.72606698,0.3265830253,5.0,1.0,0.02122322
instance_1571,0.723673602,0.3084328697,5.0,1.0,0.023978108
instance_1572,0.722916165,0.3001461847,5.0,1.0,0.025335524
instance_1573,0.72254223,0.2905084821,5.0,1.0,0.026422487
instance_1574,0.721933493,0.283088557,5.0,1.0,0.027698606
instance_1575,0.7214281,0.2761900207,5.0,1.0,0.030481543
instance_1576,0.720880388,0.2697557777,5.0,1.0,0.031848357
instance_1577,0.72057059,0.2637371231,5.0,1.0,0.03265896
instance_1578,0.720360347,0.2580922053,5.0,1.0,0.033650225
instance_1579,0.720361603,0.2527848241,5.0,1.0,0.034294613
instance_1584,0.836375313,0.1987690085,5.0,1.0,0.029271124
instance_1585,0.836947449,0.1949687951,5.0,1.0,0.030169957
instance_1586,0.837473735,0.1914393605,5.0,1.0,0.031277739
instance_1587,0.974807446,0.7235904645,15.0,1.0,0.000206543
instance_1589,0.966456279,1.3632890234,8.0,1.0,4e-09
instance_1590,0.9663476,1.3632890234,8.0,1.0,4e-09
instance_1592,0.975991126,1.6125573439,25.0,1.0,0.0
instance_1594,0.985324823,1.6562697895,29.0,1.0,0.0
instance_1595,0.950600685,0.3180690235,11.0,1.0,4.13e-07
instance_1596,0.950573811,0.3433730208,12.0,1.0,4.01e-07
instance_1598,0.649665159,0.0,5.0,1.0,0.001636477
instance_1600,0.713093067,-0.0,5.0,2.0,0.003216082
instance_1602,0.53177006,0.0,5.0,2.0,0.000382269
instance_1603,0.540242387,0.0,5.0,2.0,0.000554654
instance_1604,0.585482932,0.0,5.0,2.0,3.5969e-05
instance_1605,0.666454514,0.0,5.0,2.0,0.001619136
instance_1606,0.723882815,0.0,5.0,1.0,0.002630736
instance_1607,0.7678125,0.0,5.0,1.0,0.00273797
instance_1608,0.760554617,0.0,5.0,1.0,0.004321831
instance_1609,0.563428652,0.0,5.0,1.0,0.011057606
instance_1610,0.721106264,0.0,5.0,1.0,0.015259369
instance_1611,0.577602147,0.0,5.0,1.0,0.013154263
instance_1612,0.56771459,0.0,5.0,2.0,0.000182953
instance_1614,0.571007441,0.0,5.0,1.0,0.001147423
instance_1615,0.786120212,0.0,5.0,1.0,0.015366356
instance_1623,0.907038451,0.0,5.0,2.0,0.021287805
instance_1625,0.885912516,0.0,5.0,1.0,0.018684837
instance_1627,0.165239295,0.0,20.0,1.0,0.002609589
instance_1630,0.161704452,0.0,18.0,1.0,0.002389027
instance_1631,0.56969697,0.0,6.0,1.0,0.017069616
instance_1632,0.502793296,0.0,6.0,1.0,0.017315152
instance_1633,0.47311828,0.0,7.0,1.0,0.016547254
instance_1636,0.381192617,0.227161933,4.0,1.0,0.000971491
instance_1637,0.392499102,0.2356751086,4.0,1.0,0.000751698
instance_1638,0.135739504,0.2018065714,5.0,1.0,5.2151e-05
instance_1640,0.327604466,0.2326228069,4.0,1.0,0.000486298
instance_1642,0.094039328,0.201432822,4.0,1.0,8.6294e-05
instance_1643,0.487378544,0.2310080129,5.0,1.0,0.001054901
instance_1644,-512.0,0.0,14.0,1.0,-512.0
instance_1645,-512.0,0.0,12.0,1.0,-512.0
instance_1647,0.289175618,0.2080952216,5.0,1.0,0.000729439
instance_1649,0.182072965,0.0,24.0,1.0,0.0
instance_1651,0.192725521,0.0,10.0,1.0,0.0
instance_1653,0.201663028,0.0,12.0,1.0,0.0
instance_1654,0.141550194,0.0,22.0,1.0,0.0
instance_1655,0.34356434,0.0,15.0,1.0,0.000183926
instance_1656,0.997691233,0.5402041424,1.0,1.0,0.008758946
instance_1658,0.997810736,0.5402041424,12.0,1.0,0.008676555
instance_1662,0.997875754,0.6365141683,10.0,1.0,0.00854076
instance_1663,0.976571693,0.9757260341,1.0,1.0,3.8929e-05
instance_1664,0.979724173,1.8433086262,1.0,1.0,1.232e-06
instance_1665,0.979068303,3.1116087048,1.0,1.0,0.002804055
instance_1666,0.984059347,2.3938264136,2.0,1.0,0.004127062
instance_1668,0.982909297,3.0516612108,2.0,1.0,0.003239773
instance_1670,0.964173827,0.4781173165,1.0,1.0,4.076e-06
instance_1671,0.964548423,0.3365793557,1.0,1.0,3.967e-06
instance_1672,0.964706324,0.2630565729,1.0,1.0,2.148e-06
instance_1674,0.989703522,2.3982844646,4.0,1.0,0.007408855
instance_1679,0.697077424,0.0,5.0,2.0,0.003757595
instance_1680,0.756431303,0.0,5.0,1.0,0.040196418
instance_1681,0.756356794,0.0,5.0,1.0,0.040186175
instance_1684,0.680897523,0.0,5.0,1.0,0.016646204
instance_1686,0.563538553,0.0,5.0,1.0,0.005514652
instance_1687,0.695783133,0.0,5.0,1.0,0.013847798
instance_1688,0.705326562,0.0,5.0,1.0,0.015375679
instance_1691,0.719687799,0.0,5.0,1.0,0.003250627
instance_1692,0.776708436,0.0,5.0,1.0,0.008373006
instance_1693,0.777020479,0.0,5.0,1.0,0.008302462
instance_1694,0.757052301,0.0,5.0,1.0,0.033466867
instance_1697,0.706133462,0.0,5.0,1.0,0.001159978
instance_1698,0.796001391,0.0,5.0,1.0,0.051913701
instance_1699,0.695711172,0.0,6.0,2.0,0.001184456
instance_1700,0.695711172,0.0,6.0,2.0,0.001184456
instance_1701,0.695711172,0.0,6.0,2.0,0.001184458
instance_1702,0.695711172,0.0,6.0,2.0,0.001184455
instance_1704,0.595346332,0.0,12.0,1.0,0.000314997
instance_1705,0.739259884,0.0,8.0,1.0,0.003082728
instance_1706,0.583420619,0.0,12.0,1.0,0.000366502
instance_1709,0.448538192,0.0,12.0,1.0,3.902e-06
instance_1710,0.396572025,0.0,16.0,1.0,2.231e-06
instance_1711,0.454354234,0.0,12.0,1.0,4.244e-06
instance_1713,0.450262256,0.0,13.0,1.0,4.243e-06
instance_1714,0.403087457,0.0,15.0,1.0,9.75e-07
instance_1715,0.434640035,0.0,12.0,1.0,7.001e-06
instance_1719,0.450854687,0.0,13.0,1.0,4.874e-06
instance_1722,0.414764508,0.0,14.0,1.0,1.99e-06
instance_1723,0.409264542,0.0,12.0,1.0,1.4343e-05
instance_1724,0.409477351,0.0,12.0,1.0,1.4208e-05
instance_1725,0.381537548,0.0,13.0,1.0,6.632e-06
instance_1726,0.455681715,0.0,13.0,1.0,3.72e-06
instance_1727,0.389747519,0.0,15.0,1.0,5.01e-07
instance_1728,0.401060306,0.0,14.0,1.0,2.408e-06
instance_1729,0.455523585,0.0,13.0,1.0,3.795e-06
instance_1730,0.385699038,0.0,15.0,1.0,3.61e-07
instance_1731,0.085286656,0.0,52.0,1.0,5.9054e-05
instance_1732,0.082223889,0.0,51.0,1.0,5.8724e-05
instance_1733,0.083510554,0.0,53.0,1.0,5.9057e-05
instance_1734,0.084895028,0.0,52.0,1.0,5.9924e-05
instance_1736,0.084343282,0.0,50.0,1.0,5.9251e-05
instance_1739,0.084030667,0.0,52.0,1.0,5.8971e-05
instance_1740,0.084681821,0.0,52.0,1.0,5.9157e-05
instance_1741,0.087139453,0.0,50.0,1.0,6.0903e-05
instance_1742,0.086603144,0.0,49.0,1.0,6.032e-05
instance_1745,0.087498375,0.0,48.0,1.0,5.9461e-05
instance_1746,0.08702602,0.0,48.0,1.0,5.9447e-05
instance_1747,0.087431874,0.0,47.0,1.0,6.0229e-05
instance_1748,0.090120759,0.0,29.0,1.0,6.1221e-05
instance_1752,0.09070879,0.0,29.0,1.0,6.125e-05
instance_1754,0.071476671,0.0,57.0,1.0,5.5984e-05
instance_1755,0.071747895,0.0,57.0,1.0,5.4467e-05
instance_1757,0.077131916,0.0,57.0,1.0,5.5152e-05
instance_1758,0.075030385,0.0,57.0,1.0,5.5114e-05
instance_1759,0.037962535,0.0,88.0,1.0,4.9652e-05
instance_1762,0.162647116,0.0,1.0,2.0,0.00071566
instance_1763,0.159013283,0.0,1.0,2.0,0.000706145
instance_1764,0.159683337,0.0,1.0,2.0,0.000724301
instance_1765,0.173155938,0.0,1.0,2.0,0.000733955
instance_1766,0.161500191,0.0788366235,1.0,2.0,0.000696294
instance_1767,0.157566303,-0.0,1.0,2.0,0.000682967
instance_1768,0.160915083,0.0,1.0,2.0,0.00069277
instance_1769,0.162973132,0.081510411,1.0,2.0,0.00071536
instance_1770,0.166582193,0.9196944064,19.0,2.0,0.019765062
instance_1771,0.165523069,0.9205221821,19.0,2.0,0.019730688
instance_1772,0.164848936,0.9108081816,19.0,2.0,0.019565562
instance_1773,0.166965147,0.9353528286,19.0,2.0,0.019748779
instance_1774,0.16389257,0.8836215934,19.0,2.0,0.019876754
instance_1775,0.163677713,0.9009515378,19.0,2.0,0.019878357
instance_1776,0.164867614,0.9026257294,19.0,2.0,0.01999923
instance_1777,0.164409614,0.8778493796,19.0,2.0,0.019893368
instance_1778,0.165583442,0.9023683378,19.0,2.0,0.019749149
instance_1780,0.165758476,0.9055730777,19.0,2.0,0.020007395
instance_1781,0.164256471,0.8935277658,19.0,2.0,0.019878738
instance_1783,0.166756995,0.9242380747,19.0,2.0,0.019791767
instance_1784,0.164309719,0.8933546042,19.0,2.0,0.019878316
instance_1785,0.166971744,0.894387761,19.0,2.0,0.019894017
instance_1786,0.16753641,0.9023257613,19.0,2.0,0.01987634
instance_1787,0.166537202,0.9294627929,19.0,2.0,0.01978671
instance_1790,0.074338401,0.0,56.0,1.0,5.5618e-05
instance_1791,0.086141406,0.0,48.0,1.0,6.0036e-05
instance_1792,0.089952558,0.0,28.0,1.0,6.166e-05
instance_1793,0.09037358,0.0,29.0,1.0,6.2129e-05
instance_1794,0.087406309,0.0,49.0,1.0,6.0471e-05
instance_1795,0.0908198,0.0,29.0,1.0,6.1365e-05
instance_1799,0.090987619,0.0,29.0,1.0,6.0906e-05
instance_1800,0.931197523,5.0148163506,6.0,1.0,3.6e-08
instance_1801,0.939875458,5.4368586535,6.0,1.0,0.0
instance_1802,0.725970053,0.0,5.0,1.0,0.003372819
instance_1805,0.299616727,0.0,5.0,2.0,0.000401758
instance_1806,0.698018741,0.0,5.0,1.0,0.022271905
instance_1807,0.577967362,0.0,5.0,1.0,0.006890246
instance_1810,0.944165153,4.6490989769,12.0,1.0,1.24e-07
instance_1811,0.958873632,4.4332397841,12.0,1.0,7.25e-07
instance_1812,0.958828686,4.4332392061,12.0,1.0,7.19e-07
instance_1814,0.958782295,4.4294931882,12.0,1.0,7.17e-07
instance_1816,0.958828714,4.4332389333,12.0,1.0,7.19e-07
instance_1817,0.958830517,4.4332373045,12.0,1.0,7.18e-07
instance_1818,0.879000051,0.704238725,5.0,1.0,0.001572156
instance_1820,0.22795444,0.556940327,8.0,1.0,0.000186965
instance_1821,0.224371785,0.5810216011,8.0,1.0,0.000183466
instance_1822,0.224803279,0.5659413338,8.0,1.0,0.000183819
instance_1824,0.224714866,0.5740599401,8.0,1.0,0.000183819
instance_1825,0.222277949,0.5699691976,8.0,1.0,0.000174534
instance_1826,0.226338482,0.57132572,8.0,1.0,0.000116173
instance_1827,0.226342126,0.57132572,8.0,1.0,0.000116173
instance_1828,0.224334439,0.5763446061,8.0,1.0,0.000106812
instance_1829,0.224042399,0.5872957268,8.0,1.0,0.000106837
instance_1830,0.222441911,0.5957496963,8.0,1.0,0.000101306
instance_1834,0.222194966,0.6053369148,8.0,1.0,0.000101036
instance_1837,0.703140404,2.0975035424,5.0,1.0,0.002303564
instance_1838,0.789895358,2.2316452921,5.0,1.0,0.001125326
instance_1839,0.722407062,1.9743502809,4.0,1.0,0.000543314
instance_1840,0.703184215,2.096338,5.0,1.0,0.00230418
instance_1841,0.703119016,2.0966836434,5.0,1.0,0.00230459
instance_1842,0.70311827,2.0968970295,5.0,1.0,0.002305079
instance_1843,0.703199709,2.0969893596,5.0,1.0,0.002304617
instance_1844,0.70312384,2.0970805215,5.0,1.0,0.00230502
instance_1845,0.703205232,2.0972902045,5.0,1.0,0.002304179
instance_1846,0.703124696,2.0973798625,5.0,1.0,0.002304909
instance_1847,0.859648775,0.6937481261,5.0,1.0,5.53e-06
instance_1850,0.132743363,0.0,6.0,1.0,0.011494628
instance_1851,0.104712042,0.0,6.0,1.0,0.005375995
instance_1853,0.429367848,0.3861694036,3.0,1.0,9.3e-08
instance_1857,0.370269103,0.6961692772,3.0,1.0,4e-09
instance_1858,0.364208293,0.6961692772,3.0,1.0,4e-09
instance_1860,0.448085595,0.7056613885,3.0,1.0,2.393e-06
instance_1861,0.488662399,1.0447949892,3.0,1.0,4e-09
instance_1863,0.33221332,0.3861694036,3.0,1.0,0.0
instance_1864,0.994169953,0.0485303569,6.0,1.0,0.012515842
instance_1865,0.994714879,0.0501623157,8.0,1.0,0.023753429
instance_1866,0.997552611,0.0398131352,8.0,1.0,0.008697795
instance_1869,0.751542279,0.0,5.0,2.0,0.030712459
instance_1870,0.637130909,0.0,5.0,1.0,0.009558993
instance_1871,0.505661377,0.0,5.0,1.0,0.001393031
instance_1873,0.678225096,2.99145257,63.0,1.0,8e-09
instance_1881,0.977015875,0.718923537,8.0,1.0,3.9963e-05
instance_1883,0.939642338,0.0,5.0,1.0,0.013332295
instance_1885,0.166735381,0.8971430933,19.0,2.0,0.019878887
instance_1887,0.463094375,0.0,5.0,1.0,0.000650214
instance_1889,0.805941043,0.0,5.0,1.0,0.0212559
instance_1890,0.488745778,0.0,5.0,2.0,0.000125147
instance_1891,0.996295775,0.9042988881,4.0,1.0,0.000412547
instance_1894,0.779691063,0.2925084685,3.0,1.0,0.002231781
instance_1895,0.757604756,0.0,4.0,1.0,0.000222022
instance_1896,0.891103404,0.0,6.0,2.0,0.0
instance_1897,0.934249976,0.0,6.0,2.0,-0.0
instance_1899,0.938373072,0.0,6.0,2.0,0.0
instance_1900,0.516704675,2.2877801881,832.0,1.0,5.9e-08
instance_1903,0.51927181,2.3206483829,1445.0,1.0,8.5e-08
instance_1908,0.987566111,2.1465613139,3.0,1.0,0.020812896
instance_1909,0.987902715,2.1465613139,4.0,1.0,0.023341879
instance_1910,0.950137725,4.0113122271,11.0,1.0,1.413e-06
instance_1912,0.790322581,0.7149387698,5.0,1.0,0.008673004
instance_1913,0.685274463,1.2052457112,5.0,1.0,0.003056032
instance_1914,0.699931232,1.0679146327,5.0,1.0,0.007993249
instance_1917,0.702523317,2.0546245997,5.0,1.0,0.000252327
instance_1918,0.665702844,2.0980808129,5.0,1.0,0.00023517
instance_1920,0.681576714,2.1349489606,5.0,1.0,0.000203833
instance_1921,0.681659169,2.1357714644,5.0,1.0,0.000203817
instance_1923,0.761624918,2.5685532302,1.0,1.0,0.000298182
instance_1929,0.66727156,2.3190425383,5.0,1.0,0.000155472
instance_1930,0.667902683,2.3188746531,5.0,1.0,0.00015747
instance_1933,0.676442261,1.7471953348,5.0,1.0,0.000828771
instance_1935,0.47479196,0.0,5.0,1.0,0.000276817
instance_1936,0.017823284,0.1129997186,1.0,2.0,8.56e-07
instance_1937,0.060683434,0.8477983697,1.0,1.0,6.9e-07
instance_1939,0.939594531,0.0,5.0,1.0,0.013382407
instance_1941,0.555176512,0.0,5.0,1.0,0.000399541
instance_1942,0.556202037,0.0,5.0,1.0,0.000399012
instance_1944,0.533302173,0.6297456863,5.0,1.0,0.000771236
instance_1946,0.701751382,2.2144799098,5.0,1.0,0.000217476
instance_1947,0.668262303,1.8700629295,5.0,1.0,0.001193426
instance_1948,0.745866896,1.890223004,1.0,1.0,0.001243301
instance_1949,0.723444184,1.9781084039,5.0,1.0,0.000532721
instance_1954,0.468935126,0.0,5.0,1.0,0.000535664
instance_1955,0.559006579,0.0,5.0,1.0,0.001758676
instance_1956,0.466003485,0.0,5.0,1.0,0.000635804
instance_1958,0.561281028,0.0,5.0,1.0,0.002663481
instance_1959,0.467993439,0.0,5.0,1.0,0.000811082
instance_1963,0.468883615,0.0,5.0,1.0,0.000385229
instance_1964,0.971596598,4.8749177312,14.0,1.0,0.0
instance_1965,0.976215768,4.5034307187,31.0,1.0,0.0
instance_1968,0.904310862,4.5601513209,6.0,1.0,0.0
instance_1971,0.929137127,0.0,6.0,2.0,0.0
instance_1972,0.612355797,0.2925084685,3.0,1.0,2.7938e-05
instance_1973,0.756275166,0.0,4.0,1.0,0.000222076
instance_1974,0.756945067,0.0,4.0,1.0,0.000222048
instance_1975,0.758894306,0.0,4.0,1.0,0.000221976
instance_1977,0.868430464,0.7019526064,5.0,1.0,7.96e-07
instance_1979,0.685525525,0.0,5.0,1.0,0.009444751
instance_1981,0.827432328,0.0,5.0,1.0,0.022100029
instance_1982,0.754591247,0.5893123781,5.0,1.0,0.002705478
instance_1983,0.853553125,0.0,5.0,1.0,7.5643e-05
instance_1984,0.816344857,0.0,5.0,1.0,0.0003994
instance_1987,0.847560145,-0.0,5.0,1.0,7.2092e-05
instance_1989,0.816658388,0.0,5.0,1.0,0.000410833
instance_1991,0.881343514,0.0,5.0,1.0,0.0
instance_1993,0.787689099,0.0,5.0,1.0,9.712e-06
instance_1994,0.694163834,0.0,5.0,1.0,0.0
instance_1995,0.772150875,0.0,5.0,1.0,0.0
instance_1996,-512.0,0.0,5.0,1.0,-512.0
instance_1999,0.778926288,0.0,5.0,1.0,2e-08
