instance,algorithm_1,algorithm_2,algorithm_3,algorithm_4,algorithm_5,algorithm_6,algorithm_7,algorithm_8,algorithm_9,algorithm_10,algorithm_11,algorithm_12,algorithm_13,algorithm_14,algorithm_15,algorithm_16,algorithm_17,algorithm_18,algorithm_19,algorithm_20,algorithm_21,algorithm_22,algorithm_23,algorithm_24
instance_388,0.02,0.24,0.22,18000.0,0.22,324.79,0.02,0.05,0.06,0.31,0.29,18000.0,18000.0,18000.0,0.02,0.06,0.06,0.2,18000.0,0.21,18000.0,18000.0,18000.0,18000.0
instance_714,7.63,2.46,2.51,18000.0,2.32,18000.0,18000.0,1.92,32.71,3.81,18000.0,18000.0,18000.0,18000.0,58.36,2.25,1.93,2.43,11.6,2.39,18000.0,18000.0,18000.0,18000.0
instance_9,18000.0,18000.0,18000.0,18000.0,52.28,18000.0,18000.0,1.52,1.63,162.71,18000.0,15.42,25.4,0.47,18000.0,1.81,1.18,23.39,18000.0,29.54,25.7,13.86,5.97,0.24
instance_194,18000.0,18000.0,18000.0,18000.0,18000.0,18000.0,18000.0,18000.0,12.44,18000.0,103.61,18000.0,18000.0,18000.0,18000.0,18000.0,18000.0,18000.0,18000.0,18000.0,18000.0,18000.0,18000.0,18000.0
instance_197,0.01,0.1,0.07,1.14,0.07,3.02,0.01,0.04,0.01,0.11,8.2,15.81,0.03,0.02,0.01,0.05,0.05,0.07,0.03,0.11,0.05,0.04,0.02,0.02
instance_523,0.03,18000.0,0.68,1.1,0.68,4.41,0.03,0.06,0.12,0.02,4.61,0.11,0.07,0.03,0.03,0.07,0.07,0.67,0.06,0.68,0.03,0.01,0.03,0.03
instance_23,18000.0,18000.0,18000.0,18000.0,18000.0,18000.0,18000.0,18000.0,18000.0,18000.0,18000.0,18000.0,18000.0,18000.0,18000.0,18000.0,18000.0,18000.0,18000.0,18000.0,18000.0,18000.0,18000.0,18000.0
instance_24,18000.0,35.57,10.23,103.53,18000.0,2.06,0.26,193.42,0.96,4.6,2.1,3.22,18000.0,0.26,0.22,196.59,194.13,3.64,18000.0,3.95,18000.0,3.07,0.26,0.26
instance_608,0.01,0.24,0.04,5.9,0.04,0.17,0.01,0.04,0.03,0.11,0.24,0.02,0.07,0.01,0.01,0.06,0.05,0.04,0.01,0.05,0.06,0.06,0.01,0.02
instance_136,0.0,18000.0,0.03,1.01,0.03,0.1,0.0,0.02,0.03,0.09,0.12,0.02,0.03,0.01,0.0,0.03,0.04,0.02,0.01,0.03,0.02,0.04,0.01,0.01
instance_247,0.02,0.22,0.18,18000.0,0.19,0.34,0.02,0.04,0.28,0.31,0.52,18000.0,18000.0,18000.0,0.02,0.05,0.05,0.18,0.03,0.19,18000.0,18000.0,18000.0,18000.0
instance_418,0.22,1.59,1.5,18000.0,1.41,418.71,0.22,0.28,7.32,1.81,18000.0,18000.0,18000.0,18000.0,0.22,0.3,0.29,1.49,1.02,1.49,18000.0,18000.0,18000.0,18000.0
instance_370,6.75,18000.0,15.23,18000.0,18000.0,0.7,2.15,18000.0,1.55,2.61,0.69,0.1,7.43,0.14,0.35,18000.0,18000.0,4.36,18000.0,4.46,7.38,372.41,0.14,0.15
instance_269,18000.0,18000.0,18000.0,18000.0,18000.0,18000.0,18000.0,18000.0,18000.0,18000.0,18000.0,18000.0,18000.0,18000.0,18000.0,18000.0,18000.0,18000.0,18000.0,18000.0,18000.0,18000.0,18000.0,18000.0
instance_207,0.0,0.04,0.01,0.08,0.01,0.11,0.0,0.02,0.0,0.02,0.13,0.02,0.0,0.0,0.0,0.03,0.03,0.0,0.0,0.01,0.0,0.01,0.0,0.0
instance_164,0.02,0.17,0.15,9.88,0.14,0.24,0.02,0.04,0.26,0.21,0.26,0.81,0.26,0.2,0.02,0.05,0.05,0.14,0.02,0.15,0.25,0.11,0.33,0.21
instance_423,0.01,18000.0,0.07,12.29,0.07,0.25,0.01,0.03,0.08,0.21,0.28,0.02,0.53,0.01,0.01,0.04,0.04,0.06,0.04,0.07,0.52,0.22,0.01,0.01
instance_338,40.91,18000.0,26.58,18000.0,58.97,3.14,18000.0,18000.0,18000.0,18000.0,2.97,18000.0,18000.0,0.56,4.42,18000.0,18000.0,18000.0,18000.0,131.77,18000.0,18000.0,0.56,0.56
instance_432,18000.0,18000.0,18000.0,18000.0,18000.0,18000.0,18000.0,18000.0,18000.0,18000.0,18000.0,18000.0,18000.0,18000.0,18000.0,18000.0,18000.0,18000.0,18000.0,18000.0,18000.0,18000.0,18000.0,18000.0
instance_301,0.23,18000.0,0.53,18000.0,0.54,18000.0,0.23,0.15,0.19,0.31,18000.0,0.1,18000.0,0.07,0.23,0.17,0.17,0.5,0.01,0.5,18000.0,0.25,0.07,0.07
instance_489,0.0,0.14,0.06,0.23,0.06,0.17,0.01,0.03,0.01,0.11,0.2,0.02,0.01,0.0,0.0,0.04,0.05,0.05,0.02,0.06,0.01,0.02,0.0,0.0
instance_119,0.0,0.05,0.02,0.17,0.02,0.07,0.0,0.02,0.0,0.02,0.07,0.02,0.0,0.0,0.0,0.03,0.04,0.02,0.0,0.02,0.0,0.01,0.0,0.0
instance_206,1.16,19.84,19.74,18000.0,19.76,199.34,1.21,4.91,22.92,10.51,334.32,12.12,18000.0,18000.0,1.12,4.92,4.94,20.11,68.19,20.78,18000.0,10.45,18000.0,18000.0
instance_367,0.92,59.15,2.12,18000.0,1.75,0.96,0.55,0.99,202.84,2.11,1.39,0.11,11.04,1.67,1.33,1.67,1.0,1.65,3.27,35.05,15.36,1.01,0.97,1.39
instance_340,18000.0,18000.0,18000.0,18000.0,18000.0,18000.0,18000.0,18000.0,18000.0,18000.0,24.88,416.21,18000.0,18000.0,18000.0,18000.0,18000.0,18000.0,18000.0,59.35,18000.0,18000.0,18000.0,18000.0
instance_619,0.7,18.94,14.9,28.1,24.68,128.84,0.69,0.49,5.99,25.41,11.71,62.72,18000.0,40.92,0.7,0.5,0.51,18000.0,0.42,22.23,18000.0,188.83,40.32,40.24
instance_708,0.03,0.23,0.2,18000.0,0.2,0.37,0.03,0.04,0.31,0.31,0.48,18000.0,18000.0,18000.0,0.03,0.05,0.06,0.19,0.04,0.2,18000.0,18000.0,18000.0,18000.0
instance_483,4.63,10.14,10.11,18000.0,10.06,0.68,4.61,138.55,10.5,5.91,0.7,18000.0,312.33,0.56,4.63,139.6,134.17,9.88,0.03,9.95,363.5,2.44,0.58,0.57
instance_99,18000.0,18000.0,18000.0,18000.0,18000.0,18000.0,18000.0,66.1,18000.0,46.71,18000.0,53.21,18000.0,46.6,521.98,49.93,32.48,44.11,18000.0,45.05,18000.0,75.28,51.73,46.99
instance_169,18000.0,18000.0,18000.0,18000.0,18000.0,18000.0,45.01,388.93,18000.0,109.03,18000.0,37.42,18000.0,18000.0,22.19,18000.0,390.17,18000.0,18000.0,18000.0,18000.0,111.86,18000.0,18000.0
instance_157,0.08,0.58,0.54,2.0,0.54,4.89,0.08,0.15,0.05,0.61,0.9,0.31,18000.0,0.28,0.08,0.16,0.17,0.54,3.08,0.56,18000.0,0.34,0.29,0.29
instance_794,1.8,18000.0,4.54,18000.0,3.95,1.04,18000.0,96.55,27.71,19.01,1.12,18000.0,18000.0,18000.0,0.33,291.7,95.72,3.8,0.04,3.89,18000.0,14.4,18000.0,18000.0
instance_654,0.0,0.06,0.03,0.3,0.03,18000.0,0.0,0.03,0.0,0.1,18000.0,0.02,0.01,0.0,0.0,0.03,0.03,0.03,0.0,0.03,0.0,0.09,0.0,0.0
instance_600,18000.0,18000.0,18000.0,18000.0,18000.0,18000.0,18000.0,18000.0,18000.0,18000.0,18000.0,18000.0,18000.0,18000.0,18000.0,18000.0,18000.0,18000.0,18000.0,18000.0,18000.0,18000.0,18000.0,18000.0
instance_660,0.01,18000.0,0.07,17.5,0.07,0.17,0.01,0.03,0.08,0.11,0.19,0.61,2.22,0.16,0.01,0.04,0.04,0.07,0.02,0.08,2.23,0.08,0.09,0.09
instance_320,0.06,3.11,0.35,5.94,0.33,0.29,0.07,0.19,0.11,0.51,0.3,0.11,6.64,0.13,0.05,0.33,0.2,0.42,0.03,0.4,6.53,0.27,0.15,0.14
instance_70,0.07,18000.0,0.78,18000.0,0.85,18000.0,0.07,0.09,4.16,2.22,18000.0,14.01,0.47,0.06,0.07,0.11,0.11,0.81,0.16,0.81,0.46,14.93,0.06,0.06
instance_765,0.05,0.32,0.3,18000.0,0.29,469.05,0.05,0.63,5.92,0.71,18000.0,39.62,18000.0,10.35,0.05,0.83,0.66,0.29,7.28,0.29,18000.0,2.59,13.72,7.08
instance_109,18.88,32.72,4.0,13.21,3.51,37.41,0.15,34.44,18000.0,7.72,6.86,6.21,18000.0,5.9,0.17,1.81,1.53,3.85,18000.0,7.92,18000.0,7.89,7.88,2.14
instance_346,1.63,18000.0,7.12,18000.0,7.3,129.92,1.63,3.54,2.66,0.71,129.47,7.72,14.9,15.03,1.6,3.49,3.47,6.89,21.4,6.89,1.49,0.62,15.17,15.06
instance_607,0.1,1.66,1.26,29.53,0.29,0.31,0.07,0.14,563.63,0.21,1.34,0.07,18000.0,0.02,0.04,0.28,0.15,0.2,159.27,27.05,18000.0,0.12,0.01,0.01
instance_638,0.0,18000.0,0.0,0.9,0.0,1.2,0.0,0.03,0.15,0.1,1.39,0.12,3.34,0.0,0.0,0.04,0.04,0.0,0.05,0.01,3.17,0.05,0.0,0.0
instance_754,0.01,18000.0,0.08,21.61,0.08,0.29,0.01,0.03,0.55,0.21,0.36,0.02,1.12,0.02,0.01,0.05,0.04,0.08,0.05,0.08,1.12,0.32,0.02,0.02
instance_383,0.0,0.04,0.0,0.04,0.0,0.06,0.0,0.02,0.0,0.02,0.06,0.02,0.0,0.0,0.0,0.03,0.03,0.0,0.0,0.01,0.0,0.0,0.0,0.0
instance_766,18000.0,18000.0,18000.0,18000.0,18000.0,18000.0,18000.0,18000.0,12.09,18000.0,18000.0,18000.0,18000.0,18000.0,18000.0,18000.0,18000.0,18000.0,18000.0,18000.0,18000.0,18000.0,18000.0,18000.0
instance_228,0.04,18000.0,0.18,2.03,0.2,7.46,0.03,0.08,0.1,0.03,7.52,0.21,0.13,0.17,0.04,0.09,0.09,0.17,0.21,0.18,0.02,0.02,0.17,0.17
instance_491,18000.0,18000.0,18000.0,18000.0,18000.0,18000.0,18000.0,18000.0,18.2,18000.0,18000.0,18000.0,18000.0,18000.0,18000.0,18000.0,18000.0,18000.0,18000.0,18000.0,18000.0,18000.0,18000.0,18000.0
instance_61,0.0,18000.0,0.03,2.51,0.03,0.14,0.0,0.02,0.03,0.08,0.15,0.02,0.04,0.01,0.0,0.03,0.04,0.03,0.02,0.04,0.04,0.06,0.01,0.01
instance_646,0.07,0.52,0.47,109.25,0.49,1.0,0.07,0.1,1.14,0.61,1.11,189.41,18000.0,18000.0,0.07,0.11,0.11,0.5,0.04,0.49,18000.0,0.51,18000.0,18000.0
instance_413,0.02,18000.0,0.05,5.59,0.05,1.19,0.01,0.05,0.04,0.05,1.22,6.62,18000.0,4.03,0.02,0.05,0.05,0.04,18000.0,0.05,18000.0,0.03,3.97,3.95
instance_472,17.02,18000.0,25.8,18000.0,26.08,5.66,18000.0,48.09,175.05,186.71,5.83,18000.0,18000.0,18000.0,4.87,75.64,48.34,29.6,0.1,29.54,18000.0,116.98,18000.0,18000.0
instance_586,337.14,18000.0,18000.0,18000.0,18000.0,41.08,18000.0,18000.0,18000.0,18000.0,33.23,18000.0,18000.0,18000.0,18000.0,18000.0,18000.0,18000.0,7.52,18000.0,18000.0,18000.0,18000.0,18000.0
instance_92,0.64,57.26,1.79,18000.0,1.74,10.33,0.57,0.92,18000.0,2.81,3.25,0.51,270.27,10.11,0.57,1.44,0.93,1.96,30.12,2.05,267.69,1.94,10.11,10.17
instance_3,453.86,18000.0,224.65,18000.0,271.21,108.86,122.08,8.13,18000.0,14.91,18000.0,14.71,18000.0,22.37,48.15,13.78,7.87,22.67,18000.0,23.21,18000.0,15.74,22.49,24.94
instance_693,0.15,5.36,0.76,18000.0,0.62,0.31,0.11,0.32,0.56,0.71,0.32,503.91,18000.0,0.05,0.1,0.68,0.33,0.59,0.05,0.67,18000.0,356.46,0.05,0.05
instance_486,18000.0,18000.0,18000.0,18000.0,18000.0,18000.0,18000.0,18000.0,18000.0,18000.0,18000.0,18000.0,18000.0,18000.0,18000.0,18000.0,18000.0,18000.0,18000.0,434.36,18000.0,18000.0,18000.0,18000.0
instance_294,0.26,18000.0,2.87,3.07,2.97,2.64,0.26,0.31,0.16,0.08,2.64,0.21,14.09,0.34,0.26,0.33,0.32,2.85,0.14,2.83,16.33,0.02,0.34,0.34
instance_372,0.02,0.18,0.15,2.74,0.16,7.38,0.02,0.06,0.02,0.21,67.24,485.31,0.06,0.05,0.02,0.07,0.07,0.16,0.06,0.2,0.15,0.08,0.05,0.05
instance_342,4.66,5.63,5.41,18000.0,5.33,302.46,0.72,18000.0,1.26,3.11,18.86,0.11,16.23,0.47,0.75,18000.0,18000.0,3.75,18000.0,3.86,16.16,1.07,0.45,0.47
instance_559,0.0,18000.0,0.0,0.05,0.0,0.06,0.0,0.02,0.0,0.02,0.06,0.02,0.0,0.0,0.0,0.03,0.03,0.0,0.03,0.01,0.0,0.0,0.0,0.0
instance_748,18000.0,18000.0,18000.0,138.93,18000.0,18000.0,18000.0,18000.0,185.42,18000.0,18000.0,18000.0,18000.0,18000.0,0.38,18000.0,18000.0,18000.0,18000.0,18000.0,18000.0,18000.0,18000.0,18000.0
instance_175,0.0,0.05,0.01,0.5,0.02,0.09,0.0,0.02,0.01,0.08,0.1,0.02,0.01,0.0,0.0,0.03,0.03,0.01,0.01,0.02,0.0,0.02,0.0,0.0
instance_13,18000.0,18000.0,18000.0,18000.0,18000.0,18000.0,18000.0,18000.0,90.69,18000.0,18000.0,18000.0,18000.0,18000.0,18000.0,18000.0,18000.0,18000.0,18000.0,18000.0,18000.0,18000.0,18000.0,18000.0
instance_644,0.21,1.85,0.59,5.85,0.36,1.54,0.09,0.35,0.05,0.81,329.79,0.41,18000.0,0.16,0.06,0.37,0.37,0.42,0.18,0.48,18000.0,0.15,0.21,0.18
instance_156,0.07,18000.0,0.35,40.09,0.33,9.01,0.07,0.2,0.07,0.09,9.18,0.41,0.19,0.21,0.07,0.21,0.2,0.32,0.87,0.34,0.08,0.04,0.21,0.21
instance_810,0.08,3.75,0.25,4.94,0.22,0.78,0.06,0.12,0.15,0.31,1.9,0.51,4.37,0.11,0.05,0.13,0.13,0.23,2.39,0.24,4.52,0.08,0.12,0.18
instance_792,0.02,18000.0,0.14,0.27,0.15,0.74,0.03,0.05,0.01,0.11,0.81,0.11,18000.0,0.02,0.02,0.06,0.06,0.14,0.02,0.13,18000.0,0.05,0.02,0.03
instance_277,18000.0,18000.0,18000.0,18000.0,18000.0,18000.0,18000.0,18000.0,18000.0,18000.0,18000.0,18000.0,18000.0,18000.0,18000.0,18000.0,18000.0,18000.0,2.17,18000.0,18000.0,18000.0,18000.0,18000.0
instance_466,0.0,0.04,0.01,0.1,0.01,0.09,0.0,0.02,0.0,0.02,0.09,0.02,0.0,0.0,0.0,0.03,0.03,0.01,0.02,0.01,0.0,0.01,0.0,0.0
instance_37,9.52,18000.0,4.53,18000.0,18000.0,0.93,8.85,2.8,69.71,3.92,0.96,0.21,18000.0,0.53,1.79,2.83,2.89,26.97,0.1,27.12,18000.0,2.78,0.59,0.55
instance_333,0.76,16.09,3.84,5.27,0.64,0.94,0.08,0.22,4.69,0.31,0.55,1.21,18.46,0.11,0.05,0.44,0.24,0.29,1.24,30.79,20.07,0.3,0.21,0.25
instance_172,11.44,14.52,14.58,18000.0,14.48,0.59,11.43,70.92,6.62,3.22,0.6,18000.0,39.33,0.43,11.41,72.04,72.27,14.21,0.02,14.25,44.41,3.87,0.43,0.43
instance_357,0.02,18000.0,0.13,19.09,0.12,0.3,0.02,0.04,0.16,0.21,0.34,13.51,6.2,9.01,0.02,0.05,0.05,0.12,0.03,0.12,6.17,0.37,99.2,17.82
instance_183,18000.0,18000.0,18000.0,44.39,18000.0,1.59,10.4,18000.0,1.13,5.61,1.59,18000.0,18000.0,18000.0,5.31,18000.0,18000.0,18000.0,0.19,18000.0,18000.0,4.22,18000.0,18000.0
instance_246,0.0,0.16,0.04,0.29,0.04,0.14,0.0,0.03,0.01,0.11,0.24,0.02,0.02,0.01,0.0,0.05,0.04,0.04,0.03,0.04,0.01,0.01,0.0,0.0
instance_73,0.18,18000.0,0.04,0.57,0.04,0.16,0.04,0.02,0.12,0.21,0.3,0.02,0.01,0.0,0.03,0.04,0.04,0.03,0.04,0.04,0.01,0.08,0.0,0.0
instance_403,18000.0,18000.0,405.5,18000.0,18000.0,18000.0,18000.0,70.71,18000.0,18000.0,18000.0,402.11,18000.0,532.16,18000.0,74.78,69.81,13.01,15.25,14.77,18000.0,569.22,18000.0,214.48
instance_451,0.0,18000.0,0.01,0.06,0.01,0.09,0.0,0.02,0.0,0.02,0.09,0.02,0.01,0.0,0.0,0.03,0.03,0.01,0.0,0.01,0.0,0.01,0.0,0.0
instance_672,559.34,18000.0,18000.0,18000.0,18000.0,62.28,18000.0,18000.0,18000.0,18000.0,59.92,18000.0,18000.0,18000.0,209.25,18000.0,18000.0,18000.0,1.06,18000.0,18000.0,18000.0,18000.0,18000.0
instance_336,0.02,0.15,0.12,18000.0,0.12,0.25,0.02,0.03,0.16,0.21,0.33,18000.0,230.45,18000.0,0.01,0.05,0.05,0.12,0.02,0.13,229.79,8.79,18000.0,18000.0
instance_335,133.5,18000.0,212.21,18000.0,202.76,29.52,18000.0,18000.0,18000.0,18000.0,65.07,18000.0,18000.0,18000.0,72.72,18000.0,18000.0,93.05,0.15,93.09,18000.0,18000.0,18000.0,18000.0
instance_822,18000.0,119.69,2.25,18000.0,41.48,1.01,18000.0,18000.0,4.4,2.41,1.12,0.11,18000.0,0.18,0.29,18000.0,18000.0,2.52,3.13,2.73,18000.0,0.99,0.22,0.18
instance_515,94.34,18000.0,145.68,18000.0,134.21,21.27,18000.0,18000.0,18000.0,18000.0,45.95,18000.0,18000.0,18000.0,157.91,18000.0,539.37,113.36,0.11,112.97,18000.0,18000.0,18000.0,18000.0
instance_201,2.21,1.28,1.25,18000.0,1.27,0.51,2.2,0.24,0.48,0.81,0.52,0.11,369.65,0.3,2.2,0.25,0.25,1.24,0.1,1.25,370.57,1.06,0.29,0.29
instance_215,85.97,18000.0,187.6,18000.0,156.29,17.21,18000.0,18000.0,153.64,18000.0,17.88,18000.0,18000.0,18000.0,38.22,18000.0,462.48,130.28,0.22,130.83,18000.0,18000.0,18000.0,18000.0
instance_317,0.04,18000.0,0.3,18000.0,0.29,0.88,0.04,0.06,0.43,0.41,1.22,18000.0,18.74,18000.0,0.04,0.07,0.07,0.28,0.06,0.29,18.36,18000.0,18000.0,18000.0
instance_658,3.04,11.8,7.4,18000.0,6.89,49.55,3.07,10.66,165.08,10.92,18000.0,24.12,18000.0,2.22,3.05,10.62,10.74,7.34,1.19,7.5,18000.0,12.42,2.16,2.21
instance_461,0.07,18000.0,1.91,2.67,1.94,46.25,0.07,0.12,0.5,0.02,43.19,0.21,0.22,0.09,0.07,0.13,0.13,1.92,0.13,1.91,0.13,0.01,0.09,0.09
instance_433,0.0,18000.0,0.01,0.19,0.01,0.08,0.0,0.02,0.0,0.02,0.08,0.02,0.0,0.0,0.0,0.03,0.04,0.01,0.01,0.01,0.0,0.01,0.0,0.0
instance_431,18000.0,18000.0,18000.0,18000.0,18000.0,1.32,18000.0,18000.0,18000.0,18000.0,1.4,18000.0,18000.0,18000.0,18000.0,18000.0,18000.0,18000.0,18000.0,18000.0,18000.0,18000.0,18000.0,18000.0
instance_71,150.52,18000.0,176.35,18000.0,171.39,18.38,18000.0,18000.0,203.96,18000.0,18.72,18000.0,18000.0,18000.0,49.06,18000.0,18000.0,99.5,0.24,100.77,18000.0,18000.0,18000.0,513.95
instance_579,43.38,29.0,4.09,29.59,7.25,1.63,6.26,1.72,1.47,4.32,1.63,7.31,18000.0,19.67,5.65,2.14,1.74,2.79,0.76,2.98,18000.0,2.97,44.51,22.56
instance_282,18000.0,18000.0,74.11,18000.0,42.89,36.63,36.08,30.64,18000.0,31.71,41.74,33.11,156.51,5.74,18000.0,56.43,29.6,76.91,102.39,117.84,188.91,36.38,11.23,8.77
instance_54,1.58,18000.0,3.36,18000.0,2.6,1.16,18000.0,117.05,18000.0,2.71,1.15,18000.0,40.29,6.82,0.38,117.04,117.06,3.19,0.05,3.24,37.69,8.11,6.65,6.54
instance_313,18000.0,18000.0,18000.0,18000.0,18000.0,18000.0,18000.0,18000.0,18000.0,18000.0,18000.0,18000.0,18000.0,18000.0,18000.0,18000.0,18000.0,18000.0,18000.0,18000.0,18000.0,18000.0,18000.0,18000.0
instance_706,0.02,0.2,0.18,18000.0,0.17,0.32,0.02,0.04,0.25,0.31,0.53,18000.0,18000.0,18000.0,0.02,0.05,0.05,0.17,0.03,0.17,18000.0,18000.0,18000.0,18000.0
instance_352,18000.0,18000.0,18000.0,18000.0,18000.0,18000.0,18000.0,18000.0,18000.0,18000.0,18000.0,18000.0,18000.0,18000.0,18000.0,18000.0,18000.0,18000.0,1.28,160.84,18000.0,18000.0,18000.0,18000.0
instance_412,0.67,18000.0,2.87,18000.0,2.87,88.34,0.67,1.6,2.08,0.41,88.64,3.22,4.27,4.79,0.67,1.59,1.59,2.7,2.02,2.69,0.68,0.3,4.73,4.77
instance_380,18000.0,18000.0,18000.0,18000.0,18000.0,22.03,18000.0,18000.0,0.34,18000.0,27.1,18000.0,18000.0,18000.0,18000.0,18000.0,18000.0,18000.0,0.25,18000.0,18000.0,18000.0,18000.0,18000.0
instance_344,126.96,18000.0,46.03,18000.0,78.36,161.88,18000.0,11.57,18000.0,45.71,18000.0,37.91,18000.0,18000.0,18000.0,16.15,10.58,10.89,18000.0,12.85,18000.0,59.5,18000.0,18000.0
instance_440,0.04,0.41,0.37,18000.0,0.36,1.2,0.04,0.07,0.54,0.51,1.54,18000.0,18000.0,18000.0,0.04,0.08,0.08,0.36,0.07,0.36,18000.0,18000.0,18000.0,18000.0
instance_633,18000.0,18000.0,18000.0,18000.0,18000.0,18000.0,18000.0,18000.0,13.96,18000.0,105.2,18000.0,18000.0,18000.0,18000.0,18000.0,18000.0,18000.0,18000.0,18000.0,18000.0,18000.0,18000.0,18000.0
instance_133,0.02,0.14,0.11,18.74,0.12,0.23,0.02,0.04,0.33,0.21,0.87,0.04,18000.0,0.02,0.02,0.05,0.05,0.11,0.02,0.11,18000.0,0.1,0.02,0.02
instance_166,0.0,18000.0,0.01,0.09,0.0,0.07,0.0,0.02,0.0,0.02,0.07,0.02,0.0,0.0,0.0,0.03,0.03,0.0,0.06,0.01,0.0,0.0,0.0,0.0
instance_746,0.02,18000.0,0.05,71.0,0.04,0.07,0.02,0.04,0.01,0.09,0.08,0.02,0.03,0.01,0.02,0.05,0.06,0.04,0.0,0.04,0.02,0.08,0.01,0.01
instance_40,18000.0,18000.0,18000.0,18000.0,18000.0,18000.0,18000.0,18000.0,18000.0,18000.0,18000.0,18000.0,18000.0,18000.0,18000.0,18000.0,18000.0,18000.0,18000.0,18000.0,18000.0,18000.0,18000.0,18000.0
instance_232,0.0,18000.0,0.0,0.05,0.0,0.06,0.0,0.02,0.0,0.02,0.06,0.02,0.0,0.0,0.0,0.03,0.03,0.0,0.02,0.0,0.0,0.0,0.0,0.0
instance_177,516.29,18000.0,18000.0,18000.0,18000.0,33.76,18000.0,18000.0,395.7,18000.0,34.94,18000.0,18000.0,18000.0,216.86,18000.0,18000.0,18000.0,0.51,18000.0,18000.0,18000.0,18000.0,18000.0
instance_379,0.01,18000.0,0.23,0.4,0.22,1.65,0.01,0.04,0.03,0.02,1.69,0.04,0.02,0.01,0.01,0.05,0.05,0.22,0.02,0.22,0.0,0.0,0.01,0.01
instance_209,18000.0,18000.0,133.97,18000.0,125.76,12.75,18000.0,171.37,18000.0,18000.0,14.89,18000.0,18000.0,182.22,91.49,380.27,171.96,100.56,0.25,101.5,18000.0,270.01,299.25,330.3
instance_360,25.91,18000.0,138.84,18000.0,146.14,32.53,18000.0,485.16,18000.0,18000.0,51.8,18000.0,18000.0,18000.0,212.96,411.36,379.24,131.09,0.09,133.69,18000.0,18000.0,18000.0,18000.0
instance_176,0.01,0.09,0.06,0.6,0.06,0.19,0.01,0.04,0.0,0.11,3.39,0.08,18000.0,0.02,0.01,0.05,0.05,0.05,0.04,0.06,18000.0,0.04,0.02,0.02
instance_510,18000.0,18000.0,18000.0,18000.0,18000.0,18000.0,18000.0,18000.0,18000.0,18000.0,18000.0,18000.0,18000.0,18000.0,18000.0,18000.0,18000.0,18000.0,18000.0,18000.0,18000.0,18000.0,18000.0,18000.0
instance_186,0.1,2.7,2.69,18000.0,2.67,18000.0,0.1,0.14,29.65,16.81,18000.0,18000.0,16.5,0.4,0.1,0.16,0.15,2.67,18000.0,2.69,16.33,15.98,0.4,0.4
instance_576,18000.0,18000.0,18000.0,18000.0,18000.0,18000.0,18000.0,18000.0,1.64,18000.0,18000.0,18000.0,18000.0,18000.0,18000.0,18000.0,18000.0,18000.0,34.23,18000.0,18000.0,18000.0,18000.0,18000.0
instance_400,18000.0,28.91,18000.0,116.1,18000.0,18000.0,0.79,1.41,0.53,2.22,5.21,18000.0,18000.0,18000.0,0.76,1.41,1.42,9.47,0.38,9.49,18000.0,2.12,18000.0,18000.0
instance_544,63.9,18000.0,18000.0,18000.0,18000.0,18000.0,63.89,12.92,18000.0,356.22,18000.0,18000.0,18000.0,64.01,64.21,12.99,12.93,18000.0,18000.0,18000.0,18000.0,18000.0,90.49,90.27
instance_52,1.43,18000.0,6.07,18000.0,6.62,120.57,1.44,3.11,2.35,0.61,120.92,7.11,11.82,12.02,1.43,3.16,3.12,6.42,50.8,6.24,1.23,0.58,12.04,11.98
instance_298,0.2,2.57,0.48,7.4,0.37,1.79,0.19,0.31,8.57,0.51,2.0,1.22,8.44,0.46,0.15,0.32,0.35,0.43,18000.0,0.44,8.58,0.41,0.55,0.57
instance_307,94.68,266.93,53.67,18000.0,39.5,52.51,18000.0,53.39,18000.0,33.71,34.22,9.71,13.24,4.52,18000.0,71.96,50.67,67.16,18000.0,93.16,16.58,35.83,4.59,5.55
instance_729,0.0,0.04,0.01,0.3,0.01,0.08,0.0,0.02,0.01,0.08,0.09,0.02,0.01,0.0,0.0,0.03,0.03,0.01,0.01,0.01,0.0,0.01,0.0,0.0
instance_211,0.6,18000.0,2.77,18000.0,3.65,442.08,0.61,0.75,36.92,24.81,72.17,6.31,18000.0,4.94,0.58,0.92,0.79,3.98,1.67,4.04,18000.0,32.45,4.99,4.98
instance_481,18000.0,18000.0,18000.0,18000.0,18000.0,4.18,18000.0,18000.0,9.72,7.51,4.39,18000.0,18000.0,18000.0,18000.0,18000.0,18000.0,18000.0,18000.0,18000.0,18000.0,18000.0,18000.0,18000.0
instance_171,187.03,18000.0,285.16,18000.0,18000.0,508.39,18000.0,28.49,56.93,126.71,43.37,18.82,18000.0,3.02,18000.0,41.05,28.5,33.07,2.05,39.92,18000.0,38.58,40.93,8.31
instance_302,0.0,0.04,0.01,0.1,0.01,0.17,0.0,0.02,0.02,0.02,0.19,0.02,0.01,0.01,0.0,0.03,0.03,0.01,110.83,0.01,0.0,0.01,0.01,0.01
instance_690,18000.0,18000.0,18000.0,18000.0,18000.0,18000.0,18000.0,18000.0,18000.0,18000.0,18000.0,18000.0,18000.0,18000.0,18000.0,260.15,148.75,18000.0,18000.0,18000.0,18000.0,18000.0,18000.0,18000.0
instance_82,10.06,18000.0,11.69,18000.0,18000.0,18000.0,53.95,10.53,18000.0,23.12,18000.0,28.11,18000.0,1.18,5.11,19.88,10.5,23.42,0.57,26.81,18000.0,22.04,1.17,1.17
instance_274,18000.0,18000.0,18000.0,18000.0,18000.0,18000.0,18000.0,18000.0,18000.0,18000.0,18000.0,18000.0,18000.0,18000.0,18000.0,18000.0,18000.0,18000.0,18000.0,18000.0,18000.0,18000.0,18000.0,18000.0
instance_56,150.14,18000.0,286.25,18000.0,301.03,20.04,18000.0,18000.0,234.88,18000.0,20.99,18000.0,18000.0,18000.0,62.73,18000.0,18000.0,157.11,0.25,158.54,18000.0,18000.0,18000.0,18000.0
instance_547,18000.0,18000.0,18000.0,18000.0,18000.0,18000.0,18000.0,18000.0,18000.0,18000.0,18000.0,18000.0,18000.0,18000.0,18000.0,18000.0,18000.0,18000.0,18000.0,18000.0,18000.0,18000.0,18000.0,18000.0
instance_634,18000.0,18000.0,18000.0,18000.0,18000.0,18000.0,18000.0,107.01,18000.0,166.91,18000.0,300.01,18000.0,170.61,18000.0,107.44,85.32,358.29,18000.0,356.18,18000.0,316.15,187.2,121.88
instance_684,0.05,18000.0,0.22,6.68,0.22,0.24,0.04,0.07,0.03,0.31,1.09,0.31,38.34,0.04,0.05,0.08,0.08,0.21,0.03,0.22,38.55,0.11,0.04,0.04
instance_804,0.04,0.83,0.78,39.65,0.8,18000.0,0.04,0.07,0.07,3.01,18000.0,0.11,0.22,0.04,0.04,0.08,0.08,0.78,0.02,0.78,0.2,2.48,0.04,0.04
instance_526,0.02,18000.0,0.19,35.85,0.18,0.38,0.02,0.05,0.34,0.21,0.3,8.51,104.03,2.14,0.02,0.06,0.06,0.17,0.02,0.18,104.08,0.16,1.4,1.38
instance_599,84.92,18000.0,142.71,18000.0,219.52,17.58,18000.0,18000.0,18000.0,18000.0,28.15,18000.0,18000.0,18000.0,61.02,18000.0,18000.0,129.44,0.11,131.6,18000.0,18000.0,18000.0,18000.0
instance_75,0.04,18000.0,0.29,18000.0,0.3,0.57,0.04,0.06,0.55,0.51,0.67,18000.0,18000.0,18000.0,0.04,0.07,0.07,0.29,0.05,0.29,18000.0,18000.0,18000.0,18000.0
instance_561,0.31,18000.0,1.38,2.79,1.31,0.72,0.17,0.56,66.1,2.32,0.74,0.12,36.62,0.11,0.15,1.31,0.57,1.38,18000.0,1.37,38.84,1.36,0.11,0.11
instance_408,0.0,0.19,0.01,0.08,0.01,0.11,0.0,0.02,0.0,0.1,0.11,0.02,0.0,0.0,0.0,0.03,0.03,0.01,0.02,0.02,0.0,0.01,0.0,0.0
instance_578,0.01,0.09,0.06,7.21,0.06,0.2,0.01,0.03,0.06,0.11,0.22,18000.0,0.31,0.01,0.01,0.04,0.04,0.05,0.03,0.06,0.24,0.15,0.01,0.01
instance_443,18000.0,18000.0,18000.0,18000.0,18000.0,3.2,18000.0,18000.0,9.93,18000.0,3.27,18000.0,72.18,18000.0,18000.0,18000.0,18000.0,18000.0,0.18,18000.0,85.54,18000.0,336.68,18000.0
instance_697,0.05,18000.0,0.39,18000.0,0.39,1.32,0.05,0.07,0.61,0.51,2.49,18000.0,42.03,18000.0,0.05,0.08,0.08,0.38,0.08,0.39,41.46,18000.0,18000.0,18000.0
instance_233,0.02,18000.0,0.16,22.44,0.16,0.36,0.02,0.04,0.2,0.21,0.44,154.71,14.9,18000.0,0.02,0.05,0.05,0.15,0.04,0.15,14.96,2.63,18000.0,18000.0
instance_663,0.03,4.75,0.2,1.92,0.21,0.18,0.04,0.11,0.02,0.31,0.18,0.02,166.16,0.03,0.03,0.2,0.12,0.22,0.01,0.23,165.85,0.12,0.03,0.03
instance_583,18000.0,18000.0,18000.0,18000.0,18000.0,18000.0,18000.0,18000.0,18000.0,18000.0,18000.0,18000.0,18000.0,18000.0,18000.0,18000.0,18000.0,18000.0,18000.0,18000.0,18000.0,18000.0,18000.0,18000.0
instance_516,0.0,18000.0,0.03,1.02,0.03,0.1,0.0,0.02,0.03,0.09,0.12,0.02,0.03,0.01,0.0,0.03,0.04,0.02,0.01,0.03,0.02,0.04,0.01,0.01
instance_784,18000.0,18000.0,18000.0,18000.0,18000.0,18000.0,18000.0,18000.0,18000.0,18000.0,18000.0,18000.0,18000.0,18000.0,18000.0,18000.0,18000.0,18000.0,18000.0,18000.0,18000.0,18000.0,18000.0,18000.0
instance_538,18000.0,18000.0,18000.0,18000.0,18000.0,18000.0,18000.0,18000.0,18000.0,18000.0,18000.0,18000.0,18000.0,18000.0,18000.0,18000.0,18000.0,18000.0,18000.0,18000.0,18000.0,18000.0,18000.0,18000.0
instance_243,2.3,18000.0,10.49,18000.0,10.15,197.79,2.31,5.11,4.03,1.02,198.93,11.41,30.86,31.71,2.33,5.12,5.06,9.88,38.4,9.87,2.19,0.9,31.76,31.74
instance_151,0.72,13.29,11.16,16.46,11.16,7.01,0.73,2.67,0.77,8.21,7.02,0.51,110.1,0.99,0.71,2.67,2.68,11.51,0.41,11.66,123.8,8.1,0.99,1.0
instance_665,18000.0,18000.0,18000.0,18000.0,18000.0,18000.0,18000.0,18000.0,19.44,18000.0,173.88,18000.0,18000.0,18000.0,18000.0,18000.0,18000.0,18000.0,18000.0,39.31,18000.0,18000.0,18000.0,18000.0
instance_363,0.33,23.71,0.87,18000.0,0.63,0.27,0.15,0.35,1.44,0.71,0.28,18000.0,18000.0,0.06,0.13,0.74,0.36,0.7,4.92,0.78,18000.0,18000.0,0.06,0.06
instance_668,18000.0,18000.0,18000.0,18000.0,18000.0,18000.0,18000.0,18000.0,18000.0,18000.0,18000.0,18000.0,18000.0,18000.0,18000.0,18000.0,18000.0,18000.0,18000.0,18000.0,18000.0,18000.0,18000.0,18000.0
instance_628,18000.0,18000.0,18000.0,18000.0,18000.0,18000.0,18000.0,18000.0,79.45,18000.0,18000.0,18000.0,18000.0,18000.0,18000.0,18000.0,18000.0,18000.0,18000.0,18000.0,18000.0,18000.0,18000.0,18000.0
instance_212,7.39,18000.0,246.94,18000.0,239.48,18000.0,7.43,5.73,18000.0,56.41,18000.0,18000.0,18000.0,7.96,7.42,5.76,5.73,172.31,18000.0,177.47,18000.0,18000.0,10.04,10.12
instance_402,18000.0,18000.0,18000.0,18000.0,18000.0,18000.0,18000.0,18000.0,5.69,18000.0,18000.0,18000.0,18000.0,18000.0,18000.0,18000.0,18000.0,18000.0,18000.0,18000.0,18000.0,18000.0,18000.0,18000.0
instance_763,0.03,0.29,0.25,18000.0,0.26,0.68,0.03,0.05,0.38,0.41,1.04,18000.0,18000.0,18000.0,0.03,0.07,0.07,0.25,0.05,0.26,18000.0,18000.0,18000.0,18000.0
instance_753,14.03,18000.0,18000.0,18000.0,511.47,18000.0,14.03,4.05,18000.0,76.92,18000.0,18000.0,18000.0,14.57,14.05,4.08,4.11,510.87,18000.0,512.2,18000.0,18000.0,23.79,23.73
instance_611,0.01,0.12,0.09,8.26,0.09,0.23,0.01,0.03,0.11,0.21,0.27,18000.0,0.58,52.99,0.01,0.04,0.05,0.09,0.03,0.09,0.56,47.93,356.82,170.94
instance_265,18000.0,18000.0,18000.0,18000.0,18000.0,18000.0,18000.0,18000.0,18000.0,18000.0,18000.0,18000.0,18000.0,18000.0,18000.0,18000.0,18000.0,18000.0,18000.0,285.01,18000.0,18000.0,18000.0,18000.0
instance_733,18000.0,4.97,4.71,18000.0,4.72,3.39,18000.0,18000.0,24.3,5.31,3.16,18000.0,18000.0,18000.0,18000.0,18000.0,18000.0,4.64,18000.0,4.64,18000.0,18000.0,18000.0,18000.0
instance_315,0.0,0.04,0.01,0.71,0.02,0.09,0.0,0.02,0.01,0.05,0.1,0.11,0.01,0.0,0.0,0.03,0.03,0.01,0.01,0.02,0.0,0.02,0.0,0.0
instance_14,0.12,0.85,0.82,18000.0,0.82,1.6,0.12,0.1,1.05,0.81,2.22,18000.0,18000.0,18000.0,0.12,0.11,0.11,0.83,0.08,0.83,18000.0,18000.0,18000.0,18000.0
instance_405,0.14,18000.0,0.74,18000.0,0.69,0.37,0.14,0.64,1.17,0.91,0.38,0.11,1.13,0.07,0.14,0.65,0.66,0.74,26.09,0.74,1.11,0.22,0.06,0.06
instance_439,0.01,18000.0,0.04,0.26,0.04,0.07,0.01,0.02,0.0,0.12,0.07,0.02,0.02,0.0,0.01,0.04,0.04,0.04,0.01,0.04,0.01,0.01,0.0,0.01
instance_328,0.2,3.19,0.9,4.99,0.58,18000.0,0.21,18000.0,2.89,1.02,0.38,18000.0,18000.0,18000.0,0.25,18000.0,18000.0,0.69,0.07,0.69,18000.0,18000.0,18000.0,18000.0
instance_26,18000.0,18000.0,448.9,18000.0,18000.0,18000.0,18000.0,63.34,18000.0,18000.0,18000.0,587.42,18000.0,18000.0,18000.0,66.84,62.91,13.99,15.77,15.8,18000.0,578.87,18000.0,18000.0
instance_685,0.0,0.04,0.01,1.08,0.02,0.08,0.0,0.02,0.0,0.03,0.09,0.02,0.01,0.0,0.0,0.03,0.03,0.01,0.01,0.02,0.0,0.01,0.0,0.0
instance_8,0.15,1.01,1.0,0.2,0.96,0.42,0.15,0.03,0.0,0.09,0.43,0.09,1.07,0.02,0.14,0.04,0.04,0.95,0.08,0.95,1.41,0.03,0.02,0.02
instance_468,25.4,18000.0,28.38,18000.0,28.27,2.27,25.6,7.23,14.61,1.81,2.3,1.12,18000.0,21.17,25.56,7.28,7.19,27.62,0.73,27.74,18000.0,1.83,21.2,21.43
instance_35,18000.0,18000.0,9.38,18000.0,9.06,18000.0,18000.0,18000.0,83.58,18000.0,18000.0,18000.0,18000.0,18000.0,18000.0,18000.0,18000.0,9.35,18000.0,9.31,18000.0,18000.0,18000.0,18000.0
instance_122,0.0,0.04,0.01,1.92,0.01,0.07,0.0,0.02,0.0,0.02,0.07,0.03,0.0,0.0,0.0,0.03,0.03,0.01,0.0,0.01,0.0,0.01,0.0,0.0
instance_595,18000.0,18000.0,18000.0,18000.0,18000.0,18000.0,18000.0,18000.0,18000.0,18000.0,18000.0,18000.0,18000.0,18000.0,18000.0,18000.0,18000.0,18000.0,18000.0,18000.0,18000.0,18000.0,18000.0,18000.0
instance_656,18000.0,18000.0,18000.0,18000.0,18000.0,18000.0,18000.0,18000.0,18000.0,18000.0,18000.0,18000.0,18000.0,18000.0,18000.0,18000.0,18000.0,18000.0,18000.0,18000.0,18000.0,18000.0,18000.0,18000.0
instance_507,0.01,0.06,0.03,0.28,0.03,0.08,0.01,0.03,0.0,0.1,0.07,0.02,0.01,0.0,0.01,0.04,0.04,0.03,0.0,0.04,0.0,0.01,0.0,0.0
instance_88,18000.0,18000.0,18000.0,18000.0,18000.0,18000.0,54.32,18000.0,177.11,18000.0,130.52,18000.0,18000.0,18000.0,25.35,18000.0,18000.0,18000.0,18000.0,18000.0,18000.0,18000.0,18000.0,18000.0
instance_590,0.02,18000.0,0.14,18000.0,0.15,0.34,0.02,0.04,0.21,0.21,0.35,18000.0,4.67,18000.0,0.02,0.05,0.05,0.14,0.03,0.15,4.52,3.05,18000.0,18000.0
instance_643,25.73,18000.0,4.39,18000.0,4.44,18000.0,18000.0,3.35,50.44,6.21,18000.0,18000.0,18000.0,18000.0,7.87,4.4,3.36,4.37,31.8,4.38,18000.0,18000.0,18000.0,18000.0
instance_533,0.95,18000.0,3.99,18000.0,3.97,18000.0,0.94,2.23,3.45,0.51,18000.0,4.52,7.36,8.24,0.94,2.22,2.21,3.77,2.92,3.86,0.93,0.42,8.27,8.23
instance_216,0.0,0.04,0.0,0.05,0.0,0.06,0.0,0.02,0.0,0.02,0.06,0.02,0.0,0.0,0.0,0.03,0.03,0.0,0.01,0.01,0.0,0.0,0.0,0.0
instance_249,0.01,0.12,0.1,1.55,0.1,4.24,0.01,0.05,0.01,0.11,23.08,46.71,0.04,0.03,0.01,0.06,0.05,0.1,0.04,0.15,0.08,0.05,0.03,0.03
instance_170,0.01,18000.0,0.07,12.39,0.07,0.23,0.01,0.03,0.07,0.12,0.26,0.02,0.4,0.01,0.01,0.04,0.04,0.06,0.04,0.06,0.39,0.19,0.01,0.01
instance_722,0.0,18000.0,0.01,0.1,0.01,0.08,0.0,0.02,0.0,0.02,0.09,0.41,5.71,0.01,0.0,0.03,0.03,0.01,19.8,0.01,5.69,0.0,0.01,0.01
instance_310,0.02,0.35,0.32,18000.0,0.32,18000.0,0.02,0.05,3.75,0.71,18000.0,0.1,1.43,0.13,0.02,0.06,0.06,0.32,18000.0,0.34,1.46,0.4,0.13,0.13
instance_743,385.59,18000.0,229.12,18000.0,229.2,20.6,18000.0,18000.0,18000.0,18000.0,22.81,18000.0,18000.0,18000.0,100.18,18000.0,18000.0,121.93,0.33,123.01,18000.0,18000.0,18000.0,18000.0
instance_339,0.17,1.94,1.83,38.49,1.82,214.7,0.26,0.26,4.59,4.01,116.89,3.51,18000.0,0.72,0.16,0.29,0.27,1.85,14.37,1.83,18000.0,3.88,18000.0,321.6
instance_198,0.01,18000.0,0.03,0.3,0.04,0.07,0.01,0.02,0.0,0.09,0.07,0.02,0.01,0.0,0.01,0.03,0.04,0.03,0.0,0.04,0.01,0.01,0.0,0.0
instance_392,2.12,120.91,4.64,18000.0,18000.0,4.81,0.35,18000.0,16.81,4.01,32.49,0.21,18000.0,0.34,1.25,18000.0,18000.0,5.05,9.35,32.06,18000.0,1.52,0.5,0.33
instance_271,0.01,0.15,0.12,2.07,0.13,5.85,0.01,0.05,0.02,0.11,12.63,148.31,0.05,0.04,0.01,0.06,0.06,0.13,0.05,0.19,0.11,0.06,0.04,0.04
instance_181,0.0,18000.0,0.0,0.05,0.01,0.08,0.0,0.02,0.0,0.02,0.09,0.02,0.01,0.0,0.0,0.03,0.03,0.0,0.0,0.01,0.0,0.0,0.0,0.0
instance_389,0.0,18000.0,0.01,0.38,0.01,0.07,0.0,0.02,0.0,0.02,0.07,0.02,0.0,0.0,0.0,0.04,0.03,0.01,0.01,0.01,0.0,0.01,0.0,0.0
instance_747,0.16,18000.0,0.65,55.54,0.66,3.55,0.16,0.24,2.46,1.12,236.8,18000.0,18000.0,18000.0,0.16,0.26,0.26,0.65,0.06,0.67,18000.0,18000.0,18000.0,18000.0
instance_62,0.0,0.04,0.01,0.07,0.01,0.2,0.0,0.02,0.02,0.02,0.21,0.02,0.01,0.01,0.0,0.03,0.03,0.01,0.01,0.01,0.0,0.01,0.01,0.01
instance_434,0.0,0.04,0.01,0.07,0.01,0.11,0.0,0.02,0.0,0.02,0.12,0.02,0.0,0.0,0.0,0.03,0.03,0.01,0.0,0.01,0.0,0.01,0.0,0.0
instance_44,0.01,18000.0,0.06,4.66,0.06,0.13,0.01,0.03,0.06,0.11,0.17,0.21,1.03,0.03,0.01,0.04,0.04,0.06,0.01,0.06,1.02,0.09,0.03,0.03
instance_219,0.21,18000.0,0.77,18000.0,0.77,18000.0,0.21,0.25,2.96,0.71,18000.0,18000.0,83.51,149.03,0.21,0.27,0.26,0.74,18000.0,0.73,83.43,18000.0,440.26,143.56
instance_25,18000.0,18000.0,18000.0,18000.0,18000.0,18000.0,18000.0,18000.0,4.63,18000.0,18000.0,18000.0,18000.0,18000.0,18000.0,18000.0,18000.0,18000.0,18000.0,18000.0,18000.0,18000.0,18000.0,18000.0
instance_184,0.0,0.07,0.05,18000.0,0.04,0.11,0.0,0.02,0.01,0.11,0.1,7.01,29.22,0.01,0.0,0.04,0.03,0.04,0.11,0.04,29.29,0.23,0.01,0.01
instance_689,18000.0,18000.0,18000.0,18000.0,18000.0,72.26,18000.0,18000.0,18000.0,18000.0,73.11,18000.0,18000.0,18000.0,209.58,18000.0,18000.0,18000.0,286.19,18000.0,18000.0,18000.0,18000.0,18000.0
instance_150,1.88,5.85,1.75,18000.0,1.29,19.94,0.49,0.73,18000.0,1.14,0.41,0.11,19.41,0.07,0.45,1.49,0.74,1.27,0.67,1.93,19.59,0.37,0.07,0.07
instance_645,18000.0,18000.0,12.68,18000.0,7.77,57.63,13.22,18000.0,18000.0,18000.0,193.18,6.11,18000.0,18000.0,0.33,18000.0,18000.0,216.33,54.96,216.94,18000.0,4.36,54.08,18000.0
instance_262,0.0,0.04,0.0,0.05,0.0,0.06,0.0,0.02,0.0,0.02,0.06,0.02,0.0,0.0,0.0,0.03,0.03,0.0,0.0,0.01,0.0,0.0,0.0,0.0
instance_292,0.0,18000.0,0.02,0.84,0.02,0.1,0.0,0.02,0.01,0.11,0.11,0.02,0.01,0.0,0.0,0.03,0.03,0.02,0.01,0.02,0.0,0.02,0.0,0.0
instance_361,18000.0,18000.0,18000.0,18000.0,18000.0,18000.0,18000.0,18000.0,18000.0,18000.0,18000.0,18000.0,18000.0,18000.0,18000.0,18000.0,18000.0,18000.0,18000.0,158.16,18000.0,18000.0,18000.0,18000.0
instance_273,29.03,7.85,7.85,18000.0,7.88,6.51,28.54,139.38,18000.0,9.11,6.53,18000.0,18000.0,10.17,28.56,138.57,138.59,7.7,0.08,7.69,18000.0,13.42,10.16,10.15
instance_597,296.42,18000.0,385.72,18000.0,362.94,28.37,18000.0,18000.0,320.01,18000.0,29.36,18000.0,18000.0,18000.0,120.21,18000.0,18000.0,174.51,0.44,174.34,18000.0,18000.0,18000.0,18000.0
instance_580,187.02,18000.0,285.78,18000.0,331.63,105.68,18000.0,18000.0,18000.0,18000.0,134.93,18000.0,18000.0,18000.0,599.69,18000.0,18000.0,90.76,0.3,91.57,18000.0,18000.0,18000.0,18000.0
instance_724,0.05,0.65,0.33,45.05,0.31,4.49,0.05,0.16,2.77,1.61,4.87,0.51,15.65,0.37,0.05,0.26,0.18,0.45,0.2,0.47,15.52,1.8,0.37,0.37
instance_679,43.47,18000.0,27.59,18000.0,117.19,18000.0,18000.0,44.09,18000.0,27.91,139.4,0.51,18000.0,39.97,18000.0,71.18,44.26,26.06,15.6,31.12,18000.0,3.91,8.37,11.88
instance_268,0.34,3.55,0.72,18000.0,0.67,0.31,0.16,0.43,0.83,0.91,0.33,18000.0,18000.0,0.06,0.13,0.9,0.44,0.65,0.05,0.75,18000.0,18000.0,0.06,0.06
instance_560,2.52,544.36,5.4,18000.0,5.24,8.49,2.38,3.21,42.83,6.31,13.46,0.31,300.32,47.75,2.17,6.78,3.22,6.47,18000.0,6.6,293.1,5.11,47.85,47.82
instance_395,0.0,0.09,0.04,0.15,0.04,0.15,0.0,0.03,0.0,0.11,0.18,0.02,0.01,0.0,0.0,0.04,0.05,0.04,0.01,0.04,0.0,0.01,0.01,0.0
instance_760,18000.0,18000.0,18000.0,18000.0,18000.0,18000.0,18000.0,18000.0,18000.0,18000.0,18000.0,18000.0,18000.0,18000.0,18000.0,18000.0,18000.0,18000.0,18000.0,28.88,18000.0,18000.0,18000.0,18000.0
instance_788,0.27,0.74,0.71,18000.0,0.71,0.45,0.22,0.36,0.42,1.12,0.46,0.11,18000.0,0.07,0.14,0.73,0.37,0.73,0.12,0.72,18000.0,0.43,0.08,0.07
instance_761,0.13,0.93,0.97,18000.0,0.91,2.08,0.13,0.13,1.14,0.91,2.47,18000.0,18000.0,18000.0,0.14,0.13,0.12,0.9,0.09,0.85,18000.0,18000.0,18000.0,18000.0
instance_655,14.72,18000.0,32.77,18000.0,24.41,18000.0,2.72,13.37,18000.0,26.21,35.97,0.41,41.95,18000.0,2.52,25.94,13.37,29.9,18000.0,31.03,46.56,13.13,64.69,4.66
instance_503,18000.0,18000.0,18000.0,18000.0,18000.0,18000.0,18000.0,18000.0,18000.0,18000.0,18000.0,18000.0,18000.0,18000.0,18000.0,18000.0,18000.0,18000.0,18000.0,17.35,18000.0,18000.0,18000.0,18000.0
instance_231,0.08,0.53,0.52,18000.0,0.5,18000.0,0.08,0.47,16.83,0.71,18000.0,18000.0,18000.0,18000.0,0.08,0.46,0.46,0.49,192.96,0.5,18000.0,15.6,18000.0,18000.0
instance_529,62.76,18000.0,55.6,18000.0,1.01,9.46,0.8,0.92,18000.0,3.01,2.13,0.21,142.11,2.35,0.63,1.97,0.93,7.02,18000.0,7.17,144.63,3.33,2.26,1.95
instance_424,3.1,18000.0,4.83,18000.0,4.41,1.37,18000.0,121.02,55.07,3.11,1.4,18000.0,136.0,5.66,0.82,121.04,121.03,5.75,0.03,5.82,175.81,20.32,5.67,5.65
instance_558,125.38,4.58,4.7,18000.0,4.43,18000.0,18000.0,13.8,53.8,7.22,18000.0,18000.0,18000.0,18000.0,18000.0,4.24,13.87,4.38,120.27,4.38,18000.0,18000.0,18000.0,18000.0
instance_47,0.01,18000.0,0.1,0.1,0.11,0.29,0.01,0.03,0.01,0.02,0.29,0.06,18000.0,0.03,0.01,0.04,0.04,0.1,0.01,0.11,0.07,0.01,0.03,0.03
instance_661,18000.0,18000.0,18000.0,18000.0,18000.0,18000.0,18000.0,18000.0,18000.0,18000.0,18000.0,18000.0,18000.0,18000.0,18000.0,18000.0,18000.0,18000.0,18000.0,18000.0,18000.0,18000.0,18000.0,18000.0
instance_404,0.07,4.02,0.36,4.59,0.37,0.29,0.09,0.14,0.12,0.51,0.3,0.81,175.9,0.61,0.07,0.16,0.16,0.36,0.07,0.36,175.7,0.29,0.48,0.41
instance_469,5.19,22.79,6.41,6.43,21.97,18000.0,0.42,8.85,2.24,6.41,18000.0,18000.0,18000.0,389.0,0.31,20.79,8.38,1.27,1.34,0.91,18000.0,18000.0,207.12,331.65
instance_508,0.05,0.36,0.38,18000.0,0.36,18000.0,0.04,0.07,0.16,0.51,0.44,18000.0,18000.0,18000.0,0.04,0.08,0.08,0.36,18000.0,0.36,18000.0,18000.0,18000.0,18000.0
instance_616,18000.0,18000.0,18000.0,18000.0,18000.0,18000.0,18000.0,18000.0,18000.0,18000.0,18000.0,18000.0,18000.0,18000.0,18000.0,18000.0,18000.0,18000.0,18000.0,15.67,18000.0,578.17,18000.0,18000.0
instance_450,18000.0,18000.0,18000.0,18000.0,18000.0,71.29,18000.0,18000.0,18000.0,18000.0,76.33,18000.0,18000.0,18000.0,18000.0,18000.0,18000.0,18000.0,81.91,18000.0,18000.0,18000.0,18000.0,18000.0
instance_728,0.13,0.47,0.44,12.0,0.45,0.14,0.13,0.09,0.02,0.21,0.14,0.02,0.11,0.03,0.13,0.1,0.1,0.43,0.01,0.44,0.1,0.06,0.03,0.03
instance_124,18000.0,18000.0,18000.0,18000.0,18000.0,1.36,18000.0,18000.0,8.68,18000.0,72.18,18000.0,18000.0,18000.0,18000.0,18000.0,18000.0,18000.0,18000.0,18000.0,18000.0,18000.0,18000.0,18000.0
instance_407,0.02,18000.0,0.19,40.93,0.2,0.41,0.02,0.05,0.46,0.31,0.51,8.41,394.22,4.47,0.02,0.06,0.06,0.18,0.03,0.19,394.64,0.18,1.75,2.18
instance_208,12.29,18000.0,20.42,18000.0,18.6,3.24,18000.0,33.33,167.36,21.41,3.29,18000.0,18000.0,18000.0,1.76,127.16,32.94,19.61,0.09,19.75,18000.0,65.62,18000.0,18000.0
instance_318,0.04,18000.0,0.33,47.69,0.33,0.92,0.04,0.07,1.21,0.41,1.04,122.41,18000.0,18000.0,0.04,0.09,0.08,0.31,0.04,0.32,18000.0,0.25,18000.0,18000.0
instance_95,0.07,3.83,0.4,3.64,0.38,0.26,0.07,0.48,0.14,0.51,0.26,0.07,0.24,0.04,0.06,1.15,0.51,0.59,0.02,31.29,0.23,0.13,0.03,0.04
instance_102,18000.0,43.1,18000.0,95.51,18.17,29.34,3.35,2.78,0.68,0.91,40.43,7.72,18000.0,3.4,3.05,2.75,2.79,16.53,0.76,16.46,18000.0,0.81,3.4,3.4
instance_808,0.0,0.04,0.0,0.04,0.01,0.06,0.0,0.02,0.0,0.02,0.06,0.02,0.0,0.0,0.0,0.03,0.03,0.0,0.0,0.01,0.0,0.0,0.0,0.0
instance_287,10.32,18000.0,18.57,18000.0,16.85,3.44,18000.0,45.69,36.6,17.01,3.52,18000.0,18000.0,18000.0,3.82,82.4,45.77,23.47,0.1,23.75,18000.0,20.89,18000.0,18000.0
instance_601,0.07,18000.0,0.31,19.65,0.31,11.0,0.07,0.18,0.11,0.11,10.97,0.41,0.18,0.2,0.07,0.19,0.19,0.3,0.21,0.29,0.07,0.03,0.2,0.2
instance_114,50.96,18000.0,91.46,18000.0,84.83,13.02,18000.0,18000.0,18000.0,18000.0,25.91,18000.0,18000.0,18000.0,40.27,18000.0,18000.0,60.29,0.09,60.46,18000.0,18000.0,18000.0,292.92
instance_416,174.06,18000.0,481.16,18000.0,18000.0,18000.0,18000.0,29.7,18000.0,129.61,18000.0,18000.0,18000.0,23.82,39.48,18000.0,30.32,28.21,18000.0,35.39,18000.0,18000.0,24.29,24.22
instance_570,18000.0,18000.0,18000.0,18000.0,18000.0,18000.0,18000.0,18000.0,28.93,18000.0,18000.0,18000.0,18000.0,18000.0,157.41,18000.0,18000.0,18000.0,18000.0,18000.0,18000.0,18000.0,18000.0,18000.0
instance_490,18000.0,18000.0,18000.0,18000.0,18000.0,18000.0,18000.0,388.17,18000.0,281.01,18000.0,352.02,18000.0,269.24,18000.0,414.08,336.42,18000.0,18000.0,18000.0,18000.0,359.15,299.07,290.32
instance_66,18000.0,18000.0,108.65,18000.0,18000.0,18000.0,18000.0,18000.0,18000.0,561.41,18000.0,239.61,18000.0,15.01,1.5,18000.0,18000.0,56.62,0.49,58.8,18000.0,18000.0,34.86,18000.0
instance_764,0.75,5.22,5.3,0.41,5.18,0.71,0.75,0.05,0.01,0.21,0.74,0.05,419.17,0.03,0.75,0.06,0.06,5.1,0.28,5.08,566.17,0.11,0.03,0.03
instance_286,7.56,470.08,34.17,18000.0,22.38,18000.0,2.34,13.39,18000.0,24.13,18000.0,0.51,33.28,9.29,2.06,21.39,13.47,30.64,18000.0,31.03,35.94,13.01,14.09,111.56
instance_821,0.03,18000.0,0.2,33.68,0.21,0.31,0.03,0.05,0.39,0.31,0.4,8.51,159.73,1.6,0.03,0.06,0.06,0.2,0.03,0.2,160.23,0.17,2.52,1.65
instance_296,0.06,0.58,0.56,18000.0,0.56,18000.0,0.06,0.09,0.28,0.81,0.65,18000.0,18000.0,18000.0,0.06,0.11,0.1,0.56,18000.0,0.56,18000.0,18000.0,18000.0,18000.0
instance_666,0.0,0.04,0.01,0.09,0.01,0.08,0.0,0.02,0.0,0.02,0.79,0.02,0.02,0.0,0.0,0.03,0.03,0.01,0.01,0.02,0.01,0.01,0.0,0.0
instance_642,18000.0,18000.0,147.03,18000.0,121.74,11.75,18000.0,18000.0,18000.0,18000.0,45.0,18000.0,18000.0,18000.0,40.17,18000.0,18000.0,18000.0,199.85,18000.0,18000.0,18000.0,18000.0,18000.0
instance_791,18000.0,18000.0,18000.0,18000.0,18000.0,18000.0,18000.0,18000.0,18.13,18000.0,18000.0,18000.0,18000.0,18000.0,18000.0,18000.0,18000.0,18000.0,18000.0,18000.0,18000.0,18000.0,18000.0,18000.0
instance_429,18000.0,18000.0,18000.0,18000.0,18000.0,3.15,18000.0,18000.0,18000.0,18000.0,19.86,18000.0,18000.0,18000.0,18000.0,18000.0,18000.0,18000.0,18000.0,36.21,18000.0,18000.0,18000.0,18000.0
instance_347,0.0,18000.0,0.02,0.19,0.02,0.07,0.0,0.03,0.0,0.02,0.07,0.02,0.01,0.0,0.0,0.04,0.03,0.02,0.0,0.02,0.01,0.01,0.0,0.0
instance_278,18000.0,18000.0,18000.0,18000.0,18000.0,18000.0,18000.0,18000.0,18000.0,18000.0,18000.0,18000.0,18000.0,18000.0,18000.0,18000.0,18000.0,18000.0,1.7,18000.0,18000.0,18000.0,18000.0,18000.0
instance_598,0.02,18000.0,0.11,100.38,0.12,0.22,0.02,0.04,0.14,0.21,0.3,0.04,25.54,0.02,0.02,0.05,0.05,0.11,0.02,0.12,25.99,0.08,0.02,0.02
instance_734,0.0,18000.0,0.0,0.06,0.0,0.07,0.0,0.02,0.0,0.02,0.07,0.02,0.0,0.0,0.0,0.03,0.03,0.0,0.03,0.0,0.0,0.0,0.0,0.0
instance_187,0.13,18000.0,0.51,47.28,0.5,183.39,0.13,0.29,0.94,0.11,183.01,0.61,1.23,1.32,0.13,0.3,0.3,0.48,1.39,0.49,0.11,0.06,1.3,1.32
instance_420,25.57,18000.0,18.67,18000.0,89.58,4.99,4.42,4.34,18000.0,28.31,19.46,3.81,18000.0,18000.0,26.15,6.44,4.76,5.98,0.27,6.32,18000.0,25.85,18000.0,18000.0
instance_422,0.0,0.04,0.0,0.05,0.0,0.07,0.0,0.02,0.0,0.03,0.07,0.02,0.0,0.0,0.0,0.03,0.03,0.0,0.0,0.01,0.0,0.0,0.0,0.0
instance_707,18000.0,18000.0,18000.0,18000.0,18000.0,18000.0,0.95,18000.0,18000.0,18000.0,18000.0,18000.0,18000.0,18000.0,0.75,18000.0,18000.0,18000.0,18000.0,64.54,18000.0,18000.0,18000.0,18000.0
instance_815,7.27,18000.0,13.76,18000.0,13.0,2.45,18000.0,17.98,112.47,76.51,2.51,18000.0,18000.0,18000.0,2.56,27.82,17.94,14.5,0.07,14.63,18000.0,38.3,18000.0,18000.0
instance_386,32.08,480.39,2.17,18000.0,1.76,11.6,0.27,18000.0,18000.0,9.81,1.41,7.31,18000.0,4.28,0.2,13.74,13.43,3.49,18000.0,3.68,18000.0,8.67,11.41,6.72
instance_744,0.32,18000.0,1.33,18000.0,1.38,42.11,0.32,0.76,0.73,0.21,41.43,1.71,1.28,1.42,0.31,0.77,0.78,1.28,0.96,1.21,0.32,0.14,1.42,1.41
instance_801,0.01,0.1,0.08,58.55,0.07,0.18,0.01,0.03,0.09,0.12,0.21,3.71,1.2,0.5,0.01,0.04,0.04,0.07,0.02,0.08,1.17,0.09,0.55,0.25
instance_83,14.91,18000.0,10.95,18000.0,572.42,18000.0,18000.0,9.94,18000.0,8.61,18000.0,0.11,18000.0,7.48,18000.0,18.52,9.89,14.27,5.27,16.53,18000.0,1.06,10.96,7.74
instance_143,0.03,0.25,0.22,34.4,0.23,0.66,0.03,0.05,0.58,0.31,22.94,6.52,134.34,1.13,0.03,0.06,0.06,0.22,0.04,0.22,133.92,1.07,1.48,1.17
instance_509,0.0,0.04,0.0,0.05,0.0,0.09,0.0,0.02,0.0,0.02,0.09,0.02,0.0,0.0,0.0,0.04,0.03,0.0,0.0,0.01,0.0,0.0,0.0,0.0
instance_772,0.02,5.54,0.14,17.82,0.14,0.99,0.02,0.09,1.12,0.51,1.55,0.11,2.36,0.11,0.02,0.15,0.1,0.16,0.06,0.17,2.32,0.54,0.11,0.11
instance_147,0.36,0.9,0.87,18000.0,0.89,18000.0,0.39,0.45,74.86,1.12,18000.0,18000.0,13.23,25.62,0.36,0.46,0.46,0.88,18000.0,0.87,0.19,2.06,25.65,25.65
instance_498,0.05,18000.0,0.4,18000.0,0.39,0.84,0.05,0.08,0.51,0.51,1.25,0.21,18000.0,0.05,0.05,0.09,0.09,0.38,0.06,0.39,18000.0,0.53,0.05,0.05
instance_787,18000.0,18000.0,18000.0,18000.0,18000.0,18000.0,18000.0,18000.0,188.47,18000.0,18000.0,18000.0,18000.0,18000.0,18000.0,18000.0,18000.0,18000.0,18000.0,18000.0,18000.0,18000.0,18000.0,18000.0
instance_532,137.68,18000.0,273.89,18000.0,328.54,17.57,18000.0,18000.0,18000.0,18000.0,24.31,18000.0,18000.0,18000.0,62.52,18000.0,18000.0,212.72,0.4,217.66,18000.0,18000.0,18000.0,18000.0
instance_627,18000.0,18000.0,18000.0,18000.0,82.83,12.07,3.46,15.05,8.11,21.11,12.79,20.41,18000.0,2.49,3.21,14.78,14.97,54.12,69.58,69.06,18000.0,21.11,2.84,2.86
instance_478,18000.0,18000.0,18000.0,18000.0,18000.0,18000.0,18000.0,18000.0,335.03,18000.0,18000.0,18000.0,18000.0,18000.0,18000.0,18000.0,18000.0,18000.0,18000.0,129.58,18000.0,18000.0,18000.0,18000.0
instance_254,18000.0,18000.0,18000.0,18000.0,18000.0,18000.0,18000.0,18000.0,18000.0,46.01,18000.0,18000.0,18000.0,18000.0,18000.0,18000.0,18000.0,18000.0,18000.0,18000.0,18000.0,592.35,18000.0,18000.0
instance_236,0.03,18000.0,0.2,117.74,0.19,0.41,0.03,0.05,0.24,0.31,0.53,0.09,523.53,0.03,0.03,0.08,0.07,0.19,0.04,0.2,526.72,0.11,0.03,0.03
instance_110,0.06,2.17,0.23,1.52,0.22,0.23,0.06,0.09,0.03,0.31,0.25,0.02,0.5,0.02,0.05,0.11,0.1,0.23,0.04,0.24,0.5,0.05,0.02,0.02
instance_530,18000.0,18000.0,18000.0,18000.0,18000.0,18000.0,18000.0,176.99,18000.0,18000.0,18000.0,18000.0,18000.0,18000.0,18000.0,193.7,176.82,123.4,43.13,111.07,18000.0,18000.0,18000.0,18000.0
instance_745,0.01,0.14,0.11,18000.0,0.12,4.87,0.01,0.05,0.02,0.11,0.18,18000.0,18000.0,0.03,0.01,0.04,0.04,0.11,18000.0,0.11,18000.0,0.14,0.03,0.03
instance_610,0.01,0.19,0.17,217.92,0.17,0.6,0.01,0.04,1.1,0.41,0.74,18000.0,14.49,0.04,0.01,0.05,0.05,0.16,0.09,0.16,14.37,1.22,0.04,0.04
instance_800,18000.0,18000.0,536.11,18000.0,18000.0,25.7,18000.0,18000.0,18000.0,18000.0,28.91,18000.0,18000.0,18000.0,135.45,18000.0,18000.0,18000.0,0.39,18000.0,18000.0,18000.0,18000.0,18000.0
instance_548,18000.0,18000.0,18000.0,18000.0,18000.0,164.47,18000.0,18000.0,18000.0,18000.0,170.3,18000.0,18000.0,18000.0,18000.0,18000.0,18000.0,18000.0,2.05,18000.0,18000.0,18000.0,18000.0,18000.0
instance_199,18000.0,18000.0,18000.0,18000.0,18000.0,18000.0,18000.0,18000.0,18000.0,18000.0,18000.0,18000.0,18000.0,18000.0,18000.0,18000.0,18000.0,18000.0,3.26,18000.0,18000.0,18000.0,18000.0,18000.0
instance_267,9.07,12.97,9.67,3.91,87.07,3.77,0.1,0.86,0.05,3.71,1.62,33.91,18000.0,0.41,0.07,0.8,0.66,0.46,0.18,0.51,18000.0,3.42,0.17,0.37
instance_337,18000.0,18000.0,18000.0,18000.0,18000.0,18000.0,18000.0,18000.0,18000.0,18000.0,18000.0,18000.0,18000.0,18000.0,18000.0,18000.0,18000.0,18000.0,18000.0,18000.0,18000.0,18000.0,18000.0,18000.0
instance_681,0.0,0.11,0.09,2.08,0.17,18000.0,0.0,0.02,0.01,0.31,18000.0,0.02,0.02,0.01,0.0,0.03,0.04,0.08,0.01,0.09,0.01,0.18,0.01,0.01
instance_458,0.0,0.05,0.0,0.04,0.0,0.05,0.0,0.02,0.0,0.02,0.07,0.02,0.0,0.0,0.0,0.03,0.03,0.0,0.0,0.01,0.0,0.0,0.0,0.0
instance_585,18000.0,18000.0,18000.0,18000.0,18000.0,18000.0,18000.0,18000.0,1.87,18000.0,18000.0,18000.0,18000.0,18000.0,18000.0,18000.0,18000.0,18000.0,8.73,18000.0,18000.0,18000.0,18000.0,18000.0
instance_106,0.09,18000.0,1.17,18000.0,0.37,0.28,0.12,0.39,0.22,0.41,0.28,0.09,0.19,60.24,0.11,0.46,0.3,0.43,0.14,0.48,0.17,0.11,0.05,0.05
instance_261,0.02,18000.0,0.18,145.36,0.18,0.42,0.03,0.05,0.21,0.21,0.45,0.05,262.17,0.02,0.02,0.06,0.06,0.17,0.03,0.17,261.36,0.11,0.02,0.02
instance_776,8.96,18000.0,26.22,18000.0,27.37,3.6,18000.0,16.79,92.29,26.11,3.49,18000.0,18000.0,11.46,1.65,32.7,16.95,34.02,0.08,33.97,18000.0,6.66,11.6,11.49
instance_459,0.08,0.73,0.73,18000.0,1.48,2.71,0.08,0.11,1.13,1.01,2.85,18000.0,18000.0,18000.0,0.08,0.13,0.13,0.7,0.13,0.71,18000.0,18000.0,18000.0,18000.0
instance_543,5.71,18000.0,10.53,18000.0,7.02,82.87,18000.0,3.09,335.91,2.31,0.41,0.12,28.46,0.07,1.79,6.49,3.1,7.78,0.5,9.94,28.45,0.29,0.07,0.07
instance_128,0.02,1.37,0.14,2.53,0.14,0.38,0.02,0.06,0.03,0.21,0.8,0.12,0.71,0.02,0.02,0.07,0.07,0.13,0.5,0.14,0.71,0.03,0.03,0.03
instance_374,0.03,0.24,0.22,18000.0,0.21,0.53,0.03,0.05,0.3,0.31,0.74,18000.0,18000.0,18000.0,0.03,0.06,0.07,0.21,0.05,0.21,18000.0,18000.0,18000.0,18000.0
instance_477,17.38,18000.0,18000.0,18000.0,18000.0,89.54,18000.0,18000.0,8.56,22.91,18000.0,351.41,18000.0,4.16,59.21,18000.0,18000.0,18000.0,18000.0,18000.0,18000.0,18000.0,5.5,4.01
instance_396,0.0,18000.0,0.0,0.04,0.01,0.1,0.0,0.07,0.0,0.02,0.09,0.02,0.0,0.0,0.0,0.03,0.03,0.0,0.0,0.01,0.0,0.0,0.0,0.0
instance_204,0.27,93.99,2.23,18000.0,7.77,65.21,0.4,0.16,18000.0,0.31,186.54,0.07,18000.0,0.27,0.11,0.29,0.18,0.4,0.18,0.47,18000.0,0.23,0.3,0.26
instance_192,0.77,16.22,11.32,30.93,11.23,7.45,0.71,1.43,0.41,2.12,7.51,0.71,34.66,0.73,0.67,1.45,1.44,12.18,0.67,12.15,40.27,2.03,0.73,0.72
instance_257,0.03,0.45,0.42,18000.0,0.43,18000.0,0.03,0.06,21.97,1.22,18000.0,18000.0,1.3,0.42,0.03,0.07,0.07,0.42,18000.0,0.42,1.26,0.86,0.42,0.42
instance_677,0.01,0.13,0.1,11.36,0.1,0.26,0.01,0.04,0.12,0.21,0.29,18000.0,0.69,18000.0,0.01,0.04,0.04,0.1,0.03,0.1,0.68,220.73,18000.0,18000.0
instance_223,31.41,18000.0,34.32,18000.0,30.77,3.16,18000.0,77.0,33.33,62.11,3.36,18000.0,18000.0,18000.0,28.47,128.05,76.86,45.86,0.06,46.0,18000.0,24.83,18000.0,18000.0
instance_574,9.96,16.32,15.96,18000.0,16.15,0.55,9.95,97.47,8.44,8.72,0.55,18000.0,35.98,0.36,10.0,98.24,97.16,15.86,0.01,15.82,37.41,0.66,0.36,0.36
instance_356,0.27,7.88,0.7,4.78,55.34,4.05,0.09,0.43,0.07,0.61,2.74,12.41,18000.0,0.35,0.05,0.56,0.44,0.27,0.06,0.32,18000.0,0.55,0.16,0.11
instance_500,0.03,0.2,0.13,2.57,0.13,0.31,0.04,0.13,0.01,0.21,0.14,0.11,0.29,0.02,0.03,0.14,0.14,0.13,0.13,0.14,0.29,0.04,0.03,0.02
instance_632,0.02,0.19,0.16,18000.0,0.18,0.39,0.02,0.04,0.23,0.21,0.53,18000.0,112.14,18000.0,0.02,0.05,0.05,0.16,0.04,0.16,109.29,64.24,18000.0,18000.0
instance_29,0.0,0.07,0.04,4.7,0.04,0.17,0.0,0.02,0.04,0.11,0.19,18000.0,0.12,0.01,0.0,0.04,0.04,0.04,0.03,0.04,0.12,0.11,0.01,0.01
instance_669,0.01,18000.0,0.03,0.37,0.03,0.53,0.0,0.03,0.01,0.02,0.53,0.11,0.02,0.02,0.01,0.04,0.05,0.03,0.02,0.04,0.01,0.01,0.02,0.02
instance_118,114.35,40.02,314.97,125.64,174.55,41.08,305.74,18000.0,111.71,18000.0,49.28,18000.0,18000.0,18000.0,178.19,18000.0,18000.0,188.45,236.87,5.75,18000.0,18000.0,18000.0,18000.0
instance_387,0.65,6.43,6.43,18000.0,6.42,18000.0,0.66,0.95,146.11,8.82,18000.0,18000.0,18000.0,18000.0,0.66,0.96,0.96,6.44,18000.0,6.41,18000.0,18000.0,18000.0,18000.0
instance_709,0.01,0.17,0.14,2.36,0.14,6.74,0.01,0.05,0.02,0.21,9.07,162.91,0.06,0.04,0.01,0.07,0.07,0.15,0.05,0.19,0.13,0.07,0.04,0.04
instance_279,0.1,18000.0,0.42,23.95,0.41,9.76,0.1,0.23,0.71,0.1,10.01,0.41,1.04,1.08,0.1,0.24,0.24,0.4,0.97,0.39,0.09,0.05,1.08,1.08
instance_541,18000.0,238.04,39.62,471.12,70.04,181.78,1.63,9.57,19.26,24.12,209.75,11.61,18000.0,18000.0,2.28,9.6,9.53,34.2,18000.0,34.49,18000.0,23.67,18000.0,18000.0
instance_159,0.03,11.58,0.29,18000.0,0.28,0.6,0.04,0.14,0.06,0.31,0.68,0.06,0.45,0.05,0.03,0.25,0.15,0.32,0.04,0.37,0.43,0.05,0.03,0.03
instance_41,0.01,0.14,0.11,10.19,0.11,0.25,0.01,0.04,0.18,0.21,0.24,0.61,0.16,0.16,0.01,0.05,0.05,0.11,0.02,0.11,0.15,0.1,0.16,0.18
instance_537,18000.0,18000.0,18000.0,18000.0,18000.0,18000.0,18000.0,18000.0,18000.0,18000.0,18000.0,18000.0,18000.0,18000.0,18000.0,18000.0,18000.0,18000.0,18000.0,18000.0,18000.0,18000.0,18000.0,18000.0
instance_549,18000.0,18000.0,18000.0,18000.0,18000.0,18000.0,18000.0,18000.0,0.06,409.81,18000.0,18000.0,18000.0,18000.0,18000.0,18000.0,18000.0,105.83,18000.0,105.88,18000.0,18000.0,18000.0,18000.0
instance_55,18000.0,18000.0,18000.0,18000.0,18000.0,18000.0,18000.0,18000.0,18000.0,18000.0,18000.0,18000.0,18000.0,18000.0,18000.0,18000.0,18000.0,18000.0,18000.0,18000.0,18000.0,18000.0,18000.0,18000.0
instance_650,0.01,18000.0,0.07,2.26,0.06,0.12,0.01,0.03,0.01,0.09,0.6,0.02,0.06,0.01,0.01,0.04,0.04,0.06,0.01,0.06,0.05,0.06,0.01,0.01
instance_456,27.94,18000.0,86.25,18000.0,63.47,8.7,18000.0,267.03,71.83,281.11,8.77,18000.0,18000.0,18000.0,8.67,407.2,273.49,59.23,0.13,59.76,18000.0,290.09,18000.0,18000.0
instance_234,0.01,0.11,0.08,11.27,0.08,0.17,0.01,0.03,0.11,0.12,0.23,14.22,14.49,1.7,0.01,0.04,0.04,0.08,0.02,0.08,14.66,0.15,1.81,1.65
instance_251,0.01,0.08,0.04,5.54,0.05,0.21,0.01,0.02,0.2,0.1,0.22,0.07,0.42,0.04,0.01,0.04,0.04,0.04,0.01,0.05,0.41,0.26,0.04,0.04
instance_288,0.04,18000.0,0.33,67.72,0.32,0.98,0.04,0.07,0.91,0.41,0.76,120.81,18000.0,18000.0,0.04,0.09,0.09,0.31,0.04,0.32,18000.0,0.47,18000.0,18000.0
instance_179,0.0,18000.0,0.01,0.13,0.01,0.1,0.0,0.02,0.0,0.02,0.1,0.61,117.1,0.02,0.0,0.03,0.03,0.01,18000.0,0.01,116.89,0.0,0.02,0.02
instance_446,18000.0,18000.0,18000.0,18000.0,1.73,5.42,18000.0,1.72,18000.0,39.11,99.39,0.31,18000.0,26.49,0.6,4.47,1.73,104.56,18000.0,104.37,18000.0,29.44,21.93,24.96
instance_556,93.13,18000.0,165.27,18000.0,400.16,374.25,18000.0,38.75,57.66,121.61,40.85,26.21,18000.0,18000.0,18000.0,58.9,38.91,21.02,2.3,26.37,18000.0,53.33,18000.0,3.54
instance_210,18000.0,18000.0,18000.0,18000.0,18000.0,18000.0,18000.0,18000.0,18000.0,18000.0,18000.0,18000.0,18000.0,18000.0,18000.0,18000.0,18000.0,18000.0,18000.0,18000.0,18000.0,18000.0,18000.0,18000.0
instance_163,0.04,18000.0,0.3,18000.0,0.3,0.61,0.04,0.07,0.38,0.41,0.82,0.11,18000.0,0.04,0.04,0.08,0.08,0.29,0.05,0.3,18000.0,0.17,0.04,0.04
instance_146,0.03,0.26,0.25,14.36,0.24,0.29,0.03,0.06,0.2,0.41,0.31,1.02,0.55,0.16,0.03,0.08,0.08,0.23,18000.0,0.24,0.54,7.36,0.16,0.16
instance_401,0.0,18000.0,0.0,0.05,0.0,0.12,0.0,0.02,0.0,0.02,0.12,0.02,0.0,0.0,0.0,0.03,0.03,0.0,0.0,0.01,0.0,0.0,0.0,0.0
instance_226,18000.0,18000.0,18000.0,18000.0,18000.0,18000.0,18000.0,18000.0,18000.0,18000.0,18000.0,18000.0,18000.0,18000.0,18000.0,18000.0,18000.0,18000.0,18000.0,18000.0,18000.0,18000.0,18000.0,18000.0
instance_103,18000.0,18000.0,18000.0,18000.0,18000.0,18000.0,18000.0,18000.0,18000.0,18000.0,18000.0,18000.0,18000.0,18000.0,18000.0,18000.0,18000.0,18000.0,18000.0,18000.0,18000.0,18000.0,18000.0,18000.0
instance_227,18000.0,18000.0,18000.0,18000.0,18000.0,18000.0,18000.0,18000.0,18000.0,18000.0,18000.0,18000.0,18000.0,18000.0,18000.0,18000.0,18000.0,18000.0,18000.0,18000.0,18000.0,18000.0,18000.0,18000.0
instance_444,0.03,18000.0,0.24,136.59,0.24,0.48,0.03,0.06,0.29,0.31,0.55,0.11,18000.0,0.03,0.03,0.07,0.07,0.23,0.05,0.24,18000.0,0.13,0.03,0.03
instance_713,18000.0,18000.0,18000.0,18000.0,18000.0,18000.0,18000.0,18000.0,18000.0,18000.0,18000.0,18000.0,18000.0,18000.0,18000.0,18000.0,18000.0,18000.0,18000.0,18000.0,18000.0,18000.0,18000.0,18000.0
instance_152,0.01,18000.0,0.11,91.16,0.12,0.4,0.01,0.03,0.32,0.31,0.5,0.12,3.59,0.02,0.01,0.05,0.05,0.11,0.06,0.12,3.62,0.6,0.02,0.02
instance_15,0.03,18000.0,0.24,77.0,0.25,0.61,0.03,0.06,0.74,0.31,0.64,49.42,18000.0,22.09,0.03,0.07,0.07,0.24,0.03,0.24,18000.0,0.23,28.91,34.62
instance_520,18000.0,18000.0,18000.0,18000.0,18000.0,18000.0,18000.0,18000.0,18000.0,18000.0,18000.0,18000.0,18000.0,18000.0,18000.0,18000.0,18000.0,18000.0,18000.0,18000.0,18000.0,18000.0,18000.0,18000.0
instance_377,1.13,3.59,2.81,11.33,2.73,3.96,1.14,0.99,18000.0,2.91,4.51,0.11,8.61,6.96,1.11,1.0,1.0,2.84,18000.0,2.74,6.93,2.9,6.96,6.97
instance_522,18000.0,18000.0,18000.0,18000.0,18000.0,18000.0,18000.0,18000.0,19.62,18000.0,18000.0,18000.0,18000.0,18000.0,18000.0,18000.0,18000.0,18000.0,18000.0,18000.0,18000.0,18000.0,18000.0,18000.0
instance_480,18000.0,18000.0,18000.0,18000.0,18000.0,18000.0,18000.0,18000.0,18000.0,18000.0,18000.0,18000.0,18000.0,18000.0,34.26,18000.0,18000.0,18000.0,18000.0,18000.0,18000.0,18000.0,18000.0,18000.0
instance_504,18000.0,18000.0,18000.0,18000.0,13.44,18000.0,18000.0,42.31,18000.0,41.82,18000.0,18000.0,18000.0,18000.0,18000.0,111.5,42.37,18000.0,18000.0,18000.0,18000.0,18000.0,18000.0,18000.0
instance_12,0.0,0.04,0.0,0.05,0.0,0.07,0.0,0.02,0.0,0.02,0.07,0.03,0.0,0.0,0.0,0.03,0.03,0.0,0.0,0.01,0.0,0.0,0.0,0.0
instance_195,0.0,0.04,0.01,0.05,0.01,18000.0,0.0,0.02,0.0,0.02,18000.0,0.02,0.0,0.0,0.0,0.03,0.03,0.0,3.0,0.01,0.0,0.0,0.0,0.0
instance_67,0.01,18000.0,0.11,43.45,0.11,0.38,0.01,0.03,0.23,0.21,0.47,0.1,3.04,0.02,0.01,0.04,0.04,0.1,0.06,0.11,3.04,0.54,0.02,0.02
instance_618,0.22,6.59,1.99,8.12,0.37,10.72,0.06,0.27,18000.0,1.12,2.06,10.41,18000.0,4.92,0.04,0.47,0.29,0.3,0.03,0.35,18000.0,2.21,2.72,5.41
instance_33,0.32,0.72,0.7,18000.0,0.72,0.45,0.25,0.32,0.43,1.12,0.48,0.11,18000.0,0.08,0.17,0.34,0.33,0.69,0.27,0.69,18000.0,0.47,0.09,0.08
instance_497,0.08,1.01,1.0,18000.0,1.0,0.77,0.08,0.12,1.24,1.41,0.8,18000.0,6.72,0.09,0.08,0.13,0.13,0.99,0.03,0.99,6.7,18000.0,0.08,0.09
instance_675,0.2,18000.0,0.87,91.94,0.88,26.77,0.2,0.5,0.42,0.11,26.58,1.12,0.68,0.75,0.2,0.5,0.5,0.84,0.6,0.84,0.21,0.09,0.75,0.75
instance_384,0.01,18000.0,0.07,12.39,0.08,0.18,0.01,0.03,0.13,0.12,0.21,0.71,2.07,0.13,0.01,0.04,0.04,0.07,0.02,0.08,2.08,0.08,0.15,0.16
instance_759,0.01,0.06,0.03,0.71,0.03,0.97,0.01,0.03,0.27,0.1,1.07,0.02,0.06,0.1,0.01,0.04,0.04,0.03,18000.0,0.04,0.0,0.04,0.1,0.1
instance_253,21.38,3.38,3.34,18000.0,3.44,18000.0,18000.0,2.69,25.54,5.31,18000.0,18000.0,18000.0,18000.0,467.35,3.09,2.7,3.32,40.17,3.3,18000.0,18000.0,18000.0,18000.0
instance_720,0.03,18000.0,0.19,5.11,0.19,0.22,0.03,0.06,0.02,0.31,0.74,0.21,14.7,0.03,0.03,0.06,0.07,0.19,0.02,0.19,14.75,0.12,0.03,0.03
instance_702,0.28,18000.0,3.07,18000.0,2.94,18000.0,0.28,0.3,28.81,10.02,18000.0,18000.0,6.94,0.26,0.28,0.32,0.32,2.93,1.21,2.96,6.99,18000.0,0.25,0.25
instance_28,0.0,0.06,0.03,0.45,0.03,1.07,0.0,0.03,0.0,0.11,1.24,0.61,0.02,0.01,0.0,0.04,0.05,0.03,0.01,0.07,0.02,0.02,0.01,0.01
instance_45,0.01,2.3,0.12,4.1,0.12,0.32,0.01,0.09,0.01,0.21,0.46,0.02,0.33,0.01,0.01,0.18,0.1,0.16,0.08,0.14,0.33,0.03,0.01,0.01
instance_153,7.8,18000.0,18000.0,18000.0,18000.0,370.32,7.49,6.03,3.85,59.61,18000.0,7.72,18000.0,104.15,7.8,6.02,6.06,18000.0,11.28,18000.0,18000.0,60.56,104.2,104.17
instance_778,0.01,0.09,0.06,0.98,0.06,2.48,0.01,0.04,0.01,0.07,3.06,6.12,0.03,0.02,0.01,0.05,0.05,0.07,0.02,0.11,0.04,0.04,0.02,0.02
instance_205,0.01,0.09,0.07,20.73,0.06,0.15,0.01,0.03,0.09,0.09,0.21,2.81,5.69,0.96,0.01,0.04,0.04,0.06,0.01,0.07,5.7,0.1,1.31,0.93
instance_591,18000.0,18000.0,18000.0,18000.0,18000.0,18000.0,18000.0,18000.0,15.8,18000.0,18000.0,18000.0,18000.0,18000.0,18000.0,18000.0,18000.0,18000.0,18000.0,18000.0,18000.0,18000.0,18000.0,18000.0
instance_276,1.9,18000.0,8.75,18000.0,8.31,168.27,1.9,4.18,3.25,0.81,165.85,9.61,19.71,20.5,1.9,4.25,4.24,8.37,101.91,8.21,1.65,0.74,20.5,20.51
instance_606,0.01,0.25,0.22,9.19,0.22,18000.0,0.01,0.03,0.02,0.81,18000.0,0.13,0.06,0.02,0.01,0.05,0.05,0.22,0.01,0.22,0.05,0.62,0.02,0.02
instance_716,18000.0,347.5,18000.0,18000.0,517.09,130.12,72.85,18000.0,349.47,18.21,48.6,37.61,18000.0,57.4,212.79,7.33,12.8,8.72,18000.0,8.87,18000.0,14.69,56.38,54.7
instance_592,18000.0,18000.0,18000.0,18000.0,18000.0,18000.0,18000.0,18000.0,9.06,18000.0,18000.0,18000.0,18000.0,18000.0,18000.0,18000.0,18000.0,18000.0,18000.0,18000.0,18000.0,18000.0,18000.0,18000.0
instance_793,18000.0,18000.0,18000.0,18000.0,18000.0,18000.0,18000.0,18000.0,18000.0,18000.0,18000.0,18000.0,18000.0,18000.0,18000.0,18000.0,18000.0,18000.0,18000.0,441.88,18000.0,18000.0,18000.0,18000.0
instance_701,0.03,0.31,0.09,1.73,0.09,0.74,0.03,0.06,8.33,0.21,0.86,0.02,0.1,0.25,0.03,0.08,0.08,0.09,0.95,0.1,0.03,0.15,0.26,0.26
instance_64,4.15,17.16,4.32,8.15,4.14,4.59,0.16,0.5,0.11,12.61,1.74,4.01,18000.0,0.69,0.11,1.0,0.52,1.37,0.09,1.43,18000.0,2.6,0.71,0.83
instance_799,1.85,4.29,4.31,258.88,4.62,24.01,1.85,6.54,100.53,7.01,18000.0,7.41,18000.0,1.63,1.83,6.54,6.57,4.08,1.04,4.11,18000.0,8.12,1.54,1.57
instance_115,18000.0,18000.0,18000.0,18000.0,18000.0,218.92,18000.0,18000.0,18000.0,18000.0,18000.0,18000.0,18000.0,18000.0,18000.0,18000.0,18000.0,18000.0,18000.0,18000.0,18000.0,18000.0,18000.0,18000.0
instance_284,0.0,0.05,0.0,0.09,0.01,0.08,0.0,0.02,0.0,0.02,0.09,0.02,0.01,0.0,0.0,0.03,0.03,0.0,0.02,0.01,0.0,0.0,0.0,0.0
instance_805,0.04,0.59,0.16,0.93,0.14,0.15,0.05,0.17,0.0,0.21,0.14,0.11,8.08,0.0,0.04,0.29,0.18,0.15,0.01,0.15,8.09,0.04,0.0,0.0
instance_321,4.47,27.83,2.48,25.63,73.95,14.94,0.11,0.79,18000.0,10.81,9.62,18000.0,18000.0,18000.0,0.08,1.18,0.81,0.68,0.09,30.67,18000.0,1.63,8.21,80.34
instance_341,11.74,8.34,110.14,35.17,3.4,11.18,0.68,0.52,0.18,0.31,9.63,2.22,18000.0,1.0,0.56,0.53,0.55,3.0,0.26,3.01,18000.0,0.28,1.01,1.0
instance_514,44.17,18000.0,76.8,18000.0,364.55,2.93,18000.0,18000.0,18000.0,28.31,2.92,0.11,2.32,0.34,4.78,18000.0,18000.0,18000.0,18000.0,125.87,2.26,10.05,0.34,0.35
instance_411,18000.0,18000.0,18000.0,18000.0,2.19,3.38,18000.0,2.22,18000.0,114.52,6.76,0.31,18000.0,127.86,0.67,5.59,2.22,325.17,18000.0,326.84,18000.0,93.36,124.15,99.66
instance_182,18000.0,106.61,84.32,84.7,56.91,18000.0,18000.0,18000.0,1.16,18000.0,18000.0,18000.0,18000.0,18000.0,0.71,18000.0,18000.0,18000.0,55.09,18000.0,18000.0,18000.0,407.55,260.7
instance_723,18000.0,23.08,18000.0,28.3,18000.0,235.26,0.85,5.98,3.44,5.21,2.37,16.42,18000.0,64.68,0.27,6.08,5.85,259.44,18000.0,255.87,18000.0,2.03,2.43,18000.0
instance_240,3.1,31.87,3.69,18000.0,18000.0,15.65,0.8,1.26,15.35,6.01,12.91,2.91,18000.0,18000.0,0.73,1.91,1.27,53.48,23.35,54.1,18000.0,2.46,6.4,0.95
instance_463,0.0,18000.0,0.0,0.09,0.01,0.1,0.0,0.02,0.0,0.02,0.1,0.03,0.0,0.0,0.0,0.03,0.03,0.0,0.0,0.01,0.0,0.0,0.0,0.0
instance_196,2.21,18000.0,8.97,18000.0,8.9,18000.0,2.19,5.15,12.74,1.02,18000.0,10.51,32.59,36.92,2.2,5.14,5.16,8.85,6.88,8.66,2.17,0.96,36.91,36.96
instance_553,5.59,11.04,11.05,18000.0,14.84,18000.0,5.9,5.77,18000.0,12.12,18000.0,18000.0,226.95,18000.0,5.63,5.7,5.75,10.97,18000.0,10.91,1.4,24.21,18000.0,18000.0
instance_566,0.07,0.61,0.58,18000.0,0.58,2.33,0.07,0.09,0.9,0.81,2.8,18000.0,18000.0,18000.0,0.07,0.11,0.11,0.58,0.11,0.58,18000.0,18000.0,18000.0,18000.0
instance_542,0.0,0.04,0.01,0.06,0.01,0.07,0.0,0.02,0.0,0.02,0.07,0.02,0.0,0.0,0.0,0.03,0.03,0.0,0.01,0.01,0.0,0.0,0.0,0.0
instance_306,18000.0,18000.0,18000.0,18000.0,18000.0,18000.0,18000.0,18000.0,18000.0,18000.0,18000.0,18000.0,18000.0,18000.0,18000.0,18000.0,18000.0,18000.0,18000.0,18000.0,18000.0,18000.0,18000.0,18000.0
instance_256,0.11,2.04,2.02,80.3,2.03,18000.0,0.11,0.14,0.24,10.31,18000.0,0.11,0.88,0.08,0.11,0.15,0.15,2.01,0.05,2.02,0.84,9.11,0.08,0.08
instance_291,0.21,1.45,1.34,0.45,1.33,0.38,0.21,0.03,0.02,0.12,0.4,0.09,0.04,0.01,0.2,0.05,0.05,1.35,0.08,1.28,0.05,0.06,0.01,0.01
instance_237,18000.0,18000.0,18000.0,18000.0,18000.0,1.8,18000.0,18000.0,316.39,18000.0,6.05,18000.0,18000.0,18000.0,18000.0,18000.0,18000.0,18000.0,0.05,18000.0,18000.0,18000.0,18000.0,18000.0
instance_89,18000.0,18000.0,18000.0,18000.0,18000.0,9.17,18000.0,18000.0,18000.0,18000.0,9.4,4.01,18000.0,18000.0,18000.0,18000.0,18000.0,18000.0,18000.0,18000.0,18000.0,18000.0,18000.0,18000.0
instance_813,135.04,18000.0,18000.0,18000.0,18000.0,10.19,18000.0,18000.0,355.16,363.51,16.0,18000.0,18000.0,18000.0,72.57,18000.0,18000.0,205.43,0.27,207.02,18000.0,18000.0,18000.0,18000.0
instance_258,18000.0,99.92,18000.0,29.76,18000.0,18000.0,91.5,18000.0,8.39,18000.0,302.13,18000.0,18000.0,18000.0,36.87,18000.0,18000.0,18000.0,18000.0,18000.0,18000.0,18000.0,18000.0,18000.0
instance_564,0.07,0.54,0.49,18000.0,0.47,1.06,0.07,0.07,0.66,0.61,1.38,18000.0,18000.0,18000.0,0.07,0.09,0.09,0.49,0.06,0.5,18000.0,18000.0,18000.0,18000.0
instance_594,22.67,1.53,14.93,4.56,9.32,18000.0,0.06,28.89,2.83,48.51,6.65,230.11,18000.0,36.79,0.05,27.35,26.83,6.09,18000.0,6.13,18000.0,44.27,36.33,29.84
instance_94,0.75,18000.0,3.51,18000.0,3.4,59.27,0.75,1.68,1.16,0.41,59.5,3.61,3.9,3.97,0.75,1.66,1.65,3.36,3.54,3.34,0.65,0.3,3.96,3.95
instance_467,1.03,10.82,9.82,127.59,9.27,8.71,0.99,1.36,18000.0,4.01,8.86,0.31,383.47,0.6,0.98,1.31,1.35,9.09,18000.0,9.17,409.16,2.44,0.6,0.61
instance_419,0.0,0.06,0.03,3.68,0.04,0.16,0.0,0.02,0.04,0.08,0.18,18000.0,0.09,0.01,0.0,0.04,0.03,0.03,0.03,0.04,0.07,0.09,0.01,0.01
instance_42,0.01,0.11,0.18,30.82,0.09,0.19,0.01,0.03,0.12,0.11,0.24,0.31,29.56,0.05,0.01,0.04,0.04,0.08,0.02,0.09,29.65,0.13,0.06,0.06
instance_165,0.14,0.48,0.46,395.16,0.44,1.41,0.14,0.17,7.03,0.81,57.19,1.51,18000.0,0.21,0.14,0.18,0.18,0.43,0.11,0.43,18000.0,0.58,0.2,0.22
instance_255,2.1,18000.0,9.0,18000.0,8.97,174.54,2.05,4.53,3.56,0.91,174.64,9.92,25.16,25.21,2.05,4.55,4.52,8.8,21.26,8.98,1.94,0.81,25.16,25.12
instance_300,22.65,18000.0,72.01,18000.0,68.69,0.59,22.59,431.88,11.68,32.51,0.6,18000.0,341.23,18000.0,22.67,564.03,428.21,103.71,0.03,104.25,393.05,12.82,18000.0,18000.0
instance_816,18.92,18000.0,117.97,18000.0,18000.0,16.02,231.79,11.78,77.06,11.91,17.03,45.81,18000.0,106.19,13.03,22.68,11.78,60.96,27.13,61.07,18000.0,13.59,111.4,107.42
instance_371,0.03,18000.0,0.22,18000.0,0.21,0.62,0.03,0.05,0.32,0.31,0.73,18000.0,9.55,18000.0,0.03,0.06,0.06,0.21,0.05,0.21,9.36,18000.0,18000.0,18000.0
instance_587,18000.0,18000.0,18000.0,18000.0,18000.0,52.94,18000.0,18000.0,18000.0,18000.0,53.89,18000.0,18000.0,18000.0,318.6,18000.0,18000.0,18000.0,0.62,18000.0,18000.0,18000.0,18000.0,18000.0
instance_719,18000.0,18000.0,18000.0,18000.0,18000.0,75.79,18000.0,18000.0,18000.0,18000.0,75.77,18000.0,18000.0,18000.0,498.9,18000.0,18000.0,18000.0,0.93,18000.0,18000.0,18000.0,18000.0,18000.0
instance_739,75.55,12.46,7.85,11.67,18000.0,73.88,0.52,2.46,18000.0,7.72,18000.0,3.01,360.69,0.31,0.45,5.88,2.49,9.02,18000.0,9.37,398.67,3.88,0.31,0.3
instance_781,18000.0,18000.0,18000.0,18000.0,18000.0,4.19,5.15,18000.0,0.18,103.71,4.29,18000.0,18000.0,18000.0,1.18,18000.0,18000.0,576.27,18000.0,577.01,18000.0,18000.0,18000.0,18000.0
instance_327,18000.0,18000.0,18000.0,153.01,18000.0,18000.0,18000.0,18000.0,13.15,18000.0,18000.0,227.91,18000.0,18000.0,18000.0,18000.0,18000.0,18000.0,18000.0,18000.0,18000.0,310.06,18000.0,18000.0
instance_112,18000.0,18000.0,18000.0,18000.0,18000.0,18000.0,18000.0,18000.0,18000.0,18000.0,18000.0,18000.0,18000.0,18000.0,18000.0,18000.0,18000.0,18000.0,18000.0,18000.0,18000.0,18000.0,18000.0,18000.0
instance_190,18000.0,308.43,18000.0,18000.0,18000.0,18000.0,50.92,18000.0,18000.0,18000.0,63.83,18000.0,18000.0,18000.0,3.65,18000.0,18000.0,18000.0,18000.0,18000.0,18000.0,18000.0,18000.0,18000.0
instance_435,0.09,0.65,0.58,114.16,0.54,1.28,0.09,0.11,3.7,0.71,0.65,205.01,18000.0,18000.0,0.09,0.12,0.12,0.58,0.04,0.57,18000.0,0.82,18000.0,18000.0
instance_649,10.41,18000.0,26.3,18000.0,19.67,5.08,18000.0,28.17,51.65,77.71,5.39,18000.0,18000.0,18000.0,3.28,165.24,28.2,27.04,0.09,27.11,18000.0,67.57,18000.0,18000.0
instance_552,18000.0,18000.0,18000.0,18000.0,2.74,11.18,18000.0,2.81,18000.0,534.71,6.94,0.41,18000.0,18000.0,0.83,7.16,2.8,18000.0,18000.0,18000.0,18000.0,18000.0,18000.0,18000.0
instance_484,18000.0,146.01,18000.0,58.53,18000.0,18000.0,323.4,18000.0,15.14,18000.0,18000.0,18000.0,18000.0,18000.0,514.93,18000.0,18000.0,18000.0,18000.0,18000.0,18000.0,18000.0,18000.0,18000.0
instance_568,18000.0,18000.0,280.51,18000.0,18000.0,18000.0,18000.0,31.73,18000.0,86.01,18000.0,18000.0,18000.0,39.53,54.13,74.56,32.03,100.72,18000.0,102.22,18000.0,360.23,37.32,40.57
instance_43,0.07,0.67,0.65,18000.0,0.67,2.43,0.07,0.11,1.01,0.91,2.75,18000.0,18000.0,18000.0,0.07,0.12,0.12,0.64,0.12,0.65,18000.0,18000.0,18000.0,18000.0
instance_107,50.13,18000.0,137.41,18000.0,81.67,18000.0,79.07,33.55,18000.0,384.71,18000.0,30.72,18000.0,35.41,22.93,40.6,33.87,67.76,15.15,68.13,18000.0,100.41,34.9,35.62
instance_391,0.04,0.18,0.15,6.05,0.15,10.8,0.04,0.07,4.3,0.21,11.92,18000.0,0.8,1.54,0.04,0.09,0.09,0.15,18000.0,0.15,0.03,0.22,1.53,1.53
instance_218,18000.0,18000.0,18000.0,18000.0,18000.0,18000.0,18000.0,16.26,18000.0,18000.0,18000.0,18000.0,18000.0,18000.0,18000.0,18000.0,16.22,18000.0,18000.0,18000.0,18000.0,18000.0,18000.0,18000.0
instance_272,5.34,5.53,5.55,18000.0,5.5,0.69,5.54,38.51,8.71,5.52,0.71,18000.0,133.35,24.25,5.31,37.61,37.61,5.41,0.03,5.43,133.73,6.19,24.15,24.02
instance_476,18000.0,18000.0,18000.0,18000.0,18000.0,18000.0,18000.0,18000.0,18000.0,18000.0,18000.0,18000.0,18000.0,18000.0,18000.0,18000.0,18000.0,18000.0,18000.0,18000.0,18000.0,18000.0,18000.0,18000.0
instance_393,59.75,18000.0,82.04,18000.0,137.64,9.85,18000.0,18000.0,284.32,18000.0,11.07,18000.0,18000.0,18000.0,15.34,18000.0,18000.0,104.53,0.26,104.77,18000.0,18000.0,18000.0,18000.0
instance_129,18000.0,18000.0,18000.0,18000.0,18000.0,18000.0,18000.0,18000.0,18000.0,18000.0,18000.0,18000.0,18000.0,18000.0,18000.0,18000.0,18000.0,18000.0,18000.0,18000.0,18000.0,18000.0,18000.0,18000.0
instance_324,18000.0,18000.0,18000.0,18000.0,18000.0,18000.0,18000.0,18000.0,18000.0,514.83,18000.0,18000.0,18000.0,18000.0,18000.0,18000.0,18000.0,18000.0,18000.0,18000.0,18000.0,204.72,18000.0,18000.0
instance_495,10.58,18000.0,3.48,18000.0,3.36,18000.0,18000.0,2.58,25.18,5.21,18000.0,18000.0,18000.0,18000.0,3.71,3.12,2.56,3.32,11.49,3.37,18000.0,18000.0,18000.0,18000.0
instance_751,0.44,18000.0,2.09,18000.0,2.25,36.77,0.45,1.05,0.46,0.21,37.07,2.61,1.9,1.94,0.45,1.06,1.05,2.0,1.83,2.03,0.41,0.19,2.01,1.94
instance_493,497.01,18000.0,66.74,18000.0,61.79,8.9,18000.0,18000.0,18000.0,18000.0,7.59,18000.0,18000.0,18000.0,18000.0,18000.0,18000.0,66.39,0.71,66.51,18000.0,18000.0,18000.0,18000.0
instance_525,0.01,0.11,0.08,4.4,0.08,0.18,0.01,0.03,0.17,0.11,0.19,0.31,0.07,0.07,0.01,0.05,0.04,0.08,0.02,0.08,0.06,0.1,0.06,0.05
instance_229,3.39,131.66,33.11,362.25,31.45,18000.0,3.79,3.3,8.06,13.81,18000.0,8.01,18000.0,29.43,3.4,3.29,3.27,30.83,0.82,30.73,18000.0,13.73,65.56,63.71
instance_86,18000.0,18000.0,18000.0,18000.0,18000.0,18000.0,18000.0,18000.0,18000.0,18000.0,18000.0,18000.0,18000.0,18000.0,544.76,18000.0,18000.0,18000.0,18000.0,18000.0,18000.0,18000.0,18000.0,18000.0
instance_316,0.2,1.52,1.49,18000.0,1.49,3.34,0.2,0.14,1.68,1.31,3.68,18000.0,18000.0,18000.0,0.2,0.16,0.16,1.46,0.12,1.48,18000.0,18000.0,18000.0,18000.0
instance_464,0.05,18000.0,0.38,18000.0,0.37,1.04,0.04,0.07,0.56,0.51,1.41,18000.0,34.56,18000.0,0.04,0.08,0.08,0.36,0.08,0.36,34.08,18000.0,18000.0,18000.0
instance_270,18000.0,18000.0,18000.0,18000.0,18000.0,18000.0,18000.0,18000.0,18000.0,80.23,18000.0,44.81,18000.0,18000.0,18000.0,18000.0,18000.0,18000.0,18000.0,18000.0,18000.0,62.56,18000.0,18000.0
instance_65,0.05,0.33,0.31,134.47,0.31,46.69,0.05,0.1,3.59,0.41,447.23,3.11,18000.0,7.27,0.05,0.11,0.11,0.3,3.68,0.3,18000.0,3.03,7.4,5.03
instance_365,18000.0,18000.0,140.72,67.68,1.39,26.82,18000.0,1.3,18000.0,2.22,44.57,0.21,18000.0,4.65,0.42,3.2,1.31,34.08,18000.0,34.49,18000.0,10.95,3.95,3.99
instance_554,0.01,2.38,0.08,9.83,0.08,0.49,0.01,0.08,0.45,0.31,0.76,0.11,0.81,0.06,0.01,0.14,0.09,0.1,0.04,0.1,0.78,0.26,0.06,0.06
instance_137,18000.0,18000.0,18000.0,18000.0,18000.0,18000.0,18000.0,18000.0,18000.0,18000.0,18000.0,18000.0,18000.0,18000.0,18000.0,18000.0,18000.0,18000.0,18000.0,61.8,18000.0,18000.0,18000.0,18000.0
instance_622,0.14,18000.0,5.2,5.86,5.19,9.67,0.14,0.14,1.61,0.07,9.89,0.41,0.7,0.23,0.14,0.16,0.16,5.18,0.34,5.21,0.56,0.02,0.23,0.23
instance_807,0.01,18000.0,0.04,0.34,0.04,0.07,0.01,0.02,0.0,0.07,0.07,0.02,0.01,0.0,0.01,0.03,0.04,0.03,0.01,0.04,0.01,0.01,0.0,0.0
instance_521,0.02,0.15,0.12,5.62,0.13,0.25,0.02,0.04,0.21,0.21,0.28,0.71,0.22,0.17,0.01,0.05,0.05,0.12,0.02,0.13,0.21,0.11,0.21,0.18
instance_809,18000.0,18000.0,18000.0,18000.0,18000.0,18000.0,18000.0,18000.0,18000.0,18000.0,18000.0,18000.0,18000.0,18000.0,18000.0,18000.0,18000.0,18000.0,18000.0,18000.0,18000.0,18000.0,18000.0,18000.0
instance_87,18000.0,18000.0,18000.0,18000.0,18000.0,18000.0,18000.0,18000.0,19.5,18000.0,199.69,18000.0,18000.0,18000.0,18000.0,18000.0,18000.0,18000.0,18000.0,41.74,18000.0,18000.0,18000.0,18000.0
instance_326,0.01,0.09,0.06,14.49,0.06,0.13,0.01,0.02,0.06,0.11,0.21,0.31,1.57,0.04,0.01,0.04,0.04,0.05,0.01,0.06,1.56,0.09,0.04,0.04
instance_762,18000.0,18000.0,18000.0,18000.0,18000.0,18000.0,18000.0,18000.0,18000.0,18000.0,18000.0,18000.0,18000.0,18000.0,18000.0,18000.0,18000.0,18000.0,18000.0,18000.0,18000.0,18000.0,18000.0,18000.0
instance_322,0.06,18000.0,0.28,5.57,0.27,8.09,0.05,0.12,0.19,0.05,8.18,0.21,0.24,0.3,0.05,0.13,0.13,0.26,0.39,0.27,0.03,0.02,0.3,0.3
instance_711,0.0,18000.0,0.0,0.07,0.0,0.06,0.0,0.02,0.0,0.02,0.07,0.02,0.0,0.0,0.0,0.04,0.03,0.0,0.04,0.01,0.0,0.0,0.0,0.0
instance_442,6.4,18000.0,3.71,18000.0,66.94,5.07,304.69,0.64,18000.0,3.61,36.81,6.41,78.45,8.47,2.42,1.28,0.66,2.04,0.28,2.64,77.31,1.71,8.33,8.33
instance_511,0.05,0.33,0.31,18000.0,0.3,0.53,0.05,0.06,0.42,0.41,0.79,18000.0,18000.0,18000.0,0.04,0.07,0.07,0.29,0.04,0.31,18000.0,260.53,18000.0,18000.0
instance_421,18000.0,18000.0,18000.0,18000.0,18000.0,18000.0,18000.0,18000.0,18000.0,18000.0,18000.0,18000.0,18000.0,18000.0,18000.0,18000.0,18000.0,18000.0,18000.0,18000.0,18000.0,18000.0,18000.0,18000.0
instance_636,0.04,18000.0,0.31,18000.0,0.32,0.73,0.04,0.07,0.41,0.41,0.9,0.07,18000.0,0.04,0.04,0.08,0.08,0.31,0.06,0.32,18000.0,0.17,0.04,0.04
instance_573,0.68,0.04,0.01,0.86,0.01,0.1,0.03,0.1,0.01,0.21,0.12,0.02,0.21,0.01,0.02,0.2,0.11,0.01,0.04,0.02,0.2,0.08,0.01,0.01
instance_350,84.91,18000.0,125.62,18000.0,140.55,44.47,18000.0,18000.0,18000.0,18000.0,67.84,18000.0,18000.0,18000.0,446.28,18000.0,18000.0,92.59,0.22,93.45,18000.0,18000.0,18000.0,18000.0
instance_145,0.12,18000.0,0.54,43.32,0.55,16.17,0.12,0.31,0.22,0.11,16.2,0.71,0.36,0.39,0.12,0.32,0.32,0.51,0.38,0.52,0.13,0.06,0.39,0.39
instance_139,18000.0,18000.0,18000.0,18000.0,18000.0,18000.0,18000.0,18000.0,18000.0,18000.0,18000.0,18000.0,18000.0,18000.0,18000.0,18000.0,18000.0,18000.0,18000.0,52.04,18000.0,18000.0,18000.0,18000.0
instance_303,18000.0,18000.0,18000.0,18000.0,18000.0,4.39,18000.0,18000.0,34.65,18000.0,38.21,18000.0,18000.0,160.64,87.61,18000.0,18000.0,395.23,4.52,369.05,18000.0,348.98,71.64,110.4
instance_436,18000.0,18000.0,18000.0,18000.0,18000.0,18000.0,1.56,18000.0,7.69,18000.0,8.34,18.21,18000.0,18000.0,1.48,18000.0,18000.0,18000.0,4.74,18000.0,18000.0,294.61,18000.0,105.68
instance_260,0.0,18000.0,0.01,0.17,0.01,0.11,0.0,0.02,0.0,0.02,0.12,0.81,18000.0,0.03,0.0,0.03,0.03,0.01,18000.0,0.01,18000.0,0.0,0.03,0.03
instance_648,18000.0,18000.0,18000.0,18000.0,18000.0,18000.0,18000.0,18000.0,18000.0,18000.0,18000.0,18000.0,18000.0,18000.0,18000.0,18000.0,18000.0,18000.0,18000.0,18000.0,18000.0,18000.0,18000.0,18000.0
instance_795,13.63,18000.0,8.48,18000.0,17.0,18000.0,18000.0,18000.0,18000.0,18000.0,18000.0,18000.0,18000.0,18000.0,18000.0,18000.0,18000.0,2.17,184.35,2.55,18000.0,18000.0,18000.0,18000.0
instance_308,493.92,18000.0,18000.0,18000.0,18000.0,18000.0,18000.0,18000.0,16.67,3.61,18000.0,298.31,18000.0,2.67,104.88,18000.0,18000.0,18000.0,0.04,121.8,18000.0,548.5,1.01,1.02
instance_546,18000.0,18000.0,380.48,18000.0,18000.0,339.14,18000.0,27.85,18000.0,50.62,18000.0,16.81,18000.0,78.61,70.6,38.59,28.01,66.42,18000.0,67.42,18000.0,36.28,85.52,89.1
instance_647,18000.0,18000.0,9.7,18000.0,9.85,18000.0,18000.0,8.94,18000.0,59.31,18000.0,18000.0,18000.0,18000.0,18000.0,18000.0,8.97,9.7,18000.0,9.7,18000.0,18000.0,18000.0,18000.0
instance_454,0.05,0.39,0.38,18000.0,0.36,0.62,0.05,0.06,0.5,0.41,0.89,18000.0,18000.0,18000.0,0.05,0.08,0.07,0.35,0.04,0.36,18000.0,18000.0,18000.0,18000.0
instance_785,4.95,18000.0,6.28,18000.0,5.7,1.53,18000.0,53.82,49.88,4.61,1.56,18000.0,215.62,3.18,2.25,138.78,54.31,7.0,0.03,7.04,175.86,5.44,3.19,3.18
instance_639,0.01,0.14,0.11,1.8,0.11,5.01,0.01,0.05,0.01,0.11,20.78,51.82,0.04,0.03,0.01,0.06,0.06,0.12,0.04,0.17,0.09,0.06,0.03,0.03
instance_698,0.05,0.35,0.3,118.25,0.3,0.61,0.05,0.07,2.11,0.51,17.24,0.11,18000.0,0.09,0.05,0.08,0.08,0.32,0.04,0.32,18000.0,0.22,0.08,0.09
instance_812,18000.0,18000.0,18000.0,18000.0,18000.0,18000.0,18000.0,18000.0,13.28,18000.0,18000.0,18000.0,18000.0,536.14,18000.0,18000.0,18000.0,18000.0,0.21,18000.0,18000.0,18000.0,333.17,18000.0
instance_104,18000.0,18000.0,18000.0,18000.0,18000.0,18000.0,18000.0,18000.0,18000.0,18000.0,18000.0,18000.0,18000.0,18000.0,18000.0,18000.0,18000.0,18000.0,18000.0,18000.0,18000.0,18000.0,18000.0,18000.0
instance_245,18000.0,18000.0,18000.0,18000.0,18000.0,18000.0,18000.0,18000.0,18000.0,18000.0,18000.0,18000.0,18000.0,18000.0,18000.0,18000.0,18000.0,18000.0,18000.0,18000.0,18000.0,18000.0,18000.0,18000.0
instance_797,18000.0,18000.0,18000.0,18000.0,18000.0,10.12,18000.0,18000.0,18000.0,18000.0,14.15,18000.0,18000.0,18000.0,18000.0,18000.0,18000.0,18000.0,18000.0,18000.0,18000.0,18000.0,18000.0,18000.0
instance_325,9.62,17.8,6.54,21.4,5.75,2.17,0.87,0.71,0.25,1.81,2.25,0.21,18000.0,0.35,0.59,0.72,0.72,5.37,3.83,5.36,18000.0,1.72,0.35,0.35
instance_465,18000.0,18000.0,18000.0,18000.0,18000.0,2.92,18000.0,18000.0,18000.0,18000.0,3.04,18000.0,18000.0,18000.0,18000.0,18000.0,18000.0,18000.0,18000.0,18000.0,18000.0,18000.0,18000.0,18000.0
instance_369,18000.0,88.4,18000.0,232.66,18000.0,18000.0,31.53,18000.0,12.15,18000.0,69.77,18000.0,18000.0,18000.0,7.4,18000.0,18000.0,18000.0,0.85,18000.0,18000.0,18000.0,18000.0,18000.0
instance_640,0.03,7.53,0.19,2.43,0.19,0.18,0.03,0.13,0.02,0.31,0.18,0.02,18000.0,3.57,0.02,0.25,0.15,0.23,0.11,0.24,271.57,0.18,11.07,7.28
instance_134,0.02,0.16,0.14,7.74,0.13,0.25,0.02,0.04,0.25,0.21,8.47,0.21,5.03,0.08,0.02,0.05,0.05,0.14,0.02,0.15,5.04,0.1,0.07,0.06
instance_518,0.66,83.07,6.18,122.78,8.2,3.65,0.57,2.29,9.22,4.32,3.86,0.11,4.26,28.14,0.56,3.82,2.31,4.84,0.24,5.22,4.38,1.08,0.86,2.22
instance_534,18000.0,18000.0,18000.0,18000.0,18000.0,18000.0,18000.0,18000.0,18000.0,18000.0,18000.0,18000.0,18000.0,18000.0,18000.0,18000.0,18000.0,18000.0,18000.0,64.2,18000.0,18000.0,18000.0,18000.0
instance_771,3.97,18000.0,152.82,18000.0,18000.0,2.02,18000.0,18000.0,52.57,6.81,1.79,4.21,18000.0,0.29,128.73,18000.0,18000.0,18000.0,18000.0,18000.0,18000.0,18000.0,0.28,0.29
instance_817,0.02,18000.0,0.14,4.3,0.15,0.2,0.02,0.05,0.02,0.21,0.19,0.21,3.73,0.03,0.02,0.06,0.06,0.14,0.02,0.14,3.74,0.1,0.03,0.03
instance_113,0.35,18000.0,0.4,77.22,0.4,0.09,0.35,1.21,0.01,2.31,0.09,1.12,0.15,0.02,0.35,1.26,1.24,0.39,0.0,0.39,0.15,0.07,0.02,0.02
instance_652,0.55,81.57,5.25,18000.0,6.37,6.58,0.49,1.88,7.34,4.42,116.45,0.21,3.88,18000.0,0.49,3.43,1.9,4.71,18000.0,4.89,4.26,1.47,18000.0,18000.0
instance_20,0.01,0.06,0.03,0.24,0.03,0.07,0.01,0.02,0.0,0.08,0.07,0.02,0.01,0.0,0.0,0.04,0.04,0.03,0.0,0.03,0.0,0.01,0.0,0.0
instance_309,18000.0,171.93,18000.0,400.06,18000.0,18000.0,12.59,18000.0,5.0,249.72,7.16,18000.0,18000.0,18000.0,1.43,18000.0,18000.0,18000.0,0.41,49.9,18000.0,18000.0,18000.0,18000.0
instance_394,123.95,18000.0,212.25,18000.0,18000.0,34.88,18000.0,18000.0,18000.0,18000.0,69.3,18000.0,18000.0,18000.0,193.63,18000.0,18000.0,18000.0,0.13,18000.0,18000.0,18000.0,18000.0,18000.0
instance_174,18000.0,18000.0,18000.0,18000.0,18000.0,18000.0,18000.0,18000.0,11.74,18000.0,18000.0,18000.0,18000.0,18000.0,18000.0,18000.0,18000.0,18000.0,18000.0,18000.0,18000.0,18000.0,18000.0,18000.0
instance_49,0.01,0.08,0.05,0.67,0.05,1.67,0.0,0.03,0.0,0.11,1.9,2.71,0.02,0.02,0.0,0.04,0.04,0.05,0.02,0.09,0.03,0.03,0.02,0.02
instance_674,18000.0,18000.0,18000.0,18000.0,18000.0,18000.0,18000.0,18000.0,18000.0,18000.0,18000.0,18000.0,18000.0,18000.0,18000.0,18000.0,18000.0,18000.0,18000.0,18000.0,18000.0,18000.0,18000.0,18000.0
instance_779,18000.0,18000.0,18000.0,18000.0,18000.0,18000.0,18000.0,18000.0,18000.0,24.61,18000.0,38.31,18000.0,18000.0,1.21,28.39,18000.0,18000.0,18000.0,18000.0,18000.0,41.87,18000.0,18000.0
instance_604,1.25,18000.0,18000.0,74.13,18000.0,18000.0,1.26,1.09,89.31,0.21,18000.0,6.71,83.58,8.81,1.25,1.1,1.09,18000.0,9.86,18000.0,88.53,0.17,8.75,8.8
instance_551,568.54,18000.0,18000.0,18000.0,18000.0,36.58,18000.0,18000.0,18000.0,18000.0,101.06,18000.0,18000.0,18000.0,232.24,18000.0,18000.0,255.01,0.15,486.75,18000.0,18000.0,18000.0,18000.0
instance_715,0.0,18000.0,0.04,1.24,0.03,0.12,0.0,0.02,0.04,0.09,0.14,0.02,0.05,0.01,0.0,0.03,0.04,0.03,0.01,0.04,0.04,0.06,0.01,0.01
instance_68,18000.0,18000.0,18000.0,18000.0,18000.0,18000.0,18000.0,18000.0,18000.0,18000.0,18000.0,18000.0,18000.0,18000.0,18000.0,18000.0,18000.0,18000.0,18000.0,18000.0,18000.0,18000.0,18000.0,18000.0
instance_494,0.07,3.39,0.39,3.59,0.37,0.26,0.07,0.2,0.14,0.51,0.27,0.12,0.62,0.04,0.06,0.39,0.22,0.45,0.02,31.32,0.61,0.18,0.04,0.04
instance_802,0.55,110.47,2.12,18000.0,2.47,0.96,25.36,0.66,4.85,18000.0,0.94,0.08,18000.0,0.17,0.29,1.45,0.67,2.41,1.32,2.57,18000.0,0.89,0.18,0.17
instance_90,0.02,18000.0,0.2,40.22,0.2,0.43,0.02,0.05,0.49,0.31,0.37,9.11,18000.0,3.35,0.02,0.06,0.06,0.18,0.03,0.19,18000.0,0.19,4.22,3.56
instance_375,0.19,0.75,0.71,18000.0,0.68,0.46,0.19,0.42,1.9,0.81,1.26,0.11,9.52,1.36,0.19,0.43,0.43,0.68,11.65,0.68,11.02,0.41,1.34,0.8
instance_825,18000.0,18000.0,18000.0,18000.0,18000.0,18000.0,18000.0,18000.0,1.3,18000.0,18000.0,18000.0,18000.0,18000.0,18000.0,18000.0,18000.0,18000.0,18000.0,18000.0,18000.0,18000.0,18000.0,18000.0
instance_138,18000.0,18000.0,18000.0,18000.0,18000.0,18000.0,18000.0,18000.0,18000.0,18000.0,18000.0,18000.0,18000.0,18000.0,281.05,18000.0,18000.0,18000.0,18000.0,18000.0,18000.0,18000.0,18000.0,18000.0
instance_462,0.05,18000.0,0.59,0.82,0.63,1.03,0.05,0.08,0.03,0.02,1.04,0.11,1.34,0.1,0.05,0.09,0.09,0.59,0.06,0.59,1.71,0.01,0.11,0.1
instance_780,0.0,18000.0,0.0,0.08,0.0,0.07,0.0,0.03,0.0,0.02,0.07,0.02,0.0,0.0,0.0,0.03,0.03,0.0,0.05,0.01,0.0,0.0,0.0,0.0
instance_731,559.21,100.26,24.57,134.49,13.88,4.29,14.14,2.81,3.91,14.81,4.49,8.31,18000.0,1.59,1.39,5.31,2.82,14.64,22.16,16.68,18000.0,14.32,1.58,1.62
instance_584,0.06,0.31,0.29,155.42,0.29,1.1,0.06,0.1,4.07,0.61,49.74,0.81,18000.0,0.15,0.06,0.12,0.11,0.28,0.06,0.29,18000.0,0.38,0.14,0.14
instance_705,18000.0,18000.0,18000.0,18000.0,18000.0,18000.0,18000.0,18000.0,18000.0,18000.0,18000.0,18000.0,18000.0,18000.0,18000.0,18000.0,18000.0,18000.0,18000.0,18000.0,18000.0,18000.0,18000.0,18000.0
instance_319,18000.0,18000.0,18000.0,18000.0,18000.0,18000.0,18000.0,18000.0,18000.0,18000.0,18000.0,18000.0,18000.0,18000.0,18000.0,18000.0,18000.0,18000.0,18000.0,18000.0,18000.0,18000.0,18000.0,18000.0
instance_27,0.02,18000.0,0.15,20.59,0.15,0.36,0.02,0.04,0.19,0.21,0.45,46.71,12.21,18000.0,0.02,0.05,0.05,0.14,0.04,0.15,12.13,1.06,18000.0,18000.0
instance_539,14.48,18000.0,2.71,20.8,0.73,4.12,4.99,0.61,18000.0,1.12,8.77,0.11,29.4,1.24,0.22,1.19,0.63,1.88,18000.0,2.0,29.57,1.17,1.35,1.27
instance_730,0.01,0.71,0.03,0.34,0.03,0.11,0.01,0.07,0.0,0.12,0.12,0.12,0.18,0.11,0.01,0.14,0.08,0.03,0.01,0.04,0.18,0.03,0.01,0.01
instance_699,0.82,18000.0,8.23,18000.0,8.12,18000.0,0.82,0.82,120.92,30.82,18000.0,18000.0,54.84,0.82,0.82,0.83,0.84,8.13,10.78,8.21,55.2,18000.0,0.77,0.76
instance_625,0.01,18000.0,0.05,2.56,0.05,0.14,0.01,0.03,0.06,0.07,0.16,0.09,0.18,0.02,0.0,0.04,0.04,0.04,0.01,0.05,0.17,0.07,0.02,0.02
instance_499,359.46,18000.0,138.83,18000.0,75.86,18000.0,18000.0,27.51,0.03,4.32,18000.0,51.31,114.74,3.7,553.51,27.54,27.49,6.15,18000.0,6.27,115.35,35.8,70.45,3.37
instance_76,0.01,18000.0,0.09,10.15,0.09,0.23,0.01,0.03,0.11,0.21,0.24,0.41,1.29,0.98,0.01,0.04,0.05,0.09,0.02,0.09,1.27,0.1,0.46,0.51
instance_505,0.0,18000.0,0.0,0.07,0.0,0.07,0.0,0.02,0.0,0.02,0.07,0.02,0.01,0.0,0.0,0.03,0.03,0.0,0.04,0.01,0.0,0.0,0.0,0.0
instance_657,0.18,39.69,0.55,19.4,0.46,0.31,0.09,0.18,0.22,0.61,0.31,0.07,2.91,0.09,0.06,0.3,0.19,0.38,4.39,0.57,2.89,0.24,0.09,0.09
instance_430,18000.0,18000.0,18000.0,18000.0,18000.0,18000.0,18000.0,18000.0,18000.0,18000.0,18000.0,18000.0,18000.0,18000.0,18000.0,18000.0,18000.0,18000.0,18000.0,18000.0,18000.0,18000.0,18000.0,18000.0
instance_596,0.46,18000.0,1.05,18000.0,1.08,18000.0,0.45,0.81,3.58,1.81,18000.0,18000.0,16.93,33.34,0.45,0.83,0.82,1.05,18000.0,1.04,16.95,18000.0,6.75,2.72
instance_823,0.0,0.08,0.04,2.22,0.04,0.12,0.0,0.02,0.04,0.11,0.19,0.07,0.54,0.02,0.0,0.03,0.04,0.04,0.01,0.05,0.54,0.05,0.02,0.02
instance_1,0.14,18000.0,0.42,18000.0,0.39,0.29,0.12,0.21,24.28,0.41,0.31,0.05,8.11,0.06,0.06,0.37,0.22,0.38,0.05,0.45,8.1,0.08,0.05,0.05
instance_615,0.01,0.07,0.04,1.98,0.05,0.15,0.0,0.02,0.07,0.07,0.16,0.11,0.04,0.03,0.0,0.04,0.04,0.04,0.02,0.05,0.03,0.07,0.03,0.03
instance_355,0.0,18000.0,0.02,0.23,0.01,0.14,0.0,0.02,0.0,0.02,0.14,0.21,18000.0,0.05,0.0,0.03,0.03,0.01,18000.0,0.02,18000.0,0.0,0.05,0.05
instance_673,0.25,18000.0,0.59,18000.0,0.58,0.23,0.25,0.32,0.18,0.21,0.24,0.09,18000.0,0.09,0.25,0.33,0.33,0.56,0.02,0.57,18000.0,0.15,0.09,0.09
instance_214,0.04,18000.0,0.2,16.2,0.2,7.78,0.04,0.12,0.04,0.12,7.91,0.21,0.12,0.12,0.04,0.13,0.14,0.2,0.47,0.19,0.05,0.02,0.12,0.12
instance_506,20.73,18000.0,135.12,18000.0,18000.0,18000.0,18000.0,464.92,19.48,18000.0,18000.0,18000.0,18000.0,18000.0,127.75,473.82,463.75,18000.0,18000.0,14.88,18000.0,18000.0,18000.0,18000.0
instance_305,0.1,18000.0,0.51,1.76,0.5,0.83,0.1,0.14,0.02,0.31,0.78,0.61,18000.0,0.04,0.1,0.15,0.15,0.5,0.02,0.5,18000.0,0.1,0.05,0.04
instance_749,18000.0,18000.0,18000.0,18000.0,18000.0,18000.0,18000.0,18000.0,18000.0,18000.0,18000.0,18000.0,18000.0,18000.0,18000.0,18000.0,18000.0,18000.0,18000.0,18000.0,18000.0,18000.0,18000.0,18000.0
instance_726,0.22,18000.0,1.46,196.67,1.45,232.26,0.22,0.27,6.76,1.81,18000.0,18000.0,18000.0,18000.0,0.22,0.28,0.28,1.48,0.37,1.44,18000.0,18000.0,18000.0,18000.0
instance_624,117.24,18000.0,18000.0,18000.0,18000.0,17.51,18000.0,18000.0,18000.0,203.71,19.19,18000.0,18000.0,18000.0,18.62,18000.0,18000.0,18000.0,0.31,18000.0,18000.0,502.57,18000.0,18000.0
instance_180,0.03,7.93,0.23,18000.0,0.22,0.51,0.03,0.14,0.03,0.31,0.58,0.1,0.14,0.05,0.02,0.29,0.15,0.89,0.03,0.91,0.13,0.05,0.02,0.02
instance_348,0.03,18000.0,0.15,109.68,0.14,0.38,0.03,0.05,0.78,0.41,0.39,0.07,1.52,0.16,0.03,0.06,0.07,0.14,0.02,0.15,1.13,0.36,0.16,0.16
instance_725,18000.0,18000.0,18000.0,18000.0,8.22,18000.0,18000.0,19.39,18000.0,40.81,18000.0,18000.0,18000.0,18000.0,18000.0,46.6,19.39,18000.0,18000.0,18000.0,18000.0,216.14,18000.0,18000.0
instance_290,18000.0,18000.0,18000.0,18000.0,11.71,18000.0,18000.0,5.54,21.26,1.51,18000.0,23.02,26.85,18000.0,18000.0,7.91,6.03,19.66,18000.0,41.63,27.08,22.99,18000.0,18000.0
instance_304,469.13,18000.0,18000.0,18000.0,18000.0,40.33,18000.0,18000.0,18000.0,18000.0,42.29,18000.0,18000.0,18000.0,168.59,18000.0,18000.0,453.27,0.56,453.52,18000.0,18000.0,18000.0,18000.0
instance_58,0.01,0.08,0.05,4.59,0.05,0.13,0.01,0.02,0.06,0.11,0.16,0.1,1.62,0.01,0.0,0.04,0.04,0.05,0.01,0.05,1.61,0.08,0.01,0.01
instance_69,18000.0,18000.0,18000.0,18000.0,18000.0,18000.0,31.81,18000.0,18000.0,221.41,93.34,18000.0,18000.0,18000.0,18000.0,18000.0,18000.0,133.85,18000.0,135.59,18000.0,102.16,18000.0,18000.0
instance_641,18000.0,18000.0,18000.0,18000.0,18000.0,18000.0,18000.0,18000.0,4.39,18000.0,18000.0,18000.0,18000.0,18000.0,18000.0,18000.0,18000.0,18000.0,18000.0,18000.0,18000.0,18000.0,18000.0,18000.0
instance_17,18000.0,18000.0,18000.0,18000.0,18000.0,75.1,18000.0,18000.0,18000.0,18000.0,83.06,18000.0,18000.0,18000.0,18000.0,18000.0,18000.0,18000.0,1.43,18000.0,18000.0,18000.0,18000.0,18000.0
instance_774,26.35,18000.0,54.26,18000.0,47.4,5.82,18000.0,66.44,18000.0,28.71,6.67,18000.0,18000.0,18000.0,4.37,142.86,66.36,38.54,0.08,38.46,18000.0,18000.0,18000.0,18000.0
instance_330,38.86,18000.0,18000.0,18000.0,18000.0,2.56,18000.0,18000.0,96.9,3.51,104.86,0.41,18000.0,0.27,18000.0,18000.0,18000.0,18000.0,18000.0,18000.0,18000.0,18000.0,0.27,0.27
instance_77,0.03,18000.0,0.23,18000.0,0.24,0.61,0.03,0.05,0.36,0.31,0.87,18000.0,12.04,18000.0,0.03,0.06,0.06,0.22,0.05,0.24,11.77,18000.0,18000.0,18000.0
instance_756,0.0,18000.0,0.0,0.04,0.01,0.06,0.0,0.02,0.0,0.02,0.06,0.02,0.0,0.0,0.0,0.03,0.03,0.0,0.01,0.0,0.0,0.0,0.0,0.0
instance_34,0.05,18000.0,0.47,18000.0,0.46,1.55,0.05,0.08,0.7,0.61,1.87,18000.0,60.15,18000.0,0.05,0.09,0.09,0.44,0.09,0.44,59.61,18000.0,18000.0,18000.0
instance_345,18000.0,18000.0,18000.0,18000.0,6.06,18000.0,18000.0,14.04,18000.0,32.92,18000.0,168.01,18000.0,18000.0,18000.0,18000.0,14.11,18000.0,18000.0,18000.0,18000.0,87.79,18000.0,18000.0
instance_19,0.03,18000.0,0.26,11.34,0.26,0.33,0.03,0.05,0.05,0.41,3.12,0.71,18000.0,0.07,0.03,0.06,0.06,0.25,0.04,0.25,18000.0,0.22,0.07,0.07
instance_479,4.32,5.8,6.25,22.82,1.04,1.47,0.1,0.34,18000.0,0.91,0.44,0.31,18000.0,0.06,0.08,0.36,0.36,0.5,508.17,0.5,18000.0,0.39,0.07,0.07
instance_144,0.53,1.41,1.41,18000.0,1.41,9.56,0.53,0.84,33.81,2.71,148.66,5.52,18000.0,0.71,0.54,0.85,0.85,1.36,0.29,1.36,18000.0,2.39,0.68,0.69
instance_173,229.71,18000.0,18000.0,18000.0,35.59,0.46,18000.0,18000.0,0.4,2.11,310.45,0.21,6.58,0.08,64.26,18000.0,18000.0,2.95,18000.0,3.44,6.53,114.39,0.08,0.08
instance_155,0.47,18000.0,1.97,18000.0,1.97,62.19,0.47,1.11,1.2,0.31,61.66,2.41,2.31,2.56,0.47,1.15,1.13,1.88,1.43,1.92,0.47,0.21,2.56,2.57
instance_667,18000.0,18000.0,18000.0,18000.0,18000.0,18000.0,18000.0,18000.0,3.08,18000.0,18000.0,18000.0,18000.0,18000.0,18000.0,18000.0,18000.0,18000.0,18000.0,18000.0,18000.0,18000.0,18000.0,18000.0
instance_789,18000.0,18000.0,18000.0,18000.0,18000.0,18000.0,18000.0,18000.0,18000.0,18000.0,18000.0,18000.0,18000.0,18000.0,18000.0,18000.0,18000.0,18000.0,18000.0,18000.0,18000.0,18000.0,18000.0,18000.0
instance_502,65.74,18000.0,146.5,18000.0,97.45,12.88,18000.0,18000.0,132.35,486.51,13.81,18000.0,18000.0,18000.0,24.22,18000.0,18000.0,77.76,0.18,78.6,18000.0,18000.0,18000.0,18000.0
instance_623,0.0,0.05,0.02,0.93,0.02,0.11,0.0,0.02,0.03,0.04,0.12,0.11,0.03,0.01,0.0,0.04,0.03,0.02,0.01,0.03,0.02,0.04,0.01,0.01
instance_200,0.01,0.17,0.14,18000.0,0.14,18000.0,0.01,0.03,0.78,0.31,18000.0,0.02,0.1,0.06,0.01,0.05,0.04,0.14,18000.0,0.14,0.08,0.15,0.06,0.06
instance_562,64.69,18000.0,129.17,18000.0,18000.0,2.59,18000.0,6.83,18000.0,18000.0,2.43,0.31,18000.0,61.08,3.16,9.62,7.13,119.87,19.36,120.18,18000.0,5.87,236.09,18000.0
instance_680,18000.0,18000.0,564.52,18000.0,18000.0,18000.0,18000.0,94.3,18000.0,61.41,18000.0,10.11,18000.0,18000.0,150.55,171.79,94.56,18000.0,18000.0,18000.0,18000.0,61.63,18000.0,18000.0
instance_74,0.02,18000.0,0.17,18000.0,0.18,0.32,0.02,0.04,0.27,0.31,0.59,18000.0,18000.0,18000.0,0.02,0.05,0.05,0.17,0.03,0.17,18000.0,18000.0,18000.0,18000.0
