instance,nvarsOrig,nclausesOrig,nvars,nclauses,reducedVars,reducedClauses,Pre.featuretime,vars.clauses.ratio,POSNEG.RATIO.CLAUSE.mean,POSNEG.RATIO.CLAUSE.coeff.variation,POSNEG.RATIO.CLAUSE.min,POSNEG.RATIO.CLAUSE.max,POSNEG.RATIO.CLAUSE.entropy,VCG.CLAUSE.mean,VCG.CLAUSE.coeff.variation,VCG.CLAUSE.min,VCG.CLAUSE.max,VCG.CLAUSE.entropy,UNARY,BINARY.,TRINARY.,Basic.featuretime,VCG.VAR.mean,VCG.VAR.coeff.variation,VCG.VAR.min,VCG.VAR.max,VCG.VAR.entropy,POSNEG.RATIO.VAR.mean,POSNEG.RATIO.VAR.stdev,POSNEG.RATIO.VAR.min,POSNEG.RATIO.VAR.max,POSNEG.RATIO.VAR.entropy,HORNY.VAR.mean,HORNY.VAR.coeff.variation,HORNY.VAR.min,HORNY.VAR.max,HORNY.VAR.entropy,horn.clauses.fraction,VG.mean,VG.coeff.variation,VG.min,VG.max,KLB.featuretime,CG.mean,CG.coeff.variation,CG.min,CG.max,CG.entropy,cluster.coeff.mean,cluster.coeff.coeff.variation,cluster.coeff.min,cluster.coeff.max,cluster.coeff.entropy,CG.featuretime
aes-key-recovery/AES1-30-5.wcnf,21368.0,372734.0,0.0,0.0,-512.0,-512.0,273.58,-512.0,0.0,0.0,0.0,0.0,0.0,0.0,0.0,0.0,0.0,0.0,-512.0,-512.0,-512.0,0.0,0.0,0.0,0.0,0.0,0.0,0.0,0.0,0.0,0.0,0.0,0.0,0.0,0.0,0.0,0.0,-512.0,0.0,0.0,0.0,0.0,0.0,0.0,0.0,0.0,0.0,0.0,0.0,0.0,0.0,0.0,0.0,0.0
aes-key-recovery/AES1-40-6.wcnf,21368.0,372656.0,0.0,0.0,-512.0,-512.0,273.28,-512.0,0.0,0.0,0.0,0.0,0.0,0.0,0.0,0.0,0.0,0.0,-512.0,-512.0,-512.0,0.0,0.0,0.0,0.0,0.0,0.0,0.0,0.0,0.0,0.0,0.0,0.0,0.0,0.0,0.0,0.0,-512.0,0.0,0.0,0.0,0.0,0.0,0.0,0.0,0.0,0.0,0.0,0.0,0.0,0.0,0.0,0.0,0.0
aes-key-recovery/AES1-40-7.wcnf,21368.0,372659.0,0.0,0.0,-512.0,-512.0,273.22,-512.0,0.0,0.0,0.0,0.0,0.0,0.0,0.0,0.0,0.0,0.0,-512.0,-512.0,-512.0,0.01,0.0,0.0,0.0,0.0,0.0,0.0,0.0,0.0,0.0,0.0,0.0,0.0,0.0,0.0,0.0,-512.0,0.0,0.0,0.0,0.0,0.0,0.0,0.0,0.0,0.0,0.0,0.0,0.0,0.0,0.0,0.0,0.0
aes-key-recovery/AES1-60-17.wcnf,21368.0,372531.0,0.0,0.0,-512.0,-512.0,276.83,-512.0,0.0,0.0,0.0,0.0,0.0,0.0,0.0,0.0,0.0,0.0,-512.0,-512.0,-512.0,0.0,0.0,0.0,0.0,0.0,0.0,0.0,0.0,0.0,0.0,0.0,0.0,0.0,0.0,0.0,0.0,-512.0,0.0,0.0,0.0,0.0,0.0,0.0,0.0,0.0,0.0,0.0,0.0,0.0,0.0,0.0,0.0,0.0
aes-key-recovery/AES1-70-24.wcnf,21368.0,372458.0,0.0,0.0,-512.0,-512.0,280.37,-512.0,0.0,0.0,0.0,0.0,0.0,0.0,0.0,0.0,0.0,0.0,-512.0,-512.0,-512.0,0.0,0.0,0.0,0.0,0.0,0.0,0.0,0.0,0.0,0.0,0.0,0.0,0.0,0.0,0.0,0.0,-512.0,0.0,0.0,0.0,0.0,0.0,0.0,0.0,0.0,0.0,0.0,0.0,0.0,0.0,0.0,0.0,0.0
aes-key-recovery/AES1-76-37.wcnf,21368.0,372418.0,0.0,0.0,-512.0,-512.0,279.55,-512.0,0.0,0.0,0.0,0.0,0.0,0.0,0.0,0.0,0.0,0.0,-512.0,-512.0,-512.0,0.0,0.0,0.0,0.0,0.0,0.0,0.0,0.0,0.0,0.0,0.0,0.0,0.0,0.0,0.0,0.0,-512.0,0.0,0.0,0.0,0.0,0.0,0.0,0.0,0.0,0.0,0.0,0.0,0.0,0.0,0.0,0.0,0.0
aes-key-recovery/AES2-50-52.wcnf,21368.0,372582.0,0.0,0.0,-512.0,-512.0,274.96,-512.0,0.0,0.0,0.0,0.0,0.0,0.0,0.0,0.0,0.0,0.0,-512.0,-512.0,-512.0,0.0,0.0,0.0,0.0,0.0,0.0,0.0,0.0,0.0,0.0,0.0,0.0,0.0,0.0,0.0,0.0,-512.0,0.0,0.0,0.0,0.0,0.0,0.0,0.0,0.0,0.0,0.0,0.0,0.0,0.0,0.0,0.0,0.0
aes-key-recovery/AES2-72-67.wcnf,21368.0,372421.0,0.0,0.0,-512.0,-512.0,281.48,-512.0,0.0,0.0,0.0,0.0,0.0,0.0,0.0,0.0,0.0,0.0,-512.0,-512.0,-512.0,0.0,0.0,0.0,0.0,0.0,0.0,0.0,0.0,0.0,0.0,0.0,0.0,0.0,0.0,0.0,0.0,-512.0,0.0,0.0,0.0,0.0,0.0,0.0,0.0,0.0,0.0,0.0,0.0,0.0,0.0,0.0,0.0,0.0
aes/mul_8_3.wcnf,,,,,,,,,,,,,,,,,,,,,,,,,,,,,,,,,,,,,,,,,,,,,,,,,,,,,,
aes/sbox_4.wcnf,147.0,387.0,0.0,0.0,-512.0,-512.0,0.0,-512.0,0.0,0.0,0.0,0.0,0.0,0.0,0.0,0.0,0.0,0.0,-512.0,-512.0,-512.0,0.0,0.0,0.0,0.0,0.0,0.0,0.0,0.0,0.0,0.0,0.0,0.0,0.0,0.0,0.0,0.0,-512.0,0.0,0.0,0.0,0.0,0.0,0.0,0.0,0.0,0.0,0.0,0.0,0.0,0.0,0.0,0.0,0.0
atcoss/atcoss_mesat_01.wcnf,321384.0,969761.0,302.0,301.0,1063.18543,3220.797342,1.62,1.003322,1.0,0.0,1.0,1.0,0.0,0.006623,0.0,0.006623,0.006623,0.0,0.0,1.0,1.0,0.0,0.006623,8.645856,0.003322,1.0,0.022214,1.0,0.0,1.0,1.0,0.0,0.0,0.0,0.0,0.0,0.0,0.0,0.006623,8.645856,0.003322,1.0,0.0,0.0,0.0,0.0,0.0,0.0,0.0,0.0,0.0,0.0,0.0,0.0
atcoss/atcoss_mesat_12.wcnf,334172.0,1078872.0,302.0,301.0,1105.529801,3583.292359,1.79,1.003322,1.0,0.0,1.0,1.0,0.0,0.006623,0.0,0.006623,0.006623,0.0,0.0,1.0,1.0,0.0,0.006623,8.645856,0.003322,1.0,0.022214,1.0,0.0,1.0,1.0,0.0,0.0,0.0,0.0,0.0,0.0,0.0,0.006623,8.645856,0.003322,1.0,0.02,0.0,0.0,0.0,0.0,0.0,0.0,0.0,0.0,0.0,0.0,0.0
atcoss/atcoss_sugar_01.wcnf,40854.0,372760.0,0.0,0.0,-512.0,-512.0,670.89,-512.0,0.0,0.0,0.0,0.0,0.0,0.0,0.0,0.0,0.0,0.0,-512.0,-512.0,-512.0,0.0,0.0,0.0,0.0,0.0,0.0,0.0,0.0,0.0,0.0,0.0,0.0,0.0,0.0,0.0,0.0,-512.0,0.0,0.0,0.0,0.0,0.0,0.0,0.0,0.0,0.0,0.0,0.0,0.0,0.0,0.0,0.0,0.0
atcoss/atcoss_sugar_12.wcnf,44774.0,413168.0,0.0,0.0,-512.0,-512.0,754.81,-512.0,0.0,0.0,0.0,0.0,0.0,0.0,0.0,0.0,0.0,0.0,-512.0,-512.0,-512.0,0.0,0.0,0.0,0.0,0.0,0.0,0.0,0.0,0.0,0.0,0.0,0.0,0.0,0.0,0.0,0.0,-512.0,0.0,0.0,0.0,0.0,0.0,0.0,0.0,0.0,0.0,0.0,0.0,0.0,0.0,0.0,0.0,0.0
bcp/c5315_F1@0.wcnf,554.0,1201.0,356.0,355.0,0.55618,2.383099,0.0,1.002817,0.0,0.0,0.0,0.0,0.0,0.005618,0.0,0.005618,0.005618,0.0,0.0,1.0,1.0,0.0,0.005618,9.394185,0.002817,1.0,0.019308,1.0,0.0,1.0,1.0,0.0,0.005618,9.394185,0.002817,1.0,0.019308,1.0,0.005618,9.394185,0.002817,1.0,0.0,0.0,0.0,0.0,0.0,0.0,0.0,0.0,0.0,0.0,0.0,0.0
bcp/normalized-f20c10b_005_area_delay.wcnf,17114.0,131856.0,0.0,0.0,-512.0,-512.0,97.75,-512.0,0.0,0.0,0.0,0.0,0.0,0.0,0.0,0.0,0.0,0.0,-512.0,-512.0,-512.0,0.0,0.0,0.0,0.0,0.0,0.0,0.0,0.0,0.0,0.0,0.0,0.0,0.0,0.0,0.0,0.0,-512.0,0.0,0.0,0.0,0.0,0.0,0.0,0.0,0.0,0.0,0.0,0.0,0.0,0.0,0.0,0.0,0.0
bcp/normalized-fir06_area_opers.wcnf,11085.0,28831.0,0.0,0.0,-512.0,-512.0,1.58,-512.0,0.0,0.0,0.0,0.0,0.0,0.0,0.0,0.0,0.0,0.0,-512.0,-512.0,-512.0,0.0,0.0,0.0,0.0,0.0,0.0,0.0,0.0,0.0,0.0,0.0,0.0,0.0,0.0,0.0,0.0,-512.0,0.0,0.0,0.0,0.0,0.0,0.0,0.0,0.0,0.0,0.0,0.0,0.0,0.0,0.0,0.0,0.0
bcp/normalized-fir09_area_opers.wcnf,25134.0,71696.0,0.0,0.0,-512.0,-512.0,9.36,-512.0,0.0,0.0,0.0,0.0,0.0,0.0,0.0,0.0,0.0,0.0,-512.0,-512.0,-512.0,0.0,0.0,0.0,0.0,0.0,0.0,0.0,0.0,0.0,0.0,0.0,0.0,0.0,0.0,0.0,0.0,-512.0,0.0,0.0,0.0,0.0,0.0,0.0,0.0,0.0,0.0,0.0,0.0,0.0,0.0,0.0,0.0,0.0
bcp/normalized-ii8a3.wcnf,528.0,2344.0,0.0,0.0,-512.0,-512.0,0.01,-512.0,0.0,0.0,0.0,0.0,0.0,0.0,0.0,0.0,0.0,0.0,-512.0,-512.0,-512.0,0.0,0.0,0.0,0.0,0.0,0.0,0.0,0.0,0.0,0.0,0.0,0.0,0.0,0.0,0.0,0.0,-512.0,0.0,0.0,0.0,0.0,0.0,0.0,0.0,0.0,0.0,0.0,0.0,0.0,0.0,0.0,0.0,0.0
bcp/normalized-m100_300_10_15.r.wcnf,294.0,361.0,0.0,0.0,-512.0,-512.0,0.01,-512.0,0.0,0.0,0.0,0.0,0.0,0.0,0.0,0.0,0.0,0.0,-512.0,-512.0,-512.0,0.0,0.0,0.0,0.0,0.0,0.0,0.0,0.0,0.0,0.0,0.0,0.0,0.0,0.0,0.0,0.0,-512.0,0.0,0.0,0.0,0.0,0.0,0.0,0.0,0.0,0.0,0.0,0.0,0.0,0.0,0.0,0.0,0.0
bcp/normalized-saucier.r.wcnf,6207.0,6322.0,0.0,0.0,-512.0,-512.0,23.78,-512.0,0.0,0.0,0.0,0.0,0.0,0.0,0.0,0.0,0.0,0.0,-512.0,-512.0,-512.0,0.0,0.0,0.0,0.0,0.0,0.0,0.0,0.0,0.0,0.0,0.0,0.0,0.0,0.0,0.0,0.0,-512.0,0.0,0.0,0.0,0.0,0.0,0.0,0.0,0.0,0.0,0.0,0.0,0.0,0.0,0.0,0.0,0.0
bcp/simp-ibd_50.04.wcnf,3065.0,51775.0,0.0,0.0,-512.0,-512.0,4.54,-512.0,0.0,0.0,0.0,0.0,0.0,0.0,0.0,0.0,0.0,0.0,-512.0,-512.0,-512.0,0.0,0.0,0.0,0.0,0.0,0.0,0.0,0.0,0.0,0.0,0.0,0.0,0.0,0.0,0.0,0.0,-512.0,0.0,0.0,0.0,0.0,0.0,0.0,0.0,0.0,0.0,0.0,0.0,0.0,0.0,0.0,0.0,0.0
biorepair/heatShock_WT_148_12.lp.sm-extracted.wcnf,,,,,,,,,,,,,,,,,,,,,,,,,,,,,,,,,,,,,,,,,,,,,,,,,,,,,,
biorepair/heatShock_WT_161_12.lp.sm-extracted.wcnf,,,,,,,,,,,,,,,,,,,,,,,,,,,,,,,,,,,,,,,,,,,,,,,,,,,,,,
biorepair/heatShock_WT_196_12.lp.sm-extracted.wcnf,,,,,,,,,,,,,,,,,,,,,,,,,,,,,,,,,,,,,,,,,,,,,,,,,,,,,,
biorepair/heatShock_WT_28_12.lp.sm-extracted.wcnf,,,,,,,,,,,,,,,,,,,,,,,,,,,,,,,,,,,,,,,,,,,,,,,,,,,,,,
biorepair/heatShock_WT_30_12.lp.sm-extracted.wcnf,,,,,,,,,,,,,,,,,,,,,,,,,,,,,,,,,,,,,,,,,,,,,,,,,,,,,,
biorepair/heatShock_WT_36_12.lp.sm-extracted.wcnf,,,,,,,,,,,,,,,,,,,,,,,,,,,,,,,,,,,,,,,,,,,,,,,,,,,,,,
biorepair/heatShock_WT_43_12.lp.sm-extracted.wcnf,,,,,,,,,,,,,,,,,,,,,,,,,,,,,,,,,,,,,,,,,,,,,,,,,,,,,,
biorepair/Stat_vs_Exp_151_12.lp.sm-extracted.wcnf,,,,,,,,,,,,,,,,,,,,,,,,,,,,,,,,,,,,,,,,,,,,,,,,,,,,,,
biorepair/Stat_vs_Exp_58_12.lp.sm-extracted.wcnf,,,,,,,,,,,,,,,,,,,,,,,,,,,,,,,,,,,,,,,,,,,,,,,,,,,,,,
causal-discovery/causal_n5_i7_N1000_uai13_harddeps_int.wcnf,61600.0,221790.0,0.0,0.0,-512.0,-512.0,250.0,-512.0,0.0,0.0,0.0,0.0,0.0,0.0,0.0,0.0,0.0,0.0,-512.0,-512.0,-512.0,0.0,0.0,0.0,0.0,0.0,0.0,0.0,0.0,0.0,0.0,0.0,0.0,0.0,0.0,0.0,0.0,-512.0,0.0,0.0,0.0,0.0,0.0,0.0,0.0,0.0,0.0,0.0,0.0,0.0,0.0,0.0,0.0,0.0
causal-discovery/causal_n5_i8_N10000_uai13_harddeps_int.wcnf,61600.0,221790.0,0.0,0.0,-512.0,-512.0,250.21,-512.0,0.0,0.0,0.0,0.0,0.0,0.0,0.0,0.0,0.0,0.0,-512.0,-512.0,-512.0,0.0,0.0,0.0,0.0,0.0,0.0,0.0,0.0,0.0,0.0,0.0,0.0,0.0,0.0,0.0,0.0,-512.0,0.0,0.0,0.0,0.0,0.0,0.0,0.0,0.0,0.0,0.0,0.0,0.0,0.0,0.0,0.0,0.0
causal-discovery/causal_n6_i1_N500_uai13_harddeps_int.wcnf,328107.0,1206162.0,71.0,70.0,4620.225352,17229.885714,1.91,1.014286,0.0,0.0,0.0,0.0,0.0,0.028169,0.0,0.028169,0.028169,0.0,0.0,1.0,1.0,0.0,0.028169,4.123539,0.014286,1.0,0.074023,1.0,0.0,1.0,1.0,0.0,0.028169,4.123539,0.014286,1.0,0.074023,1.0,0.028169,4.123539,0.014286,1.0,0.0,0.0,0.0,0.0,0.0,0.0,0.0,0.0,0.0,0.0,0.0,0.0
causal-discovery/causal_n6_i3_N500_uai14_harddeps_int.wcnf,12764.0,46236.0,0.0,0.0,-512.0,-512.0,10.15,-512.0,0.0,0.0,0.0,0.0,0.0,0.0,0.0,0.0,0.0,0.0,-512.0,-512.0,-512.0,0.0,0.0,0.0,0.0,0.0,0.0,0.0,0.0,0.0,0.0,0.0,0.0,0.0,0.0,0.0,0.0,-512.0,0.0,0.0,0.0,0.0,0.0,0.0,0.0,0.0,0.0,0.0,0.0,0.0,0.0,0.0,0.0,0.0
causal-discovery/causal_n6_i8_N1000_uai14_constant_int.wcnf,12764.0,46236.0,0.0,0.0,-512.0,-512.0,9.91,-512.0,0.0,0.0,0.0,0.0,0.0,0.0,0.0,0.0,0.0,0.0,-512.0,-512.0,-512.0,0.0,0.0,0.0,0.0,0.0,0.0,0.0,0.0,0.0,0.0,0.0,0.0,0.0,0.0,0.0,0.0,-512.0,0.0,0.0,0.0,0.0,0.0,0.0,0.0,0.0,0.0,0.0,0.0,0.0,0.0,0.0,0.0,0.0
causal-discovery/causal_n7_i7_N1000_uai14_harddeps_int.wcnf,40290.0,145910.0,0.0,0.0,-512.0,-512.0,137.2,-512.0,0.0,0.0,0.0,0.0,0.0,0.0,0.0,0.0,0.0,0.0,-512.0,-512.0,-512.0,0.0,0.0,0.0,0.0,0.0,0.0,0.0,0.0,0.0,0.0,0.0,0.0,0.0,0.0,0.0,0.0,-512.0,0.0,0.0,0.0,0.0,0.0,0.0,0.0,0.0,0.0,0.0,0.0,0.0,0.0,0.0,0.0,0.0
causal-discovery/causal_n7_i8_N1000_uai14_constant_int.wcnf,40290.0,145910.0,0.0,0.0,-512.0,-512.0,131.36,-512.0,0.0,0.0,0.0,0.0,0.0,0.0,0.0,0.0,0.0,0.0,-512.0,-512.0,-512.0,0.01,0.0,0.0,0.0,0.0,0.0,0.0,0.0,0.0,0.0,0.0,0.0,0.0,0.0,0.0,0.0,-512.0,0.0,0.0,0.0,0.0,0.0,0.0,0.0,0.0,0.0,0.0,0.0,0.0,0.0,0.0,0.0,0.0
CircuitDebuggingProblems/ac97_ctrl-debug.dimacs.wcnf,1058921.0,168471.0,0.0,0.0,-512.0,-512.0,1.55,-512.0,0.0,0.0,0.0,0.0,0.0,0.0,0.0,0.0,0.0,0.0,-512.0,-512.0,-512.0,0.0,0.0,0.0,0.0,0.0,0.0,0.0,0.0,0.0,0.0,0.0,0.0,0.0,0.0,0.0,0.0,-512.0,0.0,0.0,0.0,0.0,0.0,0.0,0.0,0.0,0.0,0.0,0.0,0.0,0.0,0.0,0.0,0.0
CircuitDebuggingProblems/divider-debug.dimacs.wcnf,,,,,,,,,,,,,,,,,,,,,,,,,,,,,,,,,,,,,,,,,,,,,,,,,,,,,,
CircuitDebuggingProblems/mrisc-debug.dimacs.wcnf,740161.0,1623572.0,0.0,0.0,-512.0,-512.0,6.67,-512.0,0.0,0.0,0.0,0.0,0.0,0.0,0.0,0.0,0.0,0.0,-512.0,-512.0,-512.0,0.0,0.0,0.0,0.0,0.0,0.0,0.0,0.0,0.0,0.0,0.0,0.0,0.0,0.0,0.0,0.0,-512.0,0.0,0.0,0.0,0.0,0.0,0.0,0.0,0.0,0.0,0.0,0.0,0.0,0.0,0.0,0.0,0.0
CircuitDebuggingProblems/rsdecoder-debug.dimacs.wcnf,,,,,,,,,,,,,,,,,,,,,,,,,,,,,,,,,,,,,,,,,,,,,,,,,,,,,,
CircuitDebuggingProblems/spi-debug.dimacs.wcnf,,,,,,,,,,,,,,,,,,,,,,,,,,,,,,,,,,,,,,,,,,,,,,,,,,,,,,
CircuitDebuggingProblems/vga-debug.dimacs.wcnf,,,,,,,,,,,,,,,,,,,,,,,,,,,,,,,,,,,,,,,,,,,,,,,,,,,,,,
CircuitDebuggingProblems/wb-debug.dimacs.wcnf,399591.0,621323.0,0.0,0.0,-512.0,-512.0,1.14,-512.0,0.0,0.0,0.0,0.0,0.0,0.0,0.0,0.0,0.0,0.0,-512.0,-512.0,-512.0,0.0,0.0,0.0,0.0,0.0,0.0,0.0,0.0,0.0,0.0,0.0,0.0,0.0,0.0,0.0,0.0,-512.0,0.0,0.0,0.0,0.0,0.0,0.0,0.0,0.0,0.0,0.0,0.0,0.0,0.0,0.0,0.0,0.0
CircuitTraceCompaction/ctrl.wcnf,15760.0,38700.0,0.0,0.0,-512.0,-512.0,6.31,-512.0,0.0,0.0,0.0,0.0,0.0,0.0,0.0,0.0,0.0,0.0,-512.0,-512.0,-512.0,0.0,0.0,0.0,0.0,0.0,0.0,0.0,0.0,0.0,0.0,0.0,0.0,0.0,0.0,0.0,0.0,-512.0,0.0,0.0,0.0,0.0,0.0,0.0,0.0,0.0,0.0,0.0,0.0,0.0,0.0,0.0,0.0,0.0
CircuitTraceCompaction/mrisc_mem2wire.wcnf,,,,,,,,,,,,,,,,,,,,,,,,,,,,,,,,,,,,,,,,,,,,,,,,,,,,,,
CircuitTraceCompaction/spi.wcnf,110200.0,335600.0,0.0,0.0,-512.0,-512.0,783.89,-512.0,0.0,0.0,0.0,0.0,0.0,0.0,0.0,0.0,0.0,0.0,-512.0,-512.0,-512.0,0.0,0.0,0.0,0.0,0.0,0.0,0.0,0.0,0.0,0.0,0.0,0.0,0.0,0.0,0.0,0.0,-512.0,0.0,0.0,0.0,0.0,0.0,0.0,0.0,0.0,0.0,0.0,0.0,0.0,0.0,0.0,0.0,0.0
close_solutions/SAT04__industrial__velev__pipe-sat-1-1__12pipe_bug6_q0.used-as.sat04-725.cnf.wcnf.3.wcnf,,,,,,,,,,,,,,,,,,,,,,,,,,,,,,,,,,,,,,,,,,,,,,,,,,,,,,
close_solutions/SAT07__industrial__vliw_sat_4.0__9vliw_m_9stages_iq3_C1_bug6.cnf.wcnf.3.wcnf,,,,,,,,,,,,,,,,,,,,,,,,,,,,,,,,,,,,,,,,,,,,,,,,,,,,,,
close_solutions/SAT09__APPLICATIONS__satComp09_BioInstances__rbcl_xits_18_SAT.cnf.wcnf.2.wcnf,2888.0,221419.0,0.0,0.0,-512.0,-512.0,12.28,-512.0,0.0,0.0,0.0,0.0,0.0,0.0,0.0,0.0,0.0,0.0,-512.0,-512.0,-512.0,0.0,0.0,0.0,0.0,0.0,0.0,0.0,0.0,0.0,0.0,0.0,0.0,0.0,0.0,0.0,0.0,-512.0,0.0,0.0,0.0,0.0,0.0,0.0,0.0,0.0,0.0,0.0,0.0,0.0,0.0,0.0,0.0,0.0
close_solutions/SAT11__application__fuhs__AProVE11__AProVE11-10.cnf.wcnf.3.wcnf,,,,,,,,,,,,,,,,,,,,,,,,,,,,,,,,,,,,,,,,,,,,,,,,,,,,,,
close_solutions/SAT11__application__fuhs__AProVE11__AProVE11-12.cnf.wcnf.2.wcnf,44805.0,193924.0,0.0,0.0,-512.0,-512.0,34.23,-512.0,0.0,0.0,0.0,0.0,0.0,0.0,0.0,0.0,0.0,0.0,-512.0,-512.0,-512.0,0.0,0.0,0.0,0.0,0.0,0.0,0.0,0.0,0.0,0.0,0.0,0.0,0.0,0.0,0.0,0.0,-512.0,0.0,0.0,0.0,0.0,0.0,0.0,0.0,0.0,0.0,0.0,0.0,0.0,0.0,0.0,0.0,0.0
close_solutions/SAT11__application__jarvisalo__AAAI2010-SATPlanning__aaai10-planning-ipc5-pipesworld-12-step16.cnf.wcnf.8.wcnf,68952.0,1097989.0,0.0,0.0,-512.0,-512.0,32.53,-512.0,0.0,0.0,0.0,0.0,0.0,0.0,0.0,0.0,0.0,0.0,-512.0,-512.0,-512.0,0.0,0.0,0.0,0.0,0.0,0.0,0.0,0.0,0.0,0.0,0.0,0.0,0.0,0.0,0.0,0.0,-512.0,0.0,0.0,0.0,0.0,0.0,0.0,0.0,0.0,0.0,0.0,0.0,0.0,0.0,0.0,0.0,0.0
close_solutions/SAT11__application__manthey__traffic__traffic_3_uc_sat.cnf.wcnf.8.wcnf,142205.0,1454558.0,0.0,0.0,-512.0,-512.0,41.06,-512.0,0.0,0.0,0.0,0.0,0.0,0.0,0.0,0.0,0.0,0.0,-512.0,-512.0,-512.0,0.0,0.0,0.0,0.0,0.0,0.0,0.0,0.0,0.0,0.0,0.0,0.0,0.0,0.0,0.0,0.0,-512.0,0.0,0.0,0.0,0.0,0.0,0.0,0.0,0.0,0.0,0.0,0.0,0.0,0.0,0.0,0.0,0.0
close_solutions/SAT11__application__rintanen__SATPlanning__blocks-blocks-36-0.170-NOTKNOWN.cnf.wcnf.6.wcnf,,,,,,,,,,,,,,,,,,,,,,,,,,,,,,,,,,,,,,,,,,,,,,,,,,,,,,
close_solutions/SAT11__application__rintanen__SATPlanning__openstacks-sequencedstrips-nonadl-nonnegated-os-sequencedstrips-p30_3.085-SAT.cnf.wcnf.1.wcnf,,,,,,,,,,,,,,,,,,,,,,,,,,,,,,,,,,,,,,,,,,,,,,,,,,,,,,
close_solutions/SAT11__application__rintanen__SATPlanning__openstacks-sequencedstrips-nonadl-nonnegated-os-sequencedstrips-p30_3.085-SAT.cnf.wcnf.5.wcnf,,,,,,,,,,,,,,,,,,,,,,,,,,,,,,,,,,,,,,,,,,,,,,,,,,,,,,
close_solutions/teams16_l6a.cnf.wcnf,2969.0,66540.0,2970.0,66539.0,-0.000337,1.5e-05,0.83,0.044635,0.384697,0.407561,0.0,1.0,1.025312,0.001204,0.364561,0.000673,0.005387,1.051858,0.0,0.043072,0.620914,0.05,0.001204,14.667463,3e-05,0.962368,1.655346,0.758216,0.327084,0.0,1.0,1.44021,0.001002,15.617237,3e-05,0.853019,1.775754,0.885015,0.000634,1.694881,3e-05,0.04462,0.13,-1.0,0.0,-1.0,0.0,-512.0,-1.0,0.0,-1.0,0.0,0.0,20.05
close_solutions/TEAMS20_l10aa.cnf.wcnf,5471.0,138119.0,5472.0,138118.0,-0.000183,7e-06,1.81,0.039618,0.351863,0.360132,0.0,1.0,0.669541,0.000585,0.370757,0.000365,0.003655,0.619001,0.0,0.035586,0.833273,0.1,0.000585,22.322962,1.4e-05,0.965754,1.696903,0.770616,0.303278,0.0,1.0,1.431834,0.000499,23.495806,1.4e-05,0.867244,1.747468,0.897226,0.000398,1.783368,1.4e-05,0.039611,0.4,-1.0,0.0,-1.0,0.0,-512.0,-1.0,0.0,-1.0,0.0,0.0,21.71
ConsistentQueryAnswering/synthetic-12.wcnf,89740.0,110410.0,17990.0,17989.0,3.988327,5.13764,0.47,1.000056,1.0,0.0,1.0,1.0,0.0,0.000111,0.0,0.000111,0.000111,0.0,0.0,1.0,1.0,0.02,0.000111,67.057811,5.6e-05,1.0,0.0006,1.0,0.0,1.0,1.0,0.0,0.0,0.0,0.0,0.0,0.0,0.0,0.000111,67.057811,5.6e-05,1.0,3.39,0.0,0.0,0.0,0.0,0.0,0.0,0.0,0.0,0.0,0.0,0.08
ConsistentQueryAnswering/synthetic-14.wcnf,26778.0,32370.0,3930.0,5728.0,5.81374,4.651187,0.1,0.686103,1.0,0.0,1.0,1.0,0.0,0.000509,0.0,0.000509,0.000509,0.0,0.0,1.0,1.0,0.0,0.000509,31.333796,0.000175,1.0,0.886788,1.0,0.0,1.0,1.0,0.0,0.0,0.0,0.0,0.0,0.0,0.0,0.000349,31.332891,0.000175,0.685929,0.17,0.0,0.0,0.0,0.0,0.0,0.0,0.0,0.0,0.0,0.0,0.03
ConsistentQueryAnswering/synthetic-21.wcnf,83896.0,105246.0,13804.0,21342.0,5.077659,3.931403,0.51,0.6468,1.0,0.0,1.0,1.0,0.0,0.000145,0.0,0.000145,0.000145,0.0,0.0,1.0,1.0,0.02,0.000145,58.73912,4.7e-05,1.0,0.755598,1.0,0.0,1.0,1.0,0.0,0.0,0.0,0.0,0.0,0.0,0.0,9.4e-05,58.738829,4.7e-05,0.646753,1.99,0.0,0.0,0.0,0.0,0.0,0.0,0.0,0.0,0.0,0.0,0.08
des/cnf.10.p.8.wcnf,64984.0,293717.0,0.0,0.0,-512.0,-512.0,181.46,-512.0,0.0,0.0,0.0,0.0,0.0,0.0,0.0,0.0,0.0,0.0,-512.0,-512.0,-512.0,0.0,0.0,0.0,0.0,0.0,0.0,0.0,0.0,0.0,0.0,0.0,0.0,0.0,0.0,0.0,0.0,-512.0,0.0,0.0,0.0,0.0,0.0,0.0,0.0,0.0,0.0,0.0,0.0,0.0,0.0,0.0,0.0,0.0
des/cnf.14.t.7.wcnf,82880.0,377240.0,0.0,0.0,-512.0,-512.0,296.45,-512.0,0.0,0.0,0.0,0.0,0.0,0.0,0.0,0.0,0.0,0.0,-512.0,-512.0,-512.0,0.0,0.0,0.0,0.0,0.0,0.0,0.0,0.0,0.0,0.0,0.0,0.0,0.0,0.0,0.0,0.0,-512.0,0.0,0.0,0.0,0.0,0.0,0.0,0.0,0.0,0.0,0.0,0.0,0.0,0.0,0.0,0.0,0.0
des/cnf.15.p.7.wcnf,95980.0,433955.0,0.0,0.0,-512.0,-512.0,354.14,-512.0,0.0,0.0,0.0,0.0,0.0,0.0,0.0,0.0,0.0,0.0,-512.0,-512.0,-512.0,0.0,0.0,0.0,0.0,0.0,0.0,0.0,0.0,0.0,0.0,0.0,0.0,0.0,0.0,0.0,0.0,-512.0,0.0,0.0,0.0,0.0,0.0,0.0,0.0,0.0,0.0,0.0,0.0,0.0,0.0,0.0,0.0,0.0
des/cnf.16.p.6.wcnf,99670.0,450650.0,0.0,0.0,-512.0,-512.0,379.6,-512.0,0.0,0.0,0.0,0.0,0.0,0.0,0.0,0.0,0.0,0.0,-512.0,-512.0,-512.0,0.0,0.0,0.0,0.0,0.0,0.0,0.0,0.0,0.0,0.0,0.0,0.0,0.0,0.0,0.0,0.0,-512.0,0.0,0.0,0.0,0.0,0.0,0.0,0.0,0.0,0.0,0.0,0.0,0.0,0.0,0.0,0.0,0.0
des/cnf.16.p.7.wcnf,94504.0,427287.0,0.0,0.0,-512.0,-512.0,349.48,-512.0,0.0,0.0,0.0,0.0,0.0,0.0,0.0,0.0,0.0,0.0,-512.0,-512.0,-512.0,0.0,0.0,0.0,0.0,0.0,0.0,0.0,0.0,0.0,0.0,0.0,0.0,0.0,0.0,0.0,0.0,-512.0,0.0,0.0,0.0,0.0,0.0,0.0,0.0,0.0,0.0,0.0,0.0,0.0,0.0,0.0,0.0,0.0
des/cnf.17.p.10.wcnf,113692.0,514091.0,0.0,0.0,-512.0,-512.0,466.31,-512.0,0.0,0.0,0.0,0.0,0.0,0.0,0.0,0.0,0.0,0.0,-512.0,-512.0,-512.0,0.0,0.0,0.0,0.0,0.0,0.0,0.0,0.0,0.0,0.0,0.0,0.0,0.0,0.0,0.0,0.0,-512.0,0.0,0.0,0.0,0.0,0.0,0.0,0.0,0.0,0.0,0.0,0.0,0.0,0.0,0.0,0.0,0.0
des/cnf.18.d.7.wcnf,83240.0,378880.0,0.0,0.0,-512.0,-512.0,299.47,-512.0,0.0,0.0,0.0,0.0,0.0,0.0,0.0,0.0,0.0,0.0,-512.0,-512.0,-512.0,0.0,0.0,0.0,0.0,0.0,0.0,0.0,0.0,0.0,0.0,0.0,0.0,0.0,0.0,0.0,0.0,-512.0,0.0,0.0,0.0,0.0,0.0,0.0,0.0,0.0,0.0,0.0,0.0,0.0,0.0,0.0,0.0,0.0
des/cnf.18.p.8.wcnf,118120.0,534135.0,0.0,0.0,-512.0,-512.0,496.18,-512.0,0.0,0.0,0.0,0.0,0.0,0.0,0.0,0.0,0.0,0.0,-512.0,-512.0,-512.0,0.0,0.0,0.0,0.0,0.0,0.0,0.0,0.0,0.0,0.0,0.0,0.0,0.0,0.0,0.0,0.0,-512.0,0.0,0.0,0.0,0.0,0.0,0.0,0.0,0.0,0.0,0.0,0.0,0.0,0.0,0.0,0.0,0.0
des/cnf.20.d.10.wcnf,97640.0,444480.0,0.0,0.0,-512.0,-512.0,389.68,-512.0,0.0,0.0,0.0,0.0,0.0,0.0,0.0,0.0,0.0,0.0,-512.0,-512.0,-512.0,0.0,0.0,0.0,0.0,0.0,0.0,0.0,0.0,0.0,0.0,0.0,0.0,0.0,0.0,0.0,0.0,-512.0,0.0,0.0,0.0,0.0,0.0,0.0,0.0,0.0,0.0,0.0,0.0,0.0,0.0,0.0,0.0,0.0
des/cnf.20.p.5.wcnf,109264.0,494067.0,0.0,0.0,-512.0,-512.0,438.81,-512.0,0.0,0.0,0.0,0.0,0.0,0.0,0.0,0.0,0.0,0.0,-512.0,-512.0,-512.0,0.0,0.0,0.0,0.0,0.0,0.0,0.0,0.0,0.0,0.0,0.0,0.0,0.0,0.0,0.0,0.0,-512.0,0.0,0.0,0.0,0.0,0.0,0.0,0.0,0.0,0.0,0.0,0.0,0.0,0.0,0.0,0.0,0.0
des/cnf.20.p.7.wcnf,123286.0,557498.0,0.0,0.0,-512.0,-512.0,527.7,-512.0,0.0,0.0,0.0,0.0,0.0,0.0,0.0,0.0,0.0,0.0,-512.0,-512.0,-512.0,0.0,0.0,0.0,0.0,0.0,0.0,0.0,0.0,0.0,0.0,0.0,0.0,0.0,0.0,0.0,0.0,-512.0,0.0,0.0,0.0,0.0,0.0,0.0,0.0,0.0,0.0,0.0,0.0,0.0,0.0,0.0,0.0,0.0
des/cnf.9.p.10.wcnf,60556.0,273683.0,0.0,0.0,-512.0,-512.0,159.05,-512.0,0.0,0.0,0.0,0.0,0.0,0.0,0.0,0.0,0.0,0.0,-512.0,-512.0,-512.0,0.0,0.0,0.0,0.0,0.0,0.0,0.0,0.0,0.0,0.0,0.0,0.0,0.0,0.0,0.0,0.0,-512.0,0.0,0.0,0.0,0.0,0.0,0.0,0.0,0.0,0.0,0.0,0.0,0.0,0.0,0.0,0.0,0.0
des/cnf.9.p.8.wcnf,59080.0,267005.0,0.0,0.0,-512.0,-512.0,154.2,-512.0,0.0,0.0,0.0,0.0,0.0,0.0,0.0,0.0,0.0,0.0,-512.0,-512.0,-512.0,0.0,0.0,0.0,0.0,0.0,0.0,0.0,0.0,0.0,0.0,0.0,0.0,0.0,0.0,0.0,0.0,-512.0,0.0,0.0,0.0,0.0,0.0,0.0,0.0,0.0,0.0,0.0,0.0,0.0,0.0,0.0,0.0,0.0
drmx-cryptogen/geffe128_1.wcnf,1600.0,9044.0,1600.0,7444.0,0.0,0.214938,0.07,0.214938,0.580624,0.255096,0.0,0.666667,0.921566,0.00324,0.236778,0.00125,0.00375,0.921566,0.0,0.027002,0.135008,0.0,0.00324,7.725202,0.000403,1.0,2.303096,1.0,0.0,1.0,1.0,0.0,0.00324,7.725202,0.000403,1.0,2.303096,1.0,0.002828,1.965398,0.000672,0.214804,0.04,0.0,0.0,0.0,0.0,0.0,0.0,0.0,0.0,0.0,0.0,0.02
drmx-cryptogen/geffe128_4.wcnf,1600.0,9044.0,1600.0,7444.0,0.0,0.214938,0.08,0.214938,0.580624,0.255096,0.0,0.666667,0.921566,0.00324,0.236778,0.00125,0.00375,0.921566,0.0,0.027002,0.135008,0.01,0.00324,7.725202,0.000403,1.0,2.303096,1.0,0.0,1.0,1.0,0.0,0.00324,7.725202,0.000403,1.0,2.303096,1.0,0.002828,1.965398,0.000672,0.214804,0.03,0.0,0.0,0.0,0.0,0.0,0.0,0.0,0.0,0.0,0.0,0.02
drmx-cryptogen/geffe128_5.wcnf,1600.0,9044.0,1600.0,7444.0,0.0,0.214938,0.06,0.214938,0.580624,0.255096,0.0,0.666667,0.921566,0.00324,0.236778,0.00125,0.00375,0.921566,0.0,0.027002,0.135008,0.01,0.00324,7.725202,0.000403,1.0,2.303096,1.0,0.0,1.0,1.0,0.0,0.00324,7.725202,0.000403,1.0,2.303096,1.0,0.002828,1.965398,0.000672,0.214804,0.03,0.0,0.0,0.0,0.0,0.0,0.0,0.0,0.0,0.0,0.0,0.03
drmx-cryptogen/threshold128_0.wcnf,1600.0,9444.0,1600.0,7844.0,0.0,0.203978,0.07,0.203978,0.576492,0.252212,0.0,0.666667,0.953571,0.003202,0.238887,0.00125,0.00375,0.953571,0.0,0.025625,0.128251,0.01,0.003202,7.812845,0.00051,1.0,1.985141,1.0,0.0,1.0,1.0,0.0,0.003202,7.812845,0.00051,1.0,1.985141,1.0,0.002684,1.967747,0.00051,0.20385,0.04,0.0,0.0,0.0,0.0,0.0,0.0,0.0,0.0,0.0,0.0,0.03
drmx-cryptogen/threshold128_2.wcnf,1600.0,9444.0,1600.0,7844.0,0.0,0.203978,0.06,0.203978,0.576492,0.252212,0.0,0.666667,0.953571,0.003202,0.238887,0.00125,0.00375,0.953571,0.0,0.025625,0.128251,0.02,0.003202,7.812845,0.00051,1.0,1.985141,1.0,0.0,1.0,1.0,0.0,0.003202,7.812845,0.00051,1.0,1.985141,1.0,0.002684,1.967747,0.00051,0.20385,0.03,0.0,0.0,0.0,0.0,0.0,0.0,0.0,0.0,0.0,0.0,0.02
drmx-cryptogen/threshold128_3.wcnf,1600.0,9444.0,1600.0,7844.0,0.0,0.203978,0.07,0.203978,0.576492,0.252212,0.0,0.666667,0.953571,0.003202,0.238887,0.00125,0.00375,0.953571,0.0,0.025625,0.128251,0.0,0.003202,7.812845,0.00051,1.0,1.985141,1.0,0.0,1.0,1.0,0.0,0.003202,7.812845,0.00051,1.0,1.985141,1.0,0.002684,1.967747,0.00051,0.20385,0.04,0.0,0.0,0.0,0.0,0.0,0.0,0.0,0.0,0.0,0.0,0.02
drmx-cryptogen/threshold128_5.wcnf,1600.0,9444.0,1600.0,7844.0,0.0,0.203978,0.07,0.203978,0.576492,0.252212,0.0,0.666667,0.953571,0.003202,0.238887,0.00125,0.00375,0.953571,0.0,0.025625,0.128251,0.0,0.003202,7.812845,0.00051,1.0,1.985141,1.0,0.0,1.0,1.0,0.0,0.003202,7.812845,0.00051,1.0,1.985141,1.0,0.002684,1.967747,0.00051,0.20385,0.04,0.0,0.0,0.0,0.0,0.0,0.0,0.0,0.0,0.0,0.0,0.02
drmx-cryptogen/threshold128_6.wcnf,1600.0,9444.0,1600.0,7844.0,0.0,0.203978,0.07,0.203978,0.576492,0.252212,0.0,0.666667,0.953571,0.003202,0.238887,0.00125,0.00375,0.953571,0.0,0.025625,0.128251,0.01,0.003202,7.812845,0.00051,1.0,1.985141,1.0,0.0,1.0,1.0,0.0,0.003202,7.812845,0.00051,1.0,1.985141,1.0,0.002684,1.967747,0.00051,0.20385,0.03,0.0,0.0,0.0,0.0,0.0,0.0,0.0,0.0,0.0,0.0,0.03
drmx-cryptogen/threshold128_8.wcnf,1600.0,9444.0,1600.0,7844.0,0.0,0.203978,0.06,0.203978,0.576492,0.252212,0.0,0.666667,0.953571,0.003202,0.238887,0.00125,0.00375,0.953571,0.0,0.025625,0.128251,0.01,0.003202,7.812845,0.00051,1.0,1.985141,1.0,0.0,1.0,1.0,0.0,0.003202,7.812845,0.00051,1.0,1.985141,1.0,0.002684,1.967747,0.00051,0.20385,0.03,0.0,0.0,0.0,0.0,0.0,0.0,0.0,0.0,0.0,0.0,0.04
drmx-cryptogen/wolfram72_1.wcnf,18576.0,82728.0,18576.0,64152.0,0.0,0.289562,0.57,0.289562,0.50226,0.172847,0.0,0.6,0.977263,0.000222,0.157811,0.000108,0.000269,0.977263,0.0,0.00226,0.151609,0.05,0.000222,33.003016,3.1e-05,1.0,0.308547,1.0,0.0,1.0,1.0,0.0,0.000222,33.003016,3.1e-05,1.0,0.308547,1.0,0.000352,6.032795,4.7e-05,0.289547,3.56,0.0,0.0,0.0,0.0,0.0,0.0,0.0,0.0,0.0,0.0,0.24
drmx-cryptogen/wolfram72_5.wcnf,18576.0,82728.0,18576.0,64152.0,0.0,0.289562,0.53,0.289562,0.50226,0.172847,0.0,0.6,0.977263,0.000222,0.157811,0.000108,0.000269,0.977263,0.0,0.00226,0.151609,0.05,0.000222,33.003016,3.1e-05,1.0,0.308547,1.0,0.0,1.0,1.0,0.0,0.000222,33.003016,3.1e-05,1.0,0.308547,1.0,0.000352,6.032795,4.7e-05,0.289547,3.55,0.0,0.0,0.0,0.0,0.0,0.0,0.0,0.0,0.0,0.0,0.25
drmx-cryptogen/wolfram72_8.wcnf,18576.0,82728.0,18576.0,64152.0,0.0,0.289562,0.54,0.289562,0.50226,0.172847,0.0,0.6,0.977263,0.000222,0.157811,0.000108,0.000269,0.977263,0.0,0.00226,0.151609,0.04,0.000222,33.003016,3.1e-05,1.0,0.308547,1.0,0.0,1.0,1.0,0.0,0.000222,33.003016,3.1e-05,1.0,0.308547,1.0,0.000352,6.032795,4.7e-05,0.289547,3.57,0.0,0.0,0.0,0.0,0.0,0.0,0.0,0.0,0.0,0.0,0.25
drmx-cryptogen/wolfram72_9.wcnf,18576.0,82728.0,18576.0,64152.0,0.0,0.289562,0.58,0.289562,0.50226,0.172847,0.0,0.6,0.977263,0.000222,0.157811,0.000108,0.000269,0.977263,0.0,0.00226,0.151609,0.05,0.000222,33.003016,3.1e-05,1.0,0.308547,1.0,0.0,1.0,1.0,0.0,0.000222,33.003016,3.1e-05,1.0,0.308547,1.0,0.000352,6.032795,4.7e-05,0.289547,3.56,0.0,0.0,0.0,0.0,0.0,0.0,0.0,0.0,0.0,0.0,0.24
drmx-cryptogen/wolfram80_1.wcnf,22880.0,102000.0,22880.0,79120.0,0.0,0.289181,0.66,0.289181,0.50251,0.171925,0.0,0.6,0.975339,0.000181,0.157457,8.7e-05,0.000219,0.975339,0.0,0.002035,0.150733,0.06,0.000181,36.616341,2.5e-05,1.0,0.283551,1.0,0.0,1.0,1.0,0.0,0.000181,36.616341,2.5e-05,1.0,0.283551,1.0,0.000286,6.683978,3.8e-05,0.289168,5.39,0.0,0.0,0.0,0.0,0.0,0.0,0.0,0.0,0.0,0.0,0.29
drmx-cryptogen/wolfram80_5.wcnf,22880.0,102000.0,22880.0,79120.0,0.0,0.289181,0.67,0.289181,0.50251,0.171925,0.0,0.6,0.975339,0.000181,0.157457,8.7e-05,0.000219,0.975339,0.0,0.002035,0.150733,0.07,0.000181,36.616341,2.5e-05,1.0,0.283551,1.0,0.0,1.0,1.0,0.0,0.000181,36.616341,2.5e-05,1.0,0.283551,1.0,0.000286,6.683978,3.8e-05,0.289168,5.38,0.0,0.0,0.0,0.0,0.0,0.0,0.0,0.0,0.0,0.0,0.3
drmx-cryptogen/wolfram80_6.wcnf,22880.0,102000.0,22880.0,79120.0,0.0,0.289181,0.67,0.289181,0.50251,0.171925,0.0,0.6,0.975339,0.000181,0.157457,8.7e-05,0.000219,0.975339,0.0,0.002035,0.150733,0.06,0.000181,36.616341,2.5e-05,1.0,0.283551,1.0,0.0,1.0,1.0,0.0,0.000181,36.616341,2.5e-05,1.0,0.283551,1.0,0.000286,6.683978,3.8e-05,0.289168,5.39,0.0,0.0,0.0,0.0,0.0,0.0,0.0,0.0,0.0,0.0,0.3
extension-enforcement/extension-enforcement_non-strict_stb_200_0.05_3_10_0.wcnf,76190.0,188290.0,0.0,0.0,-512.0,-512.0,104.98,-512.0,0.0,0.0,0.0,0.0,0.0,0.0,0.0,0.0,0.0,0.0,-512.0,-512.0,-512.0,0.0,0.0,0.0,0.0,0.0,0.0,0.0,0.0,0.0,0.0,0.0,0.0,0.0,0.0,0.0,0.0,-512.0,0.0,0.0,0.0,0.0,0.0,0.0,0.0,0.0,0.0,0.0,0.0,0.0,0.0,0.0,0.0,0.0
extension-enforcement/extension-enforcement_non-strict_stb_200_0.05_4_10_4.wcnf,76190.0,188290.0,0.0,0.0,-512.0,-512.0,104.03,-512.0,0.0,0.0,0.0,0.0,0.0,0.0,0.0,0.0,0.0,0.0,-512.0,-512.0,-512.0,0.0,0.0,0.0,0.0,0.0,0.0,0.0,0.0,0.0,0.0,0.0,0.0,0.0,0.0,0.0,0.0,-512.0,0.0,0.0,0.0,0.0,0.0,0.0,0.0,0.0,0.0,0.0,0.0,0.0,0.0,0.0,0.0,0.0
extension-enforcement/extension-enforcement_strict_com_150_0.05_0_15_2.wcnf,40500.0,334260.0,0.0,0.0,-512.0,-512.0,189.92,-512.0,0.0,0.0,0.0,0.0,0.0,0.0,0.0,0.0,0.0,0.0,-512.0,-512.0,-512.0,0.0,0.0,0.0,0.0,0.0,0.0,0.0,0.0,0.0,0.0,0.0,0.0,0.0,0.0,0.0,0.0,-512.0,0.0,0.0,0.0,0.0,0.0,0.0,0.0,0.0,0.0,0.0,0.0,0.0,0.0,0.0,0.0,0.0
extension-enforcement/extension-enforcement_strict_com_150_0.05_3_30_0.wcnf,36000.0,486120.0,0.0,0.0,-512.0,-512.0,370.73,-512.0,0.0,0.0,0.0,0.0,0.0,0.0,0.0,0.0,0.0,0.0,-512.0,-512.0,-512.0,0.0,0.0,0.0,0.0,0.0,0.0,0.0,0.0,0.0,0.0,0.0,0.0,0.0,0.0,0.0,0.0,-512.0,0.0,0.0,0.0,0.0,0.0,0.0,0.0,0.0,0.0,0.0,0.0,0.0,0.0,0.0,0.0,0.0
extension-enforcement/extension-enforcement_strict_com_150_0.2_4_8_3.wcnf,42600.0,225354.0,0.0,0.0,-512.0,-512.0,99.6,-512.0,0.0,0.0,0.0,0.0,0.0,0.0,0.0,0.0,0.0,0.0,-512.0,-512.0,-512.0,0.0,0.0,0.0,0.0,0.0,0.0,0.0,0.0,0.0,0.0,0.0,0.0,0.0,0.0,0.0,0.0,-512.0,0.0,0.0,0.0,0.0,0.0,0.0,0.0,0.0,0.0,0.0,0.0,0.0,0.0,0.0,0.0,0.0
extension-enforcement/extension-enforcement_strict_com_200_0.05_1_40_1.wcnf,,,,,,,,,,,,,,,,,,,,,,,,,,,,,,,,,,,,,,,,,,,,,,,,,,,,,,
extension-enforcement/extension-enforcement_strict_com_200_0.05_4_20_3.wcnf,72000.0,756180.0,0.0,0.0,-512.0,-512.0,921.82,-512.0,0.0,0.0,0.0,0.0,0.0,0.0,0.0,0.0,0.0,0.0,-512.0,-512.0,-512.0,0.0,0.0,0.0,0.0,0.0,0.0,0.0,0.0,0.0,0.0,0.0,0.0,0.0,0.0,0.0,0.0,-512.0,0.0,0.0,0.0,0.0,0.0,0.0,0.0,0.0,0.0,0.0,0.0,0.0,0.0,0.0,0.0,0.0
fault-diagnosis/s38417_nan_explicit_0_0.wcnf,,,,,,,,,,,,,,,,,,,,,,,,,,,,,,,,,,,,,,,,,,,,,,,,,,,,,,
fault-diagnosis/s38584_nan_explicit_12_0.wcnf,,,,,,,,,,,,,,,,,,,,,,,,,,,,,,,,,,,,,,,,,,,,,,,,,,,,,,
fault-diagnosis/s38584_nan_explicit_15_0.wcnf,,,,,,,,,,,,,,,,,,,,,,,,,,,,,,,,,,,,,,,,,,,,,,,,,,,,,,
fault-diagnosis/s38584_nan_explicit_19_0.wcnf,139976.0,835502.0,0.0,0.0,-512.0,-512.0,923.32,-512.0,0.0,0.0,0.0,0.0,0.0,0.0,0.0,0.0,0.0,0.0,-512.0,-512.0,-512.0,0.01,0.0,0.0,0.0,0.0,0.0,0.0,0.0,0.0,0.0,0.0,0.0,0.0,0.0,0.0,0.0,-512.0,0.0,0.0,0.0,0.0,0.0,0.0,0.0,0.0,0.0,0.0,0.0,0.0,0.0,0.0,0.0,0.0
fault-diagnosis/s38584_nan_explicit_26_0.wcnf,143452.0,921338.0,0.0,0.0,-512.0,-512.0,1153.63,-512.0,0.0,0.0,0.0,0.0,0.0,0.0,0.0,0.0,0.0,0.0,-512.0,-512.0,-512.0,0.0,0.0,0.0,0.0,0.0,0.0,0.0,0.0,0.0,0.0,0.0,0.0,0.0,0.0,0.0,0.0,-512.0,0.0,0.0,0.0,0.0,0.0,0.0,0.0,0.0,0.0,0.0,0.0,0.0,0.0,0.0,0.0,0.0
fault-diagnosis/s38584_nan_explicit_27_0.wcnf,133956.0,750405.0,0.0,0.0,-512.0,-512.0,680.14,-512.0,0.0,0.0,0.0,0.0,0.0,0.0,0.0,0.0,0.0,0.0,-512.0,-512.0,-512.0,0.0,0.0,0.0,0.0,0.0,0.0,0.0,0.0,0.0,0.0,0.0,0.0,0.0,0.0,0.0,0.0,-512.0,0.0,0.0,0.0,0.0,0.0,0.0,0.0,0.0,0.0,0.0,0.0,0.0,0.0,0.0,0.0,0.0
fault-diagnosis/s38584_nan_explicit_3_0.wcnf,,,,,,,,,,,,,,,,,,,,,,,,,,,,,,,,,,,,,,,,,,,,,,,,,,,,,,
fault-diagnosis/s38584_nan_explicit_30_0.wcnf,136922.0,776910.0,0.0,0.0,-512.0,-512.0,734.99,-512.0,0.0,0.0,0.0,0.0,0.0,0.0,0.0,0.0,0.0,0.0,-512.0,-512.0,-512.0,0.01,0.0,0.0,0.0,0.0,0.0,0.0,0.0,0.0,0.0,0.0,0.0,0.0,0.0,0.0,0.0,-512.0,0.0,0.0,0.0,0.0,0.0,0.0,0.0,0.0,0.0,0.0,0.0,0.0,0.0,0.0,0.0,0.0
fault-diagnosis/s38584_nan_explicit_33_0.wcnf,131581.0,696606.0,0.0,0.0,-512.0,-512.0,574.73,-512.0,0.0,0.0,0.0,0.0,0.0,0.0,0.0,0.0,0.0,0.0,-512.0,-512.0,-512.0,0.0,0.0,0.0,0.0,0.0,0.0,0.0,0.0,0.0,0.0,0.0,0.0,0.0,0.0,0.0,0.0,-512.0,0.0,0.0,0.0,0.0,0.0,0.0,0.0,0.0,0.0,0.0,0.0,0.0,0.0,0.0,0.0,0.0
fault-diagnosis/s38584_nan_explicit_35_0.wcnf,130135.0,660221.0,0.0,0.0,-512.0,-512.0,526.06,-512.0,0.0,0.0,0.0,0.0,0.0,0.0,0.0,0.0,0.0,0.0,-512.0,-512.0,-512.0,0.0,0.0,0.0,0.0,0.0,0.0,0.0,0.0,0.0,0.0,0.0,0.0,0.0,0.0,0.0,0.0,-512.0,0.0,0.0,0.0,0.0,0.0,0.0,0.0,0.0,0.0,0.0,0.0,0.0,0.0,0.0,0.0,0.0
fault-diagnosis/s38584_nan_explicit_37_0.wcnf,128146.0,635859.0,0.0,0.0,-512.0,-512.0,500.47,-512.0,0.0,0.0,0.0,0.0,0.0,0.0,0.0,0.0,0.0,0.0,-512.0,-512.0,-512.0,0.0,0.0,0.0,0.0,0.0,0.0,0.0,0.0,0.0,0.0,0.0,0.0,0.0,0.0,0.0,0.0,-512.0,0.0,0.0,0.0,0.0,0.0,0.0,0.0,0.0,0.0,0.0,0.0,0.0,0.0,0.0,0.0,0.0
fault-diagnosis/s38584_nan_explicit_40_0.wcnf,136000.0,793218.0,0.0,0.0,-512.0,-512.0,758.5,-512.0,0.0,0.0,0.0,0.0,0.0,0.0,0.0,0.0,0.0,0.0,-512.0,-512.0,-512.0,0.0,0.0,0.0,0.0,0.0,0.0,0.0,0.0,0.0,0.0,0.0,0.0,0.0,0.0,0.0,0.0,-512.0,0.0,0.0,0.0,0.0,0.0,0.0,0.0,0.0,0.0,0.0,0.0,0.0,0.0,0.0,0.0,0.0
fault-diagnosis/s38584_nan_explicit_49_0.wcnf,129119.0,640355.0,0.0,0.0,-512.0,-512.0,493.15,-512.0,0.0,0.0,0.0,0.0,0.0,0.0,0.0,0.0,0.0,0.0,-512.0,-512.0,-512.0,0.0,0.0,0.0,0.0,0.0,0.0,0.0,0.0,0.0,0.0,0.0,0.0,0.0,0.0,0.0,0.0,-512.0,0.0,0.0,0.0,0.0,0.0,0.0,0.0,0.0,0.0,0.0,0.0,0.0,0.0,0.0,0.0,0.0
frb/frb35-17-2.partial.wcnf,595.0,28547.0,595.0,27952.0,0.0,0.021286,0.17,0.021286,0.332033,0.062568,0.0,0.333333,0.025522,0.005035,0.020802,0.003361,0.005042,0.025522,0.0,0.0039,1.0,0.02,0.005035,8.10808,0.001896,1.0,4.122577,1.0,0.0,1.0,1.0,0.0,0.005035,8.10808,0.001896,1.0,4.122577,1.0,0.00342,0.271734,0.001932,0.021251,0.02,0.0,0.0,0.0,0.0,0.0,0.0,0.0,0.0,0.0,0.0,0.1
frb/frb35-17-3.partial.wcnf,595.0,28631.0,595.0,28036.0,0.0,0.021223,0.16,0.021223,0.332168,0.059226,0.0,0.333333,0.023261,0.005036,0.019696,0.003361,0.005042,0.023261,0.0,0.003496,1.0,0.01,0.005036,8.107457,0.001605,1.0,4.292485,1.0,0.0,1.0,1.0,0.0,0.005036,8.107457,0.001605,1.0,4.292485,1.0,0.003421,0.300258,0.001641,0.021187,0.02,0.0,0.0,0.0,0.0,0.0,0.0,0.0,0.0,0.0,0.0,0.1
frb/frb35-17-5.partial.wcnf,595.0,28816.0,595.0,28221.0,0.0,0.021084,0.15,0.021084,0.331975,0.063966,0.0,0.333333,0.026491,0.005035,0.021264,0.003361,0.005042,0.026491,0.0,0.004075,1.0,0.02,0.005035,8.108709,0.001559,1.0,4.202499,1.0,0.0,1.0,1.0,0.0,0.005035,8.108709,0.001559,1.0,4.202499,1.0,0.003418,0.279523,0.001595,0.021048,0.01,0.0,0.0,0.0,0.0,0.0,0.0,0.0,0.0,0.0,0.0,0.1
frb/frb40-19-3.partial.wcnf,760.0,41927.0,760.0,41167.0,0.0,0.018461,0.23,0.018461,0.332499,0.050083,0.0,0.333333,0.017488,0.003944,0.016666,0.002632,0.003947,0.017488,0.0,0.002502,1.0,0.03,0.003944,9.167463,0.001385,1.0,4.205485,1.0,0.0,1.0,1.0,0.0,0.003944,9.167463,0.001385,1.0,4.205485,1.0,0.002674,0.268907,0.001409,0.018437,0.03,0.0,0.0,0.0,0.0,0.0,0.0,0.0,0.0,0.0,0.0,0.16
frb/frb40-19-4.partial.wcnf,760.0,42485.0,760.0,41725.0,0.0,0.018215,0.24,0.018215,0.332534,0.049014,0.0,0.333333,0.016854,0.003944,0.016312,0.002632,0.003947,0.016854,0.0,0.002397,1.0,0.03,0.003944,9.167155,0.001606,1.0,4.232651,1.0,0.0,1.0,1.0,0.0,0.003944,9.167155,0.001606,1.0,4.232651,1.0,0.002673,0.267512,0.00163,0.018191,0.02,0.0,0.0,0.0,0.0,0.0,0.0,0.0,0.0,0.0,0.0,0.16
frb/frb40-19-5.partial.wcnf,760.0,42499.0,760.0,41739.0,0.0,0.018208,0.22,0.018208,0.332535,0.049006,0.0,0.333333,0.01685,0.003944,0.016309,0.002632,0.003947,0.01685,0.0,0.002396,1.0,0.02,0.003944,9.167188,0.001629,1.0,4.251973,1.0,0.0,1.0,1.0,0.0,0.003944,9.167188,0.001629,1.0,4.251973,1.0,0.002673,0.270196,0.001629,0.018184,0.03,0.0,0.0,0.0,0.0,0.0,0.0,0.0,0.0,0.0,0.0,0.15
gen-hyper-tw/GenHyperTW_dubois21.wcnf,,,,,,,,,,,,,,,,,,,,,,,,,,,,,,,,,,,,,,,,,,,,,,,,,,,,,,
HaplotypeAssembly/splitedReads_0.matrix.wcnf,12962.0,51450.0,0.0,0.0,-512.0,-512.0,5.98,-512.0,0.0,0.0,0.0,0.0,0.0,0.0,0.0,0.0,0.0,0.0,-512.0,-512.0,-512.0,0.0,0.0,0.0,0.0,0.0,0.0,0.0,0.0,0.0,0.0,0.0,0.0,0.0,0.0,0.0,0.0,-512.0,0.0,0.0,0.0,0.0,0.0,0.0,0.0,0.0,0.0,0.0,0.0,0.0,0.0,0.0,0.0,0.0
HaplotypeAssembly/splitedReads_158.matrix.wcnf,16983.0,52005.0,0.0,0.0,-512.0,-512.0,5.61,-512.0,0.0,0.0,0.0,0.0,0.0,0.0,0.0,0.0,0.0,0.0,-512.0,-512.0,-512.0,0.0,0.0,0.0,0.0,0.0,0.0,0.0,0.0,0.0,0.0,0.0,0.0,0.0,0.0,0.0,0.0,-512.0,0.0,0.0,0.0,0.0,0.01,0.0,0.0,0.0,0.0,0.0,0.0,0.0,0.0,0.0,0.0,0.0
HaplotypeAssembly/splitedReads_160.matrix.wcnf,19918.0,59200.0,0.0,0.0,-512.0,-512.0,6.87,-512.0,0.0,0.0,0.0,0.0,0.0,0.0,0.0,0.0,0.0,0.0,-512.0,-512.0,-512.0,0.0,0.0,0.0,0.0,0.0,0.0,0.0,0.0,0.0,0.0,0.0,0.0,0.0,0.0,0.0,0.0,-512.0,0.0,0.0,0.0,0.0,0.0,0.0,0.0,0.0,0.0,0.0,0.0,0.0,0.0,0.0,0.0,0.0
HaplotypeAssembly/splitedReads_18.matrix.wcnf,13050.0,42665.0,0.0,0.0,-512.0,-512.0,4.13,-512.0,0.0,0.0,0.0,0.0,0.0,0.0,0.0,0.0,0.0,0.0,-512.0,-512.0,-512.0,0.0,0.0,0.0,0.0,0.0,0.0,0.0,0.0,0.0,0.0,0.0,0.0,0.0,0.0,0.0,0.0,-512.0,0.0,0.0,0.0,0.0,0.0,0.0,0.0,0.0,0.0,0.0,0.0,0.0,0.0,0.0,0.0,0.0
HaplotypeAssembly/splitedReads_414.matrix.wcnf,14276.0,45940.0,0.0,0.0,-512.0,-512.0,4.83,-512.0,0.0,0.0,0.0,0.0,0.0,0.0,0.0,0.0,0.0,0.0,-512.0,-512.0,-512.0,0.0,0.0,0.0,0.0,0.0,0.0,0.0,0.0,0.0,0.0,0.0,0.0,0.0,0.0,0.0,0.0,-512.0,0.0,0.0,0.0,0.0,0.0,0.0,0.0,0.0,0.0,0.0,0.0,0.0,0.0,0.0,0.0,0.0
jobshop/ft10-808-1090.wcnf,110641.0,1151201.0,284.0,283.0,388.580986,4066.848057,1.39,1.003534,0.0,0.0,0.0,0.0,0.0,0.007042,0.0,0.007042,0.007042,0.0,0.0,1.0,1.0,0.0,0.007042,8.38158,0.003534,1.0,0.023406,1.0,0.0,1.0,1.0,0.0,0.007042,8.38158,0.003534,1.0,0.023406,1.0,0.007042,8.38158,0.003534,1.0,0.0,0.0,0.0,0.0,0.0,0.0,0.0,0.0,0.0,0.0,0.0,0.0
jobshop/orb08-894-1058.wcnf,107409.0,1121427.0,166.0,165.0,646.042169,6795.527273,1.29,1.006061,0.0,0.0,0.0,0.0,0.0,0.012048,0.0,0.012048,0.012048,0.0,0.0,1.0,1.0,0.0,0.012048,6.383691,0.006061,1.0,0.036801,1.0,0.0,1.0,1.0,0.0,0.012048,6.383691,0.006061,1.0,0.036801,1.0,0.012048,6.383691,0.006061,1.0,0.0,0.0,0.0,0.0,0.0,0.0,0.0,0.0,0.0,0.0,0.0,0.0
kbtree/kbtree9_7_3_5_30_3.wcsp.wcnf,280.0,1112.0,0.0,0.0,-512.0,-512.0,0.01,-512.0,0.0,0.0,0.0,0.0,0.0,0.0,0.0,0.0,0.0,0.0,-512.0,-512.0,-512.0,0.0,0.0,0.0,0.0,0.0,0.0,0.0,0.0,0.0,0.0,0.0,0.0,0.0,0.0,0.0,0.0,-512.0,0.0,0.0,0.0,0.0,0.0,0.0,0.0,0.0,0.0,0.0,0.0,0.0,0.0,0.0,0.0,0.0
kbtree/kbtree9_7_3_5_40_1.wcsp.wcnf,280.0,1214.0,0.0,0.0,-512.0,-512.0,0.01,-512.0,0.0,0.0,0.0,0.0,0.0,0.0,0.0,0.0,0.0,0.0,-512.0,-512.0,-512.0,0.0,0.0,0.0,0.0,0.0,0.0,0.0,0.0,0.0,0.0,0.0,0.0,0.0,0.0,0.0,0.0,-512.0,0.0,0.0,0.0,0.0,0.0,0.0,0.0,0.0,0.0,0.0,0.0,0.0,0.0,0.0,0.0,0.0
kbtree/kbtree9_7_3_5_50_4.wcsp.wcnf,280.0,1259.0,0.0,0.0,-512.0,-512.0,0.02,-512.0,0.0,0.0,0.0,0.0,0.0,0.0,0.0,0.0,0.0,0.0,-512.0,-512.0,-512.0,0.0,0.0,0.0,0.0,0.0,0.0,0.0,0.0,0.0,0.0,0.0,0.0,0.0,0.0,0.0,0.0,-512.0,0.0,0.0,0.0,0.0,0.0,0.0,0.0,0.0,0.0,0.0,0.0,0.0,0.0,0.0,0.0,0.0
kbtree/kbtree9_7_3_5_50_6.wcsp.wcnf,280.0,1264.0,0.0,0.0,-512.0,-512.0,0.01,-512.0,0.0,0.0,0.0,0.0,0.0,0.0,0.0,0.0,0.0,0.0,-512.0,-512.0,-512.0,0.0,0.0,0.0,0.0,0.0,0.0,0.0,0.0,0.0,0.0,0.0,0.0,0.0,0.0,0.0,0.0,-512.0,0.0,0.0,0.0,0.0,0.0,0.0,0.0,0.0,0.0,0.0,0.0,0.0,0.0,0.0,0.0,0.0
kbtree/kbtree9_7_3_5_70_5.wcsp.wcnf,280.0,1308.0,0.0,0.0,-512.0,-512.0,0.0,-512.0,0.0,0.0,0.0,0.0,0.0,0.0,0.0,0.0,0.0,0.0,-512.0,-512.0,-512.0,0.0,0.0,0.0,0.0,0.0,0.0,0.0,0.0,0.0,0.0,0.0,0.0,0.0,0.0,0.0,0.0,-512.0,0.0,0.0,0.0,0.0,0.0,0.0,0.0,0.0,0.0,0.0,0.0,0.0,0.0,0.0,0.0,0.0
kbtree/kbtree9_7_3_5_80_2.wcsp.wcnf,280.0,1309.0,0.0,0.0,-512.0,-512.0,0.0,-512.0,0.0,0.0,0.0,0.0,0.0,0.0,0.0,0.0,0.0,0.0,-512.0,-512.0,-512.0,0.0,0.0,0.0,0.0,0.0,0.0,0.0,0.0,0.0,0.0,0.0,0.0,0.0,0.0,0.0,0.0,-512.0,0.0,0.0,0.0,0.0,0.0,0.0,0.0,0.0,0.0,0.0,0.0,0.0,0.0,0.0,0.0,0.0
kbtree/kbtree9_7_3_5_90_4.wcsp.wcnf,280.0,1309.0,0.0,0.0,-512.0,-512.0,0.0,-512.0,0.0,0.0,0.0,0.0,0.0,0.0,0.0,0.0,0.0,0.0,-512.0,-512.0,-512.0,0.0,0.0,0.0,0.0,0.0,0.0,0.0,0.0,0.0,0.0,0.0,0.0,0.0,0.0,0.0,0.0,-512.0,0.0,0.0,0.0,0.0,0.0,0.0,0.0,0.0,0.0,0.0,0.0,0.0,0.0,0.0,0.0,0.0
kbtree/kbtree9_7_3_5_90_5.wcsp.wcnf,280.0,1309.0,0.0,0.0,-512.0,-512.0,0.0,-512.0,0.0,0.0,0.0,0.0,0.0,0.0,0.0,0.0,0.0,0.0,-512.0,-512.0,-512.0,0.0,0.0,0.0,0.0,0.0,0.0,0.0,0.0,0.0,0.0,0.0,0.0,0.0,0.0,0.0,0.0,-512.0,0.0,0.0,0.0,0.0,0.0,0.0,0.0,0.0,0.0,0.0,0.0,0.0,0.0,0.0,0.0,0.0
logic-synthesis/normalized-apex4.a.opb.msat.wcnf,4316.0,11887.0,0.0,0.0,-512.0,-512.0,0.45,-512.0,0.0,0.0,0.0,0.0,0.0,0.0,0.0,0.0,0.0,0.0,-512.0,-512.0,-512.0,0.0,0.0,0.0,0.0,0.0,0.0,0.0,0.0,0.0,0.0,0.0,0.0,0.0,0.0,0.0,0.0,-512.0,0.0,0.0,0.0,0.0,0.0,0.0,0.0,0.0,0.0,0.0,0.0,0.0,0.0,0.0,0.0,0.0
logic-synthesis/normalized-count.b.opb.msat.wcnf,466.0,1160.0,0.0,0.0,-512.0,-512.0,0.08,-512.0,0.0,0.0,0.0,0.0,0.0,0.0,0.0,0.0,0.0,0.0,-512.0,-512.0,-512.0,0.0,0.0,0.0,0.0,0.0,0.0,0.0,0.0,0.0,0.0,0.0,0.0,0.0,0.0,0.0,0.0,-512.0,0.0,0.0,0.0,0.0,0.0,0.0,0.0,0.0,0.0,0.0,0.0,0.0,0.0,0.0,0.0,0.0
logic-synthesis/normalized-e64.b.opb.msat.wcnf,607.0,1629.0,0.0,0.0,-512.0,-512.0,0.03,-512.0,0.0,0.0,0.0,0.0,0.0,0.0,0.0,0.0,0.0,0.0,-512.0,-512.0,-512.0,0.0,0.0,0.0,0.0,0.0,0.0,0.0,0.0,0.0,0.0,0.0,0.0,0.0,0.0,0.0,0.0,-512.0,0.0,0.0,0.0,0.0,0.0,0.0,0.0,0.0,0.0,0.0,0.0,0.0,0.0,0.0,0.0,0.0
logic-synthesis/normalized-ex5.pi.opb.msat.wcnf,2459.0,3329.0,0.0,0.0,-512.0,-512.0,0.22,-512.0,0.0,0.0,0.0,0.0,0.0,0.0,0.0,0.0,0.0,0.0,-512.0,-512.0,-512.0,0.0,0.0,0.0,0.0,0.0,0.0,0.0,0.0,0.0,0.0,0.0,0.0,0.0,0.0,0.0,0.0,-512.0,0.0,0.0,0.0,0.0,0.0,0.0,0.0,0.0,0.0,0.0,0.0,0.0,0.0,0.0,0.0,0.0
logic-synthesis/normalized-f51m.b.opb.msat.wcnf,406.0,909.0,0.0,0.0,-512.0,-512.0,0.14,-512.0,0.0,0.0,0.0,0.0,0.0,0.0,0.0,0.0,0.0,0.0,-512.0,-512.0,-512.0,0.0,0.0,0.0,0.0,0.0,0.0,0.0,0.0,0.0,0.0,0.0,0.0,0.0,0.0,0.0,0.0,-512.0,0.0,0.0,0.0,0.0,0.0,0.0,0.0,0.0,0.0,0.0,0.0,0.0,0.0,0.0,0.0,0.0
logic-synthesis/normalized-jac3.opb.msat.wcnf,1731.0,2985.0,0.0,0.0,-512.0,-512.0,0.33,-512.0,0.0,0.0,0.0,0.0,0.0,0.0,0.0,0.0,0.0,0.0,-512.0,-512.0,-512.0,0.0,0.0,0.0,0.0,0.0,0.0,0.0,0.0,0.0,0.0,0.0,0.0,0.0,0.0,0.0,0.0,-512.0,0.0,0.0,0.0,0.0,0.0,0.0,0.0,0.0,0.0,0.0,0.0,0.0,0.0,0.0,0.0,0.0
logic-synthesis/normalized-max1024.pi.opb.msat.wcnf,1278.0,2357.0,0.0,0.0,-512.0,-512.0,0.03,-512.0,0.0,0.0,0.0,0.0,0.0,0.0,0.0,0.0,0.0,0.0,-512.0,-512.0,-512.0,0.0,0.0,0.0,0.0,0.0,0.0,0.0,0.0,0.0,0.0,0.0,0.0,0.0,0.0,0.0,0.0,-512.0,0.0,0.0,0.0,0.0,0.0,0.0,0.0,0.0,0.0,0.0,0.0,0.0,0.0,0.0,0.0,0.0
logic-synthesis/normalized-prom2.pi.opb.msat.wcnf,2617.0,4570.0,0.0,0.0,-512.0,-512.0,0.09,-512.0,0.0,0.0,0.0,0.0,0.0,0.0,0.0,0.0,0.0,0.0,-512.0,-512.0,-512.0,0.0,0.0,0.0,0.0,0.0,0.0,0.0,0.0,0.0,0.0,0.0,0.0,0.0,0.0,0.0,0.0,-512.0,0.0,0.0,0.0,0.0,0.0,0.0,0.0,0.0,0.0,0.0,0.0,0.0,0.0,0.0,0.0,0.0
logic-synthesis/normalized-rot.b.opb.msat.wcnf,1451.0,4190.0,0.0,0.0,-512.0,-512.0,0.21,-512.0,0.0,0.0,0.0,0.0,0.0,0.0,0.0,0.0,0.0,0.0,-512.0,-512.0,-512.0,0.0,0.0,0.0,0.0,0.0,0.0,0.0,0.0,0.0,0.0,0.0,0.0,0.0,0.0,0.0,0.0,-512.0,0.0,0.0,0.0,0.0,0.0,0.0,0.0,0.0,0.0,0.0,0.0,0.0,0.0,0.0,0.0,0.0
logic-synthesis/normalized-sao2.b.opb.msat.wcnf,372.0,1021.0,0.0,0.0,-512.0,-512.0,0.06,-512.0,0.0,0.0,0.0,0.0,0.0,0.0,0.0,0.0,0.0,0.0,-512.0,-512.0,-512.0,0.01,0.0,0.0,0.0,0.0,0.0,0.0,0.0,0.0,0.0,0.0,0.0,0.0,0.0,0.0,0.0,-512.0,0.0,0.0,0.0,0.0,0.0,0.0,0.0,0.0,0.0,0.0,0.0,0.0,0.0,0.0,0.0,0.0
maxclique/keller4.clq.wcnf,171.0,5271.0,0.0,0.0,-512.0,-512.0,0.09,-512.0,0.0,0.0,0.0,0.0,0.0,0.0,0.0,0.0,0.0,0.0,-512.0,-512.0,-512.0,0.0,0.0,0.0,0.0,0.0,0.0,0.0,0.0,0.0,0.0,0.0,0.0,0.0,0.0,0.0,0.0,-512.0,0.0,0.0,0.0,0.0,0.0,0.0,0.0,0.0,0.0,0.0,0.0,0.0,0.0,0.0,0.0,0.0
maxclique/keller5.clq.wcnf,776.0,75486.0,0.0,0.0,-512.0,-512.0,13.17,-512.0,0.0,0.0,0.0,0.0,0.0,0.0,0.0,0.0,0.0,0.0,-512.0,-512.0,-512.0,0.01,0.0,0.0,0.0,0.0,0.0,0.0,0.0,0.0,0.0,0.0,0.0,0.0,0.0,0.0,0.0,-512.0,0.0,0.0,0.0,0.0,0.0,0.0,0.0,0.0,0.0,0.0,0.0,0.0,0.0,0.0,0.0,0.0
maxclique/p_hat300-1.clq.wcnf,300.0,34217.0,0.0,0.0,-512.0,-512.0,2.94,-512.0,0.0,0.0,0.0,0.0,0.0,0.0,0.0,0.0,0.0,0.0,-512.0,-512.0,-512.0,0.0,0.0,0.0,0.0,0.0,0.0,0.0,0.0,0.0,0.0,0.0,0.0,0.0,0.0,0.0,0.0,-512.0,0.0,0.0,0.0,0.0,0.0,0.0,0.0,0.0,0.0,0.0,0.0,0.0,0.0,0.0,0.0,0.0
maxclique/san1000.clq.wcnf,1000.0,250000.0,0.0,0.0,-512.0,-512.0,140.6,-512.0,0.0,0.0,0.0,0.0,0.0,0.0,0.0,0.0,0.0,0.0,-512.0,-512.0,-512.0,0.0,0.0,0.0,0.0,0.0,0.0,0.0,0.0,0.0,0.0,0.0,0.0,0.0,0.0,0.0,0.0,-512.0,0.0,0.0,0.0,0.0,0.0,0.0,0.0,0.0,0.0,0.0,0.0,0.0,0.0,0.0,0.0,0.0
maxclique/san200_0.9_3.clq.wcnf,200.0,2190.0,0.0,0.0,-512.0,-512.0,0.02,-512.0,0.0,0.0,0.0,0.0,0.0,0.0,0.0,0.0,0.0,0.0,-512.0,-512.0,-512.0,0.0,0.0,0.0,0.0,0.0,0.0,0.0,0.0,0.0,0.0,0.0,0.0,0.0,0.0,0.0,0.0,-512.0,0.0,0.0,0.0,0.0,0.0,0.0,0.0,0.0,0.0,0.0,0.0,0.0,0.0,0.0,0.0,0.01
maxcut/san400_0.5_1.clq.wcnf,40.0,790.0,40.0,770.0,0.0,0.025974,0.0,0.051948,0.675325,0.493423,0.333333,1.0,0.69281,0.074351,0.053482,0.05,0.075,0.120456,0.0,0.025974,1.0,0.0,0.074351,1.996587,0.037662,1.0,2.679677,0.036945,0.154688,0.0,1.0,1.157699,0.036526,1.977784,0.018182,0.487013,2.355685,0.487013,0.026883,0.202438,0.019481,0.050649,0.0,0.050012,0.148711,0.018182,0.066234,3.078326,0.051933,0.185246,0.038462,0.133333,1.160184,0.12
MaximumCommonSub-GraphExtraction/g2_n26e25_n48e52.wcnf,532.0,15980.0,0.0,0.0,-512.0,-512.0,0.53,-512.0,0.0,0.0,0.0,0.0,0.0,0.0,0.0,0.0,0.0,0.0,-512.0,-512.0,-512.0,0.0,0.0,0.0,0.0,0.0,0.0,0.0,0.0,0.0,0.0,0.0,0.0,0.0,0.0,0.0,0.0,-512.0,0.0,0.0,0.0,0.0,0.0,0.0,0.0,0.0,0.0,0.0,0.0,0.0,0.0,0.0,0.0,0.0
MaximumCommonSub-GraphExtraction/g2_n38e52_n53e67.wcnf,678.0,21659.0,0.0,0.0,-512.0,-512.0,0.81,-512.0,0.0,0.0,0.0,0.0,0.0,0.0,0.0,0.0,0.0,0.0,-512.0,-512.0,-512.0,0.0,0.0,0.0,0.0,0.0,0.0,0.0,0.0,0.0,0.0,0.0,0.0,0.0,0.0,0.0,0.0,-512.0,0.0,0.0,0.0,0.0,0.0,0.0,0.0,0.0,0.0,0.0,0.0,0.0,0.0,0.0,0.0,0.0
MaximumCommonSub-GraphExtraction/g2_n50e50_n58e61.wcnf,1718.0,110417.0,0.0,0.0,-512.0,-512.0,18.42,-512.0,0.0,0.0,0.0,0.0,0.0,0.0,0.0,0.0,0.0,0.0,-512.0,-512.0,-512.0,0.0,0.0,0.0,0.0,0.0,0.0,0.0,0.0,0.0,0.0,0.0,0.0,0.0,0.0,0.0,0.0,-512.0,0.0,0.0,0.0,0.0,0.0,0.0,0.0,0.0,0.0,0.0,0.0,0.0,0.0,0.0,0.0,0.0
MaximumCommonSub-GraphExtraction/g2_n61e85_n120e154.wcnf,1879.0,101119.0,0.0,0.0,-512.0,-512.0,15.23,-512.0,0.0,0.0,0.0,0.0,0.0,0.0,0.0,0.0,0.0,0.0,-512.0,-512.0,-512.0,0.0,0.0,0.0,0.0,0.0,0.0,0.0,0.0,0.0,0.0,0.0,0.0,0.0,0.0,0.0,0.0,-512.0,0.0,0.0,0.0,0.0,0.0,0.0,0.0,0.0,0.0,0.0,0.0,0.0,0.0,0.0,0.0,0.0
MaximumCommonSub-GraphExtraction/g2_n67e83_n68e73.wcnf,1231.0,41436.0,0.0,0.0,-512.0,-512.0,3.09,-512.0,0.0,0.0,0.0,0.0,0.0,0.0,0.0,0.0,0.0,0.0,-512.0,-512.0,-512.0,0.0,0.0,0.0,0.0,0.0,0.0,0.0,0.0,0.0,0.0,0.0,0.0,0.0,0.0,0.0,0.0,-512.0,0.0,0.0,0.0,0.0,0.0,0.0,0.0,0.0,0.0,0.0,0.0,0.0,0.0,0.0,0.0,0.0
MaximumCommonSub-GraphExtraction/g2_n92e110_n96e105.wcnf,1991.0,75998.0,0.0,0.0,-512.0,-512.0,9.45,-512.0,0.0,0.0,0.0,0.0,0.0,0.0,0.0,0.0,0.0,0.0,-512.0,-512.0,-512.0,0.0,0.0,0.0,0.0,0.0,0.0,0.0,0.0,0.0,0.0,0.0,0.0,0.0,0.0,0.0,0.0,-512.0,0.0,0.0,0.0,0.0,0.0,0.0,0.0,0.0,0.0,0.0,0.0,0.0,0.0,0.0,0.0,0.0
MaximumCommonSub-GraphExtraction/g3_n30e43_n40e53_n44e48.wcnf,793.0,20977.0,0.0,0.0,-512.0,-512.0,0.9,-512.0,0.0,0.0,0.0,0.0,0.0,0.0,0.0,0.0,0.0,0.0,-512.0,-512.0,-512.0,0.0,0.0,0.0,0.0,0.0,0.0,0.0,0.0,0.0,0.0,0.0,0.0,0.0,0.0,0.0,0.0,-512.0,0.0,0.0,0.0,0.0,0.0,0.0,0.0,0.0,0.0,0.0,0.0,0.0,0.0,0.0,0.0,0.0
MaximumCommonSub-GraphExtraction/g3_n34e43_n59e60_n71e84.wcnf,1119.0,32442.0,0.0,0.0,-512.0,-512.0,1.9,-512.0,0.0,0.0,0.0,0.0,0.0,0.0,0.0,0.0,0.0,0.0,-512.0,-512.0,-512.0,0.0,0.0,0.0,0.0,0.0,0.0,0.0,0.0,0.0,0.0,0.0,0.0,0.0,0.0,0.0,0.0,-512.0,0.0,0.0,0.0,0.0,0.0,0.0,0.0,0.0,0.0,0.0,0.0,0.0,0.0,0.0,0.0,0.0
MaximumCommonSub-GraphExtraction/g3_n35e48_n41e57_n56e65.wcnf,1143.0,40332.0,0.0,0.0,-512.0,-512.0,2.95,-512.0,0.0,0.0,0.0,0.0,0.0,0.0,0.0,0.0,0.0,0.0,-512.0,-512.0,-512.0,0.0,0.0,0.0,0.0,0.0,0.0,0.0,0.0,0.0,0.0,0.0,0.0,0.0,0.0,0.0,0.0,-512.0,0.0,0.0,0.0,0.0,0.0,0.0,0.0,0.0,0.0,0.0,0.0,0.0,0.0,0.0,0.0,0.0
MaximumCommonSub-GraphExtraction/g3_n37e36_n37e35_n39e39.wcnf,1623.0,73904.0,0.0,0.0,-512.0,-512.0,8.99,-512.0,0.0,0.0,0.0,0.0,0.0,0.0,0.0,0.0,0.0,0.0,-512.0,-512.0,-512.0,0.0,0.0,0.0,0.0,0.0,0.0,0.0,0.0,0.0,0.0,0.0,0.0,0.0,0.0,0.0,0.0,-512.0,0.0,0.0,0.0,0.0,0.0,0.0,0.0,0.0,0.0,0.0,0.0,0.0,0.0,0.0,0.0,0.0
MaximumCommonSub-GraphExtraction/g3_n39e39_n81e90_n91e99.wcnf,1930.0,84661.0,0.0,0.0,-512.0,-512.0,11.9,-512.0,0.0,0.0,0.0,0.0,0.0,0.0,0.0,0.0,0.0,0.0,-512.0,-512.0,-512.0,0.0,0.0,0.0,0.0,0.0,0.0,0.0,0.0,0.0,0.0,0.0,0.0,0.0,0.0,0.0,0.0,-512.0,0.0,0.0,0.0,0.0,0.0,0.0,0.0,0.0,0.0,0.0,0.0,0.0,0.0,0.0,0.0,0.0
MaximumCommonSub-GraphExtraction/g3_n39e42_n61e85_n72e77.wcnf,1716.0,67129.0,0.0,0.0,-512.0,-512.0,7.49,-512.0,0.0,0.0,0.0,0.0,0.0,0.0,0.0,0.0,0.0,0.0,-512.0,-512.0,-512.0,0.0,0.0,0.0,0.0,0.0,0.0,0.0,0.0,0.0,0.0,0.0,0.0,0.0,0.0,0.0,0.0,-512.0,0.0,0.0,0.0,0.0,0.0,0.0,0.0,0.0,0.0,0.0,0.0,0.0,0.0,0.0,0.0,0.0
MaximumCommonSub-GraphExtraction/g3_n52e77_n57e74_n58e75.wcnf,1500.0,45209.0,0.0,0.0,-512.0,-512.0,3.91,-512.0,0.0,0.0,0.0,0.0,0.0,0.0,0.0,0.0,0.0,0.0,-512.0,-512.0,-512.0,0.0,0.0,0.0,0.0,0.0,0.0,0.0,0.0,0.0,0.0,0.0,0.0,0.0,0.0,0.0,0.0,-512.0,0.0,0.0,0.0,0.0,0.0,0.0,0.0,0.0,0.0,0.0,0.0,0.0,0.0,0.0,0.0,0.0
MaximumCommonSub-GraphExtraction/g3_n66e77_n74e84_n94e112.wcnf,2927.0,137040.0,0.0,0.0,-512.0,-512.0,32.23,-512.0,0.0,0.0,0.0,0.0,0.0,0.0,0.0,0.0,0.0,0.0,-512.0,-512.0,-512.0,0.0,0.0,0.0,0.0,0.0,0.0,0.0,0.0,0.0,0.0,0.0,0.0,0.0,0.0,0.0,0.0,-512.0,0.0,0.0,0.0,0.0,0.0,0.0,0.0,0.0,0.0,0.0,0.0,0.0,0.0,0.0,0.0,0.0
MaximumCommonSub-GraphExtraction/g3_n67e86_n89e98_n130e150.wcnf,3278.0,171182.0,0.0,0.0,-512.0,-512.0,49.99,-512.0,0.0,0.0,0.0,0.0,0.0,0.0,0.0,0.0,0.0,0.0,-512.0,-512.0,-512.0,0.0,0.0,0.0,0.0,0.0,0.0,0.0,0.0,0.0,0.0,0.0,0.0,0.0,0.0,0.0,0.0,-512.0,0.0,0.0,0.0,0.0,0.01,0.0,0.0,0.0,0.0,0.0,0.0,0.0,0.0,0.0,0.0,0.0
MaximumCommonSub-GraphExtraction/g4_n58e71_n61e85_n100e127_n104e131.wcnf,4351.0,253944.0,0.0,0.0,-512.0,-512.0,105.57,-512.0,0.0,0.0,0.0,0.0,0.0,0.0,0.0,0.0,0.0,0.0,-512.0,-512.0,-512.0,0.0,0.0,0.0,0.0,0.0,0.0,0.0,0.0,0.0,0.0,0.0,0.0,0.0,0.0,0.0,0.0,-512.0,0.0,0.0,0.0,0.0,0.0,0.0,0.0,0.0,0.0,0.0,0.0,0.0,0.0,0.0,0.0,0.0
MaximumCommonSub-GraphExtraction/g4_n69e80_n69e80_n69e80_n79e87.wcnf,4533.0,204565.0,0.0,0.0,-512.0,-512.0,72.34,-512.0,0.0,0.0,0.0,0.0,0.0,0.0,0.0,0.0,0.0,0.0,-512.0,-512.0,-512.0,0.0,0.0,0.0,0.0,0.0,0.0,0.0,0.0,0.0,0.0,0.0,0.0,0.0,0.0,0.0,0.0,-512.0,0.0,0.0,0.0,0.0,0.0,0.0,0.0,0.0,0.0,0.0,0.0,0.0,0.0,0.0,0.0,0.0
MaximumCommonSub-GraphExtraction/g7_n13e12_n13e12_n13e12_n13e12_n14e13_n15e14_n24e31.wcnf,1051.0,14209.0,0.0,0.0,-512.0,-512.0,0.38,-512.0,0.0,0.0,0.0,0.0,0.0,0.0,0.0,0.0,0.0,0.0,-512.0,-512.0,-512.0,0.0,0.0,0.0,0.0,0.0,0.0,0.0,0.0,0.0,0.0,0.0,0.0,0.0,0.0,0.0,0.0,-512.0,0.0,0.0,0.0,0.0,0.0,0.0,0.0,0.0,0.0,0.0,0.0,0.0,0.0,0.0,0.0,0.0
MaximumCommonSub-GraphExtraction/g8_n44e59_n44e58_n47e63_n58e76_n67e94_n75e107_n123e161_n133e175.wcnf,10629.0,856895.0,0.0,0.0,-512.0,-512.0,1171.01,-512.0,0.0,0.0,0.0,0.0,0.0,0.0,0.0,0.0,0.0,0.0,-512.0,-512.0,-512.0,0.0,0.0,0.0,0.0,0.0,0.0,0.0,0.0,0.0,0.0,0.0,0.0,0.0,0.0,0.0,0.0,-512.0,0.0,0.0,0.0,0.0,0.0,0.0,0.0,0.0,0.0,0.0,0.0,0.0,0.0,0.0,0.0,0.0
maxone/3col140_5_1.shuffled.cnf.wcnf,280.0,1476.0,0.0,0.0,-512.0,-512.0,0.01,-512.0,0.0,0.0,0.0,0.0,0.0,0.0,0.0,0.0,0.0,0.0,-512.0,-512.0,-512.0,0.0,0.0,0.0,0.0,0.0,0.0,0.0,0.0,0.0,0.0,0.0,0.0,0.0,0.0,0.0,0.0,-512.0,0.0,0.0,0.0,0.0,0.0,0.0,0.0,0.0,0.0,0.0,0.0,0.0,0.0,0.0,0.0,0.0
maxone/3col140_5_10.shuffled.cnf.wcnf,280.0,1476.0,0.0,0.0,-512.0,-512.0,0.01,-512.0,0.0,0.0,0.0,0.0,0.0,0.0,0.0,0.0,0.0,0.0,-512.0,-512.0,-512.0,0.0,0.0,0.0,0.0,0.0,0.0,0.0,0.0,0.0,0.0,0.0,0.0,0.0,0.0,0.0,0.0,-512.0,0.0,0.0,0.0,0.0,0.0,0.0,0.0,0.0,0.0,0.0,0.0,0.0,0.0,0.0,0.0,0.0
maxone/3col140_5_3.shuffled.cnf.wcnf,280.0,1476.0,280.0,1190.0,0.0,0.240336,0.02,0.235294,0.401457,0.64346,0.0,1.0,1.182407,0.016939,0.142204,0.007143,0.017857,0.439019,0.0,0.005042,0.121849,0.0,0.016939,3.474598,0.008403,1.0,0.30378,0.251646,0.049892,0.0,1.0,0.342175,0.001381,3.913188,0.0,0.090756,1.251251,0.090756,0.010852,1.23362,0.009244,0.234454,0.01,0.01623,0.097759,0.005042,0.019328,0.741425,0.462776,0.22728,0.380435,0.752381,0.844869,0.06
maxone/3col140_5_6.shuffled.cnf.wcnf,280.0,1476.0,280.0,1190.0,0.0,0.240336,0.01,0.235294,0.381737,0.649613,0.0,1.0,1.138965,0.016939,0.142204,0.007143,0.017857,0.439019,0.0,0.005042,0.121849,0.0,0.016939,3.474598,0.008403,1.0,0.30378,0.251646,0.049892,0.0,1.0,0.342175,0.001297,3.897653,0.0,0.084874,1.211137,0.084874,0.010852,1.23362,0.009244,0.234454,0.0,0.01623,0.097759,0.005042,0.019328,0.741425,0.462772,0.227278,0.380435,0.752381,0.844578,0.08
maxone/3col140_5_7.shuffled.cnf.wcnf,280.0,1476.0,280.0,1190.0,0.0,0.240336,0.02,0.235294,0.392997,0.666226,0.0,1.0,1.173075,0.016939,0.142204,0.007143,0.017857,0.439019,0.0,0.005042,0.121849,0.0,0.016939,3.474598,0.008403,1.0,0.30378,0.251646,0.049892,0.0,1.0,0.342175,0.00145,3.829697,0.0,0.093277,1.255952,0.093277,0.010852,1.23362,0.009244,0.234454,0.0,0.01623,0.097759,0.005042,0.019328,0.741425,0.462769,0.227276,0.380435,0.752381,0.838948,0.08
maxone/3col140_5_8.shuffled.cnf.wcnf,280.0,1476.0,280.0,1190.0,0.0,0.240336,0.01,0.235294,0.390028,0.661748,0.0,1.0,1.151895,0.016939,0.142204,0.007143,0.017857,0.439019,0.0,0.005042,0.121849,0.01,0.016939,3.474598,0.008403,1.0,0.30378,0.251646,0.049892,0.0,1.0,0.342175,0.001279,3.949892,0.0,0.084874,1.116463,0.084874,0.010852,1.23362,0.009244,0.234454,0.0,0.01623,0.097759,0.005042,0.019328,0.741425,0.462772,0.227278,0.380435,0.752381,0.844578,0.06
maxone/3col140_5_9.shuffled.cnf.wcnf,280.0,1476.0,0.0,0.0,-512.0,-512.0,0.02,-512.0,0.0,0.0,0.0,0.0,0.0,0.0,0.0,0.0,0.0,0.0,-512.0,-512.0,-512.0,0.0,0.0,0.0,0.0,0.0,0.0,0.0,0.0,0.0,0.0,0.0,0.0,0.0,0.0,0.0,0.0,-512.0,0.0,0.0,0.0,0.0,0.0,0.0,0.0,0.0,0.0,0.0,0.0,0.0,0.0,0.0,0.0,0.0
maxone/dp06s06.shuffled.cnf.wcnf,2752.0,9954.0,0.0,0.0,-512.0,-512.0,0.2,-512.0,0.0,0.0,0.0,0.0,0.0,0.0,0.0,0.0,0.0,0.0,-512.0,-512.0,-512.0,0.0,0.0,0.0,0.0,0.0,0.0,0.0,0.0,0.0,0.0,0.0,0.0,0.0,0.0,0.0,0.0,-512.0,0.0,0.0,0.0,0.0,0.0,0.0,0.0,0.0,0.0,0.0,0.0,0.0,0.0,0.0,0.0,0.01
MaxSATQueriesinInterpretableClassifiers/compas_train_8_CNF_2_1.wcnf,13655.0,65837.0,0.0,0.0,-512.0,-512.0,14.63,-512.0,0.0,0.0,0.0,0.0,0.0,0.0,0.0,0.0,0.0,0.0,-512.0,-512.0,-512.0,0.0,0.0,0.0,0.0,0.0,0.0,0.0,0.0,0.0,0.0,0.0,0.0,0.0,0.0,0.0,0.0,-512.0,0.0,0.0,0.0,0.0,0.0,0.0,0.0,0.0,0.0,0.0,0.0,0.0,0.0,0.0,0.0,0.0
MaxSATQueriesinInterpretableClassifiers/compas_train_9_DNF_3_1.wcnf,15321.0,81588.0,0.0,0.0,-512.0,-512.0,19.49,-512.0,0.0,0.0,0.0,0.0,0.0,0.0,0.0,0.0,0.0,0.0,-512.0,-512.0,-512.0,0.0,0.0,0.0,0.0,0.0,0.0,0.0,0.0,0.0,0.0,0.0,0.0,0.0,0.0,0.0,0.0,-512.0,0.0,0.0,0.0,0.0,0.0,0.0,0.0,0.0,0.0,0.0,0.0,0.0,0.0,0.0,0.0,0.0
MaxSATQueriesinInterpretableClassifiers/heart_train_0_DNF_2_1.wcnf,630.0,3986.0,0.0,0.0,-512.0,-512.0,0.06,-512.0,0.0,0.0,0.0,0.0,0.0,0.0,0.0,0.0,0.0,0.0,-512.0,-512.0,-512.0,0.0,0.0,0.0,0.0,0.0,0.0,0.0,0.0,0.0,0.0,0.0,0.0,0.0,0.0,0.0,0.0,-512.0,0.0,0.0,0.0,0.0,0.0,0.0,0.0,0.0,0.0,0.0,0.0,0.0,0.0,0.0,0.0,0.0
MaxSATQueriesinInterpretableClassifiers/heart_train_0_DNF_3_1.wcnf,809.0,5769.0,0.0,0.0,-512.0,-512.0,0.12,-512.0,0.0,0.0,0.0,0.0,0.0,0.0,0.0,0.0,0.0,0.0,-512.0,-512.0,-512.0,0.0,0.0,0.0,0.0,0.0,0.0,0.0,0.0,0.0,0.0,0.0,0.0,0.0,0.0,0.0,0.0,-512.0,0.0,0.0,0.0,0.0,0.0,0.0,0.0,0.0,0.0,0.0,0.0,0.0,0.0,0.0,0.0,0.0
MaxSATQueriesinInterpretableClassifiers/ionosphere_train_1_DNF_1_1.wcnf,661.0,7440.0,0.0,0.0,-512.0,-512.0,0.27,-512.0,0.0,0.0,0.0,0.0,0.0,0.0,0.0,0.0,0.0,0.0,-512.0,-512.0,-512.0,0.0,0.0,0.0,0.0,0.0,0.0,0.0,0.0,0.0,0.0,0.0,0.0,0.0,0.0,0.0,0.0,-512.0,0.0,0.0,0.0,0.0,0.0,0.0,0.0,0.0,0.0,0.0,0.0,0.0,0.0,0.0,0.0,0.0
MaxSATQueriesinInterpretableClassifiers/ionosphere_train_2_CNF_2_1.wcnf,829.0,8578.0,0.0,0.0,-512.0,-512.0,0.31,-512.0,0.0,0.0,0.0,0.0,0.0,0.0,0.0,0.0,0.0,0.0,-512.0,-512.0,-512.0,0.0,0.0,0.0,0.0,0.0,0.0,0.0,0.0,0.0,0.0,0.0,0.0,0.0,0.0,0.0,0.0,-512.0,0.0,0.0,0.0,0.0,0.0,0.0,0.0,0.0,0.0,0.0,0.0,0.0,0.0,0.0,0.0,0.0
MaxSATQueriesinInterpretableClassifiers/wdbc_train_0_CNF_3_1.wcnf,1738.0,27667.0,0.0,0.0,-512.0,-512.0,2.29,-512.0,0.0,0.0,0.0,0.0,0.0,0.0,0.0,0.0,0.0,0.0,-512.0,-512.0,-512.0,0.0,0.0,0.0,0.0,0.0,0.0,0.0,0.0,0.0,0.0,0.0,0.0,0.0,0.0,0.0,0.0,-512.0,0.0,0.0,0.0,0.0,0.0,0.0,0.0,0.0,0.0,0.0,0.0,0.0,0.0,0.0,0.0,0.0
mbd/b14_C-mbd14-0225.wcnf,12248.0,31219.0,0.0,0.0,-512.0,-512.0,3.71,-512.0,0.0,0.0,0.0,0.0,0.0,0.0,0.0,0.0,0.0,0.0,-512.0,-512.0,-512.0,0.0,0.0,0.0,0.0,0.0,0.0,0.0,0.0,0.0,0.0,0.0,0.0,0.0,0.0,0.0,0.0,-512.0,0.0,0.0,0.0,0.0,0.0,0.0,0.0,0.0,0.0,0.0,0.0,0.0,0.0,0.0,0.0,0.0
mbd/b14_C-mbd14-0307.wcnf,12248.0,31219.0,0.0,0.0,-512.0,-512.0,3.61,-512.0,0.0,0.0,0.0,0.0,0.0,0.0,0.0,0.0,0.0,0.0,-512.0,-512.0,-512.0,0.0,0.0,0.0,0.0,0.0,0.0,0.0,0.0,0.0,0.0,0.0,0.0,0.0,0.0,0.0,0.0,-512.0,0.0,0.0,0.0,0.0,0.0,0.0,0.0,0.0,0.0,0.0,0.0,0.0,0.0,0.0,0.0,0.0
mbd/b17_C-mbd14-0304.wcnf,41290.0,103142.0,0.0,0.0,-512.0,-512.0,35.69,-512.0,0.0,0.0,0.0,0.0,0.0,0.0,0.0,0.0,0.0,0.0,-512.0,-512.0,-512.0,0.0,0.0,0.0,0.0,0.0,0.0,0.0,0.0,0.0,0.0,0.0,0.0,0.0,0.0,0.0,0.0,-512.0,0.0,0.0,0.0,0.0,0.0,0.0,0.0,0.0,0.0,0.0,0.0,0.0,0.0,0.0,0.0,0.0
mbd/b17_C-mbd14-0370.wcnf,41290.0,103142.0,0.0,0.0,-512.0,-512.0,41.78,-512.0,0.0,0.0,0.0,0.0,0.0,0.0,0.0,0.0,0.0,0.0,-512.0,-512.0,-512.0,0.0,0.0,0.0,0.0,0.0,0.0,0.0,0.0,0.0,0.0,0.0,0.0,0.0,0.0,0.0,0.0,-512.0,0.0,0.0,0.0,0.0,0.0,0.0,0.0,0.0,0.0,0.0,0.0,0.0,0.0,0.0,0.0,0.0
mbd/b20_C-mbd14-0328.wcnf,24380.0,62593.0,0.0,0.0,-512.0,-512.0,19.42,-512.0,0.0,0.0,0.0,0.0,0.0,0.0,0.0,0.0,0.0,0.0,-512.0,-512.0,-512.0,0.0,0.0,0.0,0.0,0.0,0.0,0.0,0.0,0.0,0.0,0.0,0.0,0.0,0.0,0.0,0.0,-512.0,0.0,0.0,0.0,0.0,0.0,0.0,0.0,0.0,0.0,0.0,0.0,0.0,0.0,0.0,0.0,0.0
mbd/b20_C-mbd14-0354.wcnf,24380.0,62593.0,0.0,0.0,-512.0,-512.0,13.93,-512.0,0.0,0.0,0.0,0.0,0.0,0.0,0.0,0.0,0.0,0.0,-512.0,-512.0,-512.0,0.0,0.0,0.0,0.0,0.0,0.0,0.0,0.0,0.0,0.0,0.0,0.0,0.0,0.0,0.0,0.0,-512.0,0.0,0.0,0.0,0.0,0.0,0.0,0.0,0.0,0.0,0.0,0.0,0.0,0.0,0.0,0.0,0.0
mbd/b21_C-mbd14-0205.wcnf,24680.0,63673.0,0.0,0.0,-512.0,-512.0,14.54,-512.0,0.0,0.0,0.0,0.0,0.0,0.0,0.0,0.0,0.0,0.0,-512.0,-512.0,-512.0,0.0,0.0,0.0,0.0,0.0,0.0,0.0,0.0,0.0,0.0,0.0,0.0,0.0,0.0,0.0,0.0,-512.0,0.0,0.0,0.0,0.0,0.0,0.0,0.0,0.0,0.0,0.0,0.0,0.0,0.0,0.0,0.0,0.0
mbd/b21_C-mbd14-0217.wcnf,24680.0,63673.0,0.0,0.0,-512.0,-512.0,20.17,-512.0,0.0,0.0,0.0,0.0,0.0,0.0,0.0,0.0,0.0,0.0,-512.0,-512.0,-512.0,0.0,0.0,0.0,0.0,0.0,0.0,0.0,0.0,0.0,0.0,0.0,0.0,0.0,0.0,0.0,0.0,-512.0,0.0,0.0,0.0,0.0,0.0,0.0,0.0,0.0,0.0,0.0,0.0,0.0,0.0,0.0,0.0,0.0
mbd/b21_C-mbd14-0267.wcnf,24680.0,63673.0,0.0,0.0,-512.0,-512.0,20.11,-512.0,0.0,0.0,0.0,0.0,0.0,0.0,0.0,0.0,0.0,0.0,-512.0,-512.0,-512.0,0.0,0.0,0.0,0.0,0.0,0.0,0.0,0.0,0.0,0.0,0.0,0.0,0.0,0.0,0.0,0.0,-512.0,0.0,0.0,0.0,0.0,0.0,0.0,0.0,0.0,0.0,0.0,0.0,0.0,0.0,0.0,0.0,0.0
mbd/b21_C-mbd14-0295.wcnf,24680.0,63673.0,0.0,0.0,-512.0,-512.0,14.5,-512.0,0.0,0.0,0.0,0.0,0.0,0.0,0.0,0.0,0.0,0.0,-512.0,-512.0,-512.0,0.0,0.0,0.0,0.0,0.0,0.0,0.0,0.0,0.0,0.0,0.0,0.0,0.0,0.0,0.0,0.0,-512.0,0.0,0.0,0.0,0.0,0.0,0.0,0.0,0.0,0.0,0.0,0.0,0.0,0.0,0.0,0.0,0.0
mbd/b21_C-mbd14-0349.wcnf,24680.0,63673.0,0.0,0.0,-512.0,-512.0,20.58,-512.0,0.0,0.0,0.0,0.0,0.0,0.0,0.0,0.0,0.0,0.0,-512.0,-512.0,-512.0,0.0,0.0,0.0,0.0,0.0,0.0,0.0,0.0,0.0,0.0,0.0,0.0,0.0,0.0,0.0,0.0,-512.0,0.0,0.0,0.0,0.0,0.0,0.0,0.0,0.0,0.0,0.0,0.0,0.0,0.0,0.0,0.0,0.0
mbd/b22_C-mbd14-0222.wcnf,36295.0,93056.0,0.0,0.0,-512.0,-512.0,30.46,-512.0,0.0,0.0,0.0,0.0,0.0,0.0,0.0,0.0,0.0,0.0,-512.0,-512.0,-512.0,0.0,0.0,0.0,0.0,0.0,0.0,0.0,0.0,0.0,0.0,0.0,0.0,0.0,0.0,0.0,0.0,-512.0,0.0,0.0,0.0,0.0,0.0,0.0,0.0,0.0,0.0,0.0,0.0,0.0,0.0,0.0,0.0,0.0
mbd/b22_C-mbd14-0223.wcnf,36295.0,93056.0,0.0,0.0,-512.0,-512.0,31.59,-512.0,0.0,0.0,0.0,0.0,0.0,0.0,0.0,0.0,0.0,0.0,-512.0,-512.0,-512.0,0.0,0.0,0.0,0.0,0.0,0.0,0.0,0.0,0.0,0.0,0.0,0.0,0.0,0.0,0.0,0.0,-512.0,0.0,0.0,0.0,0.0,0.01,0.0,0.0,0.0,0.0,0.0,0.0,0.0,0.0,0.0,0.0,0.0
mbd/b22_C-mbd14-0240.wcnf,36295.0,93056.0,0.0,0.0,-512.0,-512.0,44.52,-512.0,0.0,0.0,0.0,0.0,0.0,0.0,0.0,0.0,0.0,0.0,-512.0,-512.0,-512.0,0.0,0.0,0.0,0.0,0.0,0.0,0.0,0.0,0.0,0.0,0.0,0.0,0.0,0.0,0.0,0.0,-512.0,0.0,0.0,0.0,0.0,0.0,0.0,0.0,0.0,0.0,0.0,0.0,0.0,0.0,0.0,0.0,0.0
min-fill/MinFill_R0_miles1500.wcnf,,,,,,,,,,,,,,,,,,,,,,,,,,,,,,,,,,,,,,,,,,,,,,,,,,,,,,
min-fill/MinFill_R0_mulsol.i.3.wcnf,,,,,,,,,,,,,,,,,,,,,,,,,,,,,,,,,,,,,,,,,,,,,,,,,,,,,,
min-fill/MinFill_R0_mulsol.i.4.wcnf,,,,,,,,,,,,,,,,,,,,,,,,,,,,,,,,,,,,,,,,,,,,,,,,,,,,,,
min-fill/MinFill_R0_myciel5.wcnf,15416.0,109371.0,0.0,0.0,-512.0,-512.0,21.54,-512.0,0.0,0.0,0.0,0.0,0.0,0.0,0.0,0.0,0.0,0.0,-512.0,-512.0,-512.0,0.0,0.0,0.0,0.0,0.0,0.0,0.0,0.0,0.0,0.0,0.0,0.0,0.0,0.0,0.0,0.0,-512.0,0.0,0.0,0.0,0.0,0.0,0.0,0.0,0.0,0.0,0.0,0.0,0.0,0.0,0.0,0.0,0.0
min-fill/MinFill_R3_david.wcnf,10032.0,55736.0,0.0,0.0,-512.0,-512.0,8.64,-512.0,0.0,0.0,0.0,0.0,0.0,0.0,0.0,0.0,0.0,0.0,-512.0,-512.0,-512.0,0.0,0.0,0.0,0.0,0.0,0.0,0.0,0.0,0.0,0.0,0.0,0.0,0.0,0.0,0.0,0.0,-512.0,0.0,0.0,0.0,0.0,0.0,0.0,0.0,0.0,0.0,0.0,0.0,0.0,0.0,0.0,0.0,0.0
mqc/10tree1020p.wcnf,6750.0,25949.0,0.0,0.0,-512.0,-512.0,1.83,-512.0,0.0,0.0,0.0,0.0,0.0,0.0,0.0,0.0,0.0,0.0,-512.0,-512.0,-512.0,0.0,0.0,0.0,0.0,0.0,0.0,0.0,0.0,0.0,0.0,0.0,0.0,0.0,0.0,0.0,0.0,-512.0,0.0,0.0,0.0,0.0,0.0,0.0,0.0,0.0,0.0,0.0,0.0,0.0,0.0,0.0,0.0,0.0
mqc/10tree115p.wcnf,6666.0,25669.0,0.0,0.0,-512.0,-512.0,1.93,-512.0,0.0,0.0,0.0,0.0,0.0,0.0,0.0,0.0,0.0,0.0,-512.0,-512.0,-512.0,0.0,0.0,0.0,0.0,0.0,0.0,0.0,0.0,0.0,0.0,0.0,0.0,0.0,0.0,0.0,0.0,-512.0,0.0,0.0,0.0,0.0,0.0,0.0,0.0,0.0,0.0,0.0,0.0,0.0,0.0,0.0,0.0,0.0
mqc/10tree125p.wcnf,6726.0,25869.0,0.0,0.0,-512.0,-512.0,2.27,-512.0,0.0,0.0,0.0,0.0,0.0,0.0,0.0,0.0,0.0,0.0,-512.0,-512.0,-512.0,0.0,0.0,0.0,0.0,0.0,0.0,0.0,0.0,0.0,0.0,0.0,0.0,0.0,0.0,0.0,0.0,-512.0,0.0,0.0,0.0,0.0,0.0,0.0,0.0,0.0,0.0,0.0,0.0,0.0,0.0,0.0,0.0,0.0
mqc/10tree315p.wcnf,6666.0,25669.0,0.0,0.0,-512.0,-512.0,1.82,-512.0,0.0,0.0,0.0,0.0,0.0,0.0,0.0,0.0,0.0,0.0,-512.0,-512.0,-512.0,0.0,0.0,0.0,0.0,0.0,0.0,0.0,0.0,0.0,0.0,0.0,0.0,0.0,0.0,0.0,0.0,-512.0,0.0,0.0,0.0,0.0,0.0,0.0,0.0,0.0,0.0,0.0,0.0,0.0,0.0,0.0,0.0,0.0
mqc/10tree320p.wcnf,4568.0,16598.0,0.0,0.0,-512.0,-512.0,0.97,-512.0,0.0,0.0,0.0,0.0,0.0,0.0,0.0,0.0,0.0,0.0,-512.0,-512.0,-512.0,0.0,0.0,0.0,0.0,0.0,0.0,0.0,0.0,0.0,0.0,0.0,0.0,0.0,0.0,0.0,0.0,-512.0,0.0,0.0,0.0,0.0,0.0,0.0,0.0,0.0,0.0,0.0,0.0,0.0,0.0,0.0,0.0,0.0
mqc/10tree730p.wcnf,6816.0,26169.0,0.0,0.0,-512.0,-512.0,1.87,-512.0,0.0,0.0,0.0,0.0,0.0,0.0,0.0,0.0,0.0,0.0,-512.0,-512.0,-512.0,0.0,0.0,0.0,0.0,0.0,0.0,0.0,0.0,0.0,0.0,0.0,0.0,0.0,0.0,0.0,0.0,-512.0,0.0,0.0,0.0,0.0,0.0,0.0,0.0,0.0,0.0,0.0,0.0,0.0,0.0,0.0,0.0,0.0
mqc/10tree825p.wcnf,4632.0,16790.0,0.0,0.0,-512.0,-512.0,0.97,-512.0,0.0,0.0,0.0,0.0,0.0,0.0,0.0,0.0,0.0,0.0,-512.0,-512.0,-512.0,0.01,0.0,0.0,0.0,0.0,0.0,0.0,0.0,0.0,0.0,0.0,0.0,0.0,0.0,0.0,0.0,-512.0,0.0,0.0,0.0,0.0,0.0,0.0,0.0,0.0,0.0,0.0,0.0,0.0,0.0,0.0,0.0,0.0
mqc/15tree101p.wcnf,22315.0,84861.0,0.0,0.0,-512.0,-512.0,20.19,-512.0,0.0,0.0,0.0,0.0,0.0,0.0,0.0,0.0,0.0,0.0,-512.0,-512.0,-512.0,0.0,0.0,0.0,0.0,0.0,0.0,0.0,0.0,0.0,0.0,0.0,0.0,0.0,0.0,0.0,0.0,-512.0,0.0,0.0,0.0,0.0,0.0,0.0,0.0,0.0,0.0,0.0,0.0,0.0,0.0,0.0,0.0,0.0
mqc/15tree301posib.wcnf,38765.0,152666.0,0.0,0.0,-512.0,-512.0,55.19,-512.0,0.0,0.0,0.0,0.0,0.0,0.0,0.0,0.0,0.0,0.0,-512.0,-512.0,-512.0,0.0,0.0,0.0,0.0,0.0,0.0,0.0,0.0,0.0,0.0,0.0,0.0,0.0,0.0,0.0,0.0,-512.0,0.0,0.0,0.0,0.0,0.0,0.0,0.0,0.0,0.0,0.0,0.0,0.0,0.0,0.0,0.0,0.0
mqc/15tree401posib.wcnf,38248.0,151771.0,0.0,0.0,-512.0,-512.0,54.32,-512.0,0.0,0.0,0.0,0.0,0.0,0.0,0.0,0.0,0.0,0.0,-512.0,-512.0,-512.0,0.0,0.0,0.0,0.0,0.0,0.0,0.0,0.0,0.0,0.0,0.0,0.0,0.0,0.0,0.0,0.0,-512.0,0.0,0.0,0.0,0.0,0.0,0.0,0.0,0.0,0.0,0.0,0.0,0.0,0.0,0.0,0.0,0.0
mqc/15tree501p.wcnf,38304.0,155931.0,0.0,0.0,-512.0,-512.0,54.77,-512.0,0.0,0.0,0.0,0.0,0.0,0.0,0.0,0.0,0.0,0.0,-512.0,-512.0,-512.0,0.0,0.0,0.0,0.0,0.0,0.0,0.0,0.0,0.0,0.0,0.0,0.0,0.0,0.0,0.0,0.0,-512.0,0.0,0.0,0.0,0.0,0.0,0.0,0.0,0.0,0.0,0.0,0.0,0.0,0.0,0.0,0.0,0.01
optic/gen_add_4_33.wcnf,436.0,13608.0,0.0,0.0,-512.0,-512.0,0.91,-512.0,0.0,0.0,0.0,0.0,0.0,0.0,0.0,0.0,0.0,0.0,-512.0,-512.0,-512.0,0.0,0.0,0.0,0.0,0.0,0.0,0.0,0.0,0.0,0.0,0.0,0.0,0.0,0.0,0.0,0.0,-512.0,0.0,0.0,0.0,0.0,0.0,0.0,0.0,0.0,0.0,0.0,0.0,0.0,0.0,0.0,0.0,0.0
optic/gen_add_5_33.wcnf,1396.0,147495.0,0.0,0.0,-512.0,-512.0,69.63,-512.0,0.0,0.0,0.0,0.0,0.0,0.0,0.0,0.0,0.0,0.0,-512.0,-512.0,-512.0,0.0,0.0,0.0,0.0,0.0,0.0,0.0,0.0,0.0,0.0,0.0,0.0,0.0,0.0,0.0,0.0,-512.0,0.0,0.0,0.0,0.0,0.0,0.0,0.0,0.0,0.0,0.0,0.0,0.0,0.0,0.0,0.0,0.0
optic/gen_cvc-add3-carry2-gadget_33.wcnf,153.0,1326.0,0.0,0.0,-512.0,-512.0,0.03,-512.0,0.0,0.0,0.0,0.0,0.0,0.0,0.0,0.0,0.0,0.0,-512.0,-512.0,-512.0,0.0,0.0,0.0,0.0,0.0,0.0,0.0,0.0,0.0,0.0,0.0,0.0,0.0,0.0,0.0,0.0,-512.0,0.0,0.0,0.0,0.0,0.0,0.0,0.0,0.0,0.0,0.0,0.0,0.0,0.0,0.0,0.0,0.0
optic/gen_cvc-add3-carry2-gadget_9999.wcnf,153.0,843.0,0.0,0.0,-512.0,-512.0,0.02,-512.0,0.0,0.0,0.0,0.0,0.0,0.0,0.0,0.0,0.0,0.0,-512.0,-512.0,-512.0,0.0,0.0,0.0,0.0,0.0,0.0,0.0,0.0,0.0,0.0,0.0,0.0,0.0,0.0,0.0,0.0,-512.0,0.0,0.0,0.0,0.0,0.0,0.0,0.0,0.0,0.0,0.0,0.0,0.0,0.0,0.0,0.0,0.0
optic/gen_cvc-plus_4_33.wcnf,436.0,12025.0,0.0,0.0,-512.0,-512.0,0.52,-512.0,0.0,0.0,0.0,0.0,0.0,0.0,0.0,0.0,0.0,0.0,-512.0,-512.0,-512.0,0.0,0.0,0.0,0.0,0.0,0.0,0.0,0.0,0.0,0.0,0.0,0.0,0.0,0.0,0.0,0.0,-512.0,0.0,0.0,0.0,0.0,0.0,0.0,0.0,0.0,0.0,0.0,0.0,0.0,0.0,0.0,0.0,0.0
optic/gen_mult_3_5_399.wcnf,768.0,8805.0,0.0,0.0,-512.0,-512.0,0.85,-512.0,0.0,0.0,0.0,0.0,0.0,0.0,0.0,0.0,0.0,0.0,-512.0,-512.0,-512.0,0.0,0.0,0.0,0.0,0.0,0.0,0.0,0.0,0.0,0.0,0.0,0.0,0.0,0.0,0.0,0.0,-512.0,0.0,0.0,0.0,0.0,0.0,0.0,0.0,0.0,0.0,0.0,0.0,0.0,0.0,0.0,0.0,0.0
optic/gen_mult_3_5_9999.wcnf,768.0,6869.0,0.0,0.0,-512.0,-512.0,1.09,-512.0,0.0,0.0,0.0,0.0,0.0,0.0,0.0,0.0,0.0,0.0,-512.0,-512.0,-512.0,0.0,0.0,0.0,0.0,0.0,0.0,0.0,0.0,0.0,0.0,0.0,0.0,0.0,0.0,0.0,0.0,-512.0,0.0,0.0,0.0,0.0,0.0,0.0,0.0,0.0,0.0,0.0,0.0,0.0,0.0,0.0,0.0,0.0
optic/gen_mult_3_6_399.wcnf,1044.0,14596.0,0.0,0.0,-512.0,-512.0,2.57,-512.0,0.0,0.0,0.0,0.0,0.0,0.0,0.0,0.0,0.0,0.0,-512.0,-512.0,-512.0,0.0,0.0,0.0,0.0,0.0,0.0,0.0,0.0,0.0,0.0,0.0,0.0,0.0,0.0,0.0,0.0,-512.0,0.0,0.0,0.0,0.0,0.0,0.0,0.0,0.0,0.0,0.0,0.0,0.0,0.0,0.0,0.0,0.0
optic/gen_mult_4_4_9999.wcnf,1254.0,4739.0,0.0,0.0,-512.0,-512.0,0.22,-512.0,0.0,0.0,0.0,0.0,0.0,0.0,0.0,0.0,0.0,0.0,-512.0,-512.0,-512.0,0.0,0.0,0.0,0.0,0.0,0.0,0.0,0.0,0.0,0.0,0.0,0.0,0.0,0.0,0.0,0.0,-512.0,0.0,0.0,0.0,0.0,0.0,0.0,0.0,0.0,0.0,0.0,0.0,0.0,0.0,0.0,0.0,0.0
optic/gen_square_5_399.wcnf,1742.0,71050.0,0.0,0.0,-512.0,-512.0,294.06,-512.0,0.0,0.0,0.0,0.0,0.0,0.0,0.0,0.0,0.0,0.0,-512.0,-512.0,-512.0,0.0,0.0,0.0,0.0,0.0,0.0,0.0,0.0,0.0,0.0,0.0,0.0,0.0,0.0,0.0,0.0,-512.0,0.0,0.0,0.0,0.0,0.0,0.0,0.0,0.0,0.0,0.0,0.0,0.0,0.0,0.0,0.0,0.0
packup/apt-cudf-universe0ea62c_l1.wcnf,6351.0,21885.0,0.0,0.0,-512.0,-512.0,0.44,-512.0,0.0,0.0,0.0,0.0,0.0,0.0,0.0,0.0,0.0,0.0,-512.0,-512.0,-512.0,0.0,0.0,0.0,0.0,0.0,0.0,0.0,0.0,0.0,0.0,0.0,0.0,0.0,0.0,0.0,0.0,-512.0,0.0,0.0,0.0,0.0,0.0,0.0,0.0,0.0,0.0,0.0,0.0,0.0,0.0,0.0,0.0,0.0
packup/rand196_l2.wcnf,11760.0,83375.0,0.0,0.0,-512.0,-512.0,12.25,-512.0,0.0,0.0,0.0,0.0,0.0,0.0,0.0,0.0,0.0,0.0,-512.0,-512.0,-512.0,0.0,0.0,0.0,0.0,0.0,0.0,0.0,0.0,0.0,0.0,0.0,0.0,0.0,0.0,0.0,0.0,-512.0,0.0,0.0,0.0,0.0,0.0,0.0,0.0,0.0,0.0,0.0,0.0,0.0,0.0,0.0,0.0,0.0
packup/rand209_l2.wcnf,11872.0,84271.0,0.0,0.0,-512.0,-512.0,10.62,-512.0,0.0,0.0,0.0,0.0,0.0,0.0,0.0,0.0,0.0,0.0,-512.0,-512.0,-512.0,0.0,0.0,0.0,0.0,0.0,0.0,0.0,0.0,0.0,0.0,0.0,0.0,0.0,0.0,0.0,0.0,-512.0,0.0,0.0,0.0,0.0,0.0,0.0,0.0,0.0,0.0,0.0,0.0,0.0,0.0,0.0,0.0,0.0
packup/rand21_l2.wcnf,11853.0,83727.0,0.0,0.0,-512.0,-512.0,12.74,-512.0,0.0,0.0,0.0,0.0,0.0,0.0,0.0,0.0,0.0,0.0,-512.0,-512.0,-512.0,0.0,0.0,0.0,0.0,0.0,0.0,0.0,0.0,0.0,0.0,0.0,0.0,0.0,0.0,0.0,0.0,-512.0,0.0,0.0,0.0,0.0,0.0,0.0,0.0,0.0,0.0,0.0,0.0,0.0,0.0,0.0,0.0,0.0
packup/rand290_l2.wcnf,12450.0,88441.0,0.0,0.0,-512.0,-512.0,11.25,-512.0,0.0,0.0,0.0,0.0,0.0,0.0,0.0,0.0,0.0,0.0,-512.0,-512.0,-512.0,0.0,0.0,0.0,0.0,0.0,0.0,0.0,0.0,0.0,0.0,0.0,0.0,0.0,0.0,0.0,0.0,-512.0,0.0,0.0,0.0,0.0,0.0,0.0,0.0,0.0,0.0,0.0,0.0,0.0,0.0,0.0,0.0,0.0
packup/rand308_l2.wcnf,8021.0,51772.0,0.0,0.0,-512.0,-512.0,3.2,-512.0,0.0,0.0,0.0,0.0,0.0,0.0,0.0,0.0,0.0,0.0,-512.0,-512.0,-512.0,0.0,0.0,0.0,0.0,0.0,0.0,0.0,0.0,0.0,0.0,0.0,0.0,0.0,0.0,0.0,0.0,-512.0,0.0,0.0,0.0,0.0,0.0,0.0,0.0,0.0,0.0,0.0,0.0,0.0,0.0,0.0,0.0,0.0
packup/rand313_l2.wcnf,12048.0,85873.0,0.0,0.0,-512.0,-512.0,12.47,-512.0,0.0,0.0,0.0,0.0,0.0,0.0,0.0,0.0,0.0,0.0,-512.0,-512.0,-512.0,0.0,0.0,0.0,0.0,0.0,0.0,0.0,0.0,0.0,0.0,0.0,0.0,0.0,0.0,0.0,0.0,-512.0,0.0,0.0,0.0,0.0,0.0,0.0,0.0,0.0,0.0,0.0,0.0,0.0,0.0,0.0,0.0,0.0
packup/rand507_l2.wcnf,8100.0,51681.0,0.0,0.0,-512.0,-512.0,0.67,-512.0,0.0,0.0,0.0,0.0,0.0,0.0,0.0,0.0,0.0,0.0,-512.0,-512.0,-512.0,0.0,0.0,0.0,0.0,0.0,0.0,0.0,0.0,0.0,0.0,0.0,0.0,0.0,0.0,0.0,0.0,-512.0,0.0,0.0,0.0,0.0,0.0,0.0,0.0,0.0,0.0,0.0,0.0,0.0,0.0,0.0,0.0,0.0
packup/rand7_l2.wcnf,11938.0,86169.0,0.0,0.0,-512.0,-512.0,11.02,-512.0,0.0,0.0,0.0,0.0,0.0,0.0,0.0,0.0,0.0,0.0,-512.0,-512.0,-512.0,0.0,0.0,0.0,0.0,0.0,0.0,0.0,0.0,0.0,0.0,0.0,0.0,0.0,0.0,0.0,0.0,-512.0,0.0,0.0,0.0,0.0,0.0,0.0,0.0,0.0,0.0,0.0,0.0,0.0,0.0,0.0,0.0,0.0
packup/rand717_l2.wcnf,12300.0,87764.0,0.0,0.0,-512.0,-512.0,13.35,-512.0,0.0,0.0,0.0,0.0,0.0,0.0,0.0,0.0,0.0,0.0,-512.0,-512.0,-512.0,0.0,0.0,0.0,0.0,0.0,0.0,0.0,0.0,0.0,0.0,0.0,0.0,0.0,0.0,0.0,0.0,-512.0,0.0,0.0,0.0,0.0,0.0,0.0,0.0,0.0,0.0,0.0,0.0,0.0,0.0,0.0,0.0,0.0
packup/rand943_l2.wcnf,12758.0,90972.0,0.0,0.0,-512.0,-512.0,12.31,-512.0,0.0,0.0,0.0,0.0,0.0,0.0,0.0,0.0,0.0,0.0,-512.0,-512.0,-512.0,0.0,0.0,0.0,0.0,0.0,0.0,0.0,0.0,0.0,0.0,0.0,0.0,0.0,0.0,0.0,0.0,-512.0,0.0,0.0,0.0,0.0,0.0,0.0,0.0,0.0,0.0,0.0,0.0,0.0,0.0,0.0,0.0,0.0
protein_ins/1bpi_.2knt_.g.wcnf.t.wcnf,,,,,,,,,,,,,,,,,,,,,,,,,,,,,,,,,,,,,,,,,,,,,,,,,,,,,,
protein_ins/1bpi_.5pti_.g.wcnf.t.wcnf,,,,,,,,,,,,,,,,,,,,,,,,,,,,,,,,,,,,,,,,,,,,,,,,,,,,,,
protein_ins/2knt_.5pti_.g.wcnf.t.wcnf,,,,,,,,,,,,,,,,,,,,,,,,,,,,,,,,,,,,,,,,,,,,,,,,,,,,,,
protein_ins/3ebx_.1era_.g.wcnf.t.wcnf,,,,,,,,,,,,,,,,,,,,,,,,,,,,,,,,,,,,,,,,,,,,,,,,,,,,,,
protein_ins/p1.wcnf.t.wcnf,,,,,,,,,,,,,,,,,,,,,,,,,,,,,,,,,,,,,,,,,,,,,,,,,,,,,,
pseudoBoolean/normalized-g15x15.opb.msat.wcnf,225.0,450.0,0.0,0.0,-512.0,-512.0,0.01,-512.0,0.0,0.0,0.0,0.0,0.0,0.0,0.0,0.0,0.0,0.0,-512.0,-512.0,-512.0,0.0,0.0,0.0,0.0,0.0,0.0,0.0,0.0,0.0,0.0,0.0,0.0,0.0,0.0,0.0,0.0,-512.0,0.0,0.0,0.0,0.0,0.0,0.0,0.0,0.0,0.0,0.0,0.0,0.0,0.0,0.0,0.0,0.0
pseudoBoolean/normalized-ssa7552-038.opb.msat.wcnf,3002.0,7898.0,0.0,0.0,-512.0,-512.0,0.17,-512.0,0.0,0.0,0.0,0.0,0.0,0.0,0.0,0.0,0.0,0.0,-512.0,-512.0,-512.0,0.0,0.0,0.0,0.0,0.0,0.0,0.0,0.0,0.0,0.0,0.0,0.0,0.0,0.0,0.0,0.0,-512.0,0.0,0.0,0.0,0.0,0.0,0.0,0.0,0.0,0.0,0.0,0.0,0.0,0.0,0.0,0.0,0.0
pseudoBoolean/normalized-ssa7552-159.opb.msat.wcnf,2726.0,6877.0,0.0,0.0,-512.0,-512.0,0.13,-512.0,0.0,0.0,0.0,0.0,0.0,0.0,0.0,0.0,0.0,0.0,-512.0,-512.0,-512.0,0.0,0.0,0.0,0.0,0.0,0.0,0.0,0.0,0.0,0.0,0.0,0.0,0.0,0.0,0.0,0.0,-512.0,0.0,0.0,0.0,0.0,0.0,0.0,0.0,0.0,0.0,0.0,0.0,0.0,0.0,0.0,0.0,0.0
pseudoBoolean/normalized-ssa7552-160.opb.msat.wcnf,2782.0,7227.0,0.0,0.0,-512.0,-512.0,0.17,-512.0,0.0,0.0,0.0,0.0,0.0,0.0,0.0,0.0,0.0,0.0,-512.0,-512.0,-512.0,0.0,0.0,0.0,0.0,0.0,0.0,0.0,0.0,0.0,0.0,0.0,0.0,0.0,0.0,0.0,0.0,-512.0,0.0,0.0,0.0,0.0,0.0,0.0,0.0,0.0,0.0,0.0,0.0,0.0,0.0,0.0,0.0,0.0
railway-transport/pesp_5min.wcnf,,,,,,,,,,,,,,,,,,,,,,,,,,,,,,,,,,,,,,,,,,,,,,,,,,,,,,
ramsey/ram_k3_n9.ra0.wcnf,36.0,210.0,36.0,189.0,0.0,0.111111,0.0,0.190476,0.84127,0.16876,0.714286,1.0,0.686962,0.156379,0.274114,0.083333,0.194444,0.814444,0.0,0.0,0.037037,0.0,0.156379,0.915531,0.116402,1.0,0.781247,0.450056,0.109002,0.363636,1.0,0.781247,0.108025,0.710192,0.079365,0.555556,0.781247,0.555556,0.17284,0.08954,0.153439,0.185185,0.0,0.199882,0.146469,0.15873,0.253968,1.095152,0.052534,0.128647,0.040816,0.064516,0.814444,0.06
reversi/rev66-10.wcnf,8722.0,52464.0,0.0,0.0,-512.0,-512.0,6.77,-512.0,0.0,0.0,0.0,0.0,0.0,0.0,0.0,0.0,0.0,0.0,-512.0,-512.0,-512.0,0.0,0.0,0.0,0.0,0.0,0.0,0.0,0.0,0.0,0.0,0.0,0.0,0.0,0.0,0.0,0.0,-512.0,0.0,0.0,0.0,0.0,0.0,0.0,0.0,0.0,0.0,0.0,0.0,0.0,0.0,0.0,0.0,0.0
reversi/rev66-6.wcnf,5262.0,31536.0,0.0,0.0,-512.0,-512.0,2.72,-512.0,0.0,0.0,0.0,0.0,0.0,0.0,0.0,0.0,0.0,0.0,-512.0,-512.0,-512.0,0.01,0.0,0.0,0.0,0.0,0.0,0.0,0.0,0.0,0.0,0.0,0.0,0.0,0.0,0.0,0.0,-512.0,0.0,0.0,0.0,0.0,0.0,0.0,0.0,0.0,0.0,0.0,0.0,0.0,0.0,0.0,0.0,0.0
reversi/rev66-8.wcnf,6992.0,42000.0,0.0,0.0,-512.0,-512.0,4.56,-512.0,0.0,0.0,0.0,0.0,0.0,0.0,0.0,0.0,0.0,0.0,-512.0,-512.0,-512.0,0.0,0.0,0.0,0.0,0.0,0.0,0.0,0.0,0.0,0.0,0.0,0.0,0.0,0.0,0.0,0.0,-512.0,0.0,0.0,0.0,0.0,0.0,0.0,0.0,0.0,0.0,0.0,0.0,0.0,0.0,0.0,0.0,0.0
rna-alignment/k50-23-49.rna.pre.wcnf,1759.0,116638.0,0.0,0.0,-512.0,-512.0,12.12,-512.0,0.0,0.0,0.0,0.0,0.0,0.0,0.0,0.0,0.0,0.0,-512.0,-512.0,-512.0,0.0,0.0,0.0,0.0,0.0,0.0,0.0,0.0,0.0,0.0,0.0,0.0,0.0,0.0,0.0,0.0,-512.0,0.0,0.0,0.0,0.0,0.0,0.0,0.0,0.0,0.0,0.0,0.0,0.0,0.0,0.0,0.0,0.0
scheduling/cnf_10_center.wcnf,,,,,,,,,,,,,,,,,,,,,,,,,,,,,,,,,,,,,,,,,,,,,,,,,,,,,,
scheduling/cnf_12_center.wcnf,,,,,,,,,,,,,,,,,,,,,,,,,,,,,,,,,,,,,,,,,,,,,,,,,,,,,,
SeanSafarpour/c6_DD_s3_f1_e2_v1-bug-fourvec-gate-0.dimacs.seq.filtered.wcnf,170019.0,454050.0,0.0,0.0,-512.0,-512.0,1113.6,-512.0,0.0,0.0,0.0,0.0,0.0,0.0,0.0,0.0,0.0,0.0,-512.0,-512.0,-512.0,0.0,0.0,0.0,0.0,0.0,0.0,0.0,0.0,0.0,0.0,0.0,0.0,0.0,0.0,0.0,0.0,-512.0,0.0,0.0,0.0,0.0,0.0,0.0,0.0,0.0,0.0,0.0,0.0,0.0,0.0,0.0,0.0,0.0
SeanSafarpour/dividers9.dimacs.filtered.wcnf,45552.0,162982.0,0.0,0.0,-512.0,-512.0,0.2,-512.0,0.0,0.0,0.0,0.0,0.0,0.0,0.0,0.0,0.0,0.0,-512.0,-512.0,-512.0,0.0,0.0,0.0,0.0,0.0,0.0,0.0,0.0,0.0,0.0,0.0,0.0,0.0,0.0,0.0,0.0,-512.0,0.0,0.0,0.0,0.0,0.0,0.0,0.0,0.0,0.0,0.0,0.0,0.0,0.0,0.0,0.0,0.0
SeanSafarpour/fpu8-problem.dimacs_24.filtered.wcnf,,,,,,,,,,,,,,,,,,,,,,,,,,,,,,,,,,,,,,,,,,,,,,,,,,,,,,
SeanSafarpour/mem_ctrl1.dimacs.filtered.wcnf,,,,,,,,,,,,,,,,,,,,,,,,,,,,,,,,,,,,,,,,,,,,,,,,,,,,,,
SeanSafarpour/rsdecoder_fsm1.dimacs.filtered.wcnf,,,,,,,,,,,,,,,,,,,,,,,,,,,,,,,,,,,,,,,,,,,,,,,,,,,,,,
SeanSafarpour/rsdecoder-problem.dimacs_34.filtered.wcnf,,,,,,,,,,,,,,,,,,,,,,,,,,,,,,,,,,,,,,,,,,,,,,,,,,,,,,
SeanSafarpour/spi-problem.dimacs_42.filtered.wcnf,,,,,,,,,,,,,,,,,,,,,,,,,,,,,,,,,,,,,,,,,,,,,,,,,,,,,,
SeanSafarpour/wb_4m8s3.dimacs.filtered.wcnf,,,,,,,,,,,,,,,,,,,,,,,,,,,,,,,,,,,,,,,,,,,,,,,,,,,,,,
SeanSafarpour/wb1.dimacs.filtered.wcnf,49525.0,140091.0,0.0,0.0,-512.0,-512.0,0.27,-512.0,0.0,0.0,0.0,0.0,0.0,0.0,0.0,0.0,0.0,0.0,-512.0,-512.0,-512.0,0.0,0.0,0.0,0.0,0.0,0.0,0.0,0.0,0.0,0.0,0.0,0.0,0.0,0.0,0.0,0.0,-512.0,0.0,0.0,0.0,0.0,0.0,0.0,0.0,0.0,0.0,0.0,0.0,0.0,0.0,0.0,0.0,0.0
set-covering/scpclr10_maxsat.wcnf,210.0,721.0,0.0,0.0,-512.0,-512.0,0.04,-512.0,0.0,0.0,0.0,0.0,0.0,0.0,0.0,0.0,0.0,0.0,-512.0,-512.0,-512.0,0.01,0.0,0.0,0.0,0.0,0.0,0.0,0.0,0.0,0.0,0.0,0.0,0.0,0.0,0.0,0.0,-512.0,0.0,0.0,0.0,0.0,0.0,0.0,0.0,0.0,0.0,0.0,0.0,0.0,0.0,0.0,0.0,0.0
tpr/b14-s_PathRelaxation_FS_25.wcnf,12161.0,35092.0,0.0,0.0,-512.0,-512.0,7.46,-512.0,0.0,0.0,0.0,0.0,0.0,0.0,0.0,0.0,0.0,0.0,-512.0,-512.0,-512.0,0.0,0.0,0.0,0.0,0.0,0.0,0.0,0.0,0.0,0.0,0.0,0.0,0.0,0.0,0.0,0.0,-512.0,0.0,0.0,0.0,0.0,0.0,0.0,0.0,0.0,0.0,0.0,0.0,0.0,0.0,0.0,0.0,0.0
tpr/b14-s_PathRelaxation_FS_46.wcnf,12161.0,35092.0,0.0,0.0,-512.0,-512.0,7.46,-512.0,0.0,0.0,0.0,0.0,0.0,0.0,0.0,0.0,0.0,0.0,-512.0,-512.0,-512.0,0.0,0.0,0.0,0.0,0.0,0.0,0.0,0.0,0.0,0.0,0.0,0.0,0.0,0.0,0.0,0.0,-512.0,0.0,0.0,0.0,0.0,0.0,0.0,0.0,0.0,0.0,0.0,0.0,0.0,0.0,0.0,0.0,0.0
tpr/b18-s_PathRelaxation_Set_FS_32.wcnf,,,,,,,,,,,,,,,,,,,,,,,,,,,,,,,,,,,,,,,,,,,,,,,,,,,,,,
tpr/b21-s_PathRelaxation_FS_47.wcnf,17693.0,50564.0,0.0,0.0,-512.0,-512.0,16.8,-512.0,0.0,0.0,0.0,0.0,0.0,0.0,0.0,0.0,0.0,0.0,-512.0,-512.0,-512.0,0.0,0.0,0.0,0.0,0.0,0.0,0.0,0.0,0.0,0.0,0.0,0.0,0.0,0.0,0.0,0.0,-512.0,0.0,0.0,0.0,0.0,0.0,0.0,0.0,0.0,0.0,0.0,0.0,0.0,0.0,0.0,0.0,0.0
tpr/b21-s_PathRelaxation_FS_48.wcnf,17693.0,50568.0,0.0,0.0,-512.0,-512.0,14.94,-512.0,0.0,0.0,0.0,0.0,0.0,0.0,0.0,0.0,0.0,0.0,-512.0,-512.0,-512.0,0.0,0.0,0.0,0.0,0.0,0.0,0.0,0.0,0.0,0.0,0.0,0.0,0.0,0.0,0.0,0.0,-512.0,0.0,0.0,0.0,0.0,0.0,0.0,0.0,0.0,0.0,0.0,0.0,0.0,0.0,0.0,0.0,0.0
tpr/b21-s_PathRelaxation_Set_FS_31.wcnf,49714.0,159713.0,0.0,0.0,-512.0,-512.0,151.2,-512.0,0.0,0.0,0.0,0.0,0.0,0.0,0.0,0.0,0.0,0.0,-512.0,-512.0,-512.0,0.0,0.0,0.0,0.0,0.0,0.0,0.0,0.0,0.0,0.0,0.0,0.0,0.0,0.0,0.0,0.0,-512.0,0.0,0.0,0.0,0.0,0.0,0.0,0.0,0.0,0.0,0.0,0.0,0.0,0.0,0.0,0.0,0.0
treewidth-computation/TWComp_1dj7_N73.wcnf,,,,,,,,,,,,,,,,,,,,,,,,,,,,,,,,,,,,,,,,,,,,,,,,,,,,,,
treewidth-computation/TWComp_1en2_N69.wcnf,91700.0,768015.0,0.0,0.0,-512.0,-512.0,1167.49,-512.0,0.0,0.0,0.0,0.0,0.0,0.0,0.0,0.0,0.0,0.0,-512.0,-512.0,-512.0,0.0,0.0,0.0,0.0,0.0,0.0,0.0,0.0,0.0,0.0,0.0,0.0,0.0,0.0,0.0,0.0,-512.0,0.0,0.0,0.0,0.0,0.0,0.0,0.0,0.0,0.0,0.0,0.0,0.0,0.0,0.0,0.0,0.0
treewidth-computation/TWComp_celar09pp_N67.wcnf,84687.0,703259.0,0.0,0.0,-512.0,-512.0,987.2,-512.0,0.0,0.0,0.0,0.0,0.0,0.0,0.0,0.0,0.0,0.0,-512.0,-512.0,-512.0,0.0,0.0,0.0,0.0,0.0,0.0,0.0,0.0,0.0,0.0,0.0,0.0,0.0,0.0,0.0,0.0,-512.0,0.0,0.0,0.0,0.0,0.0,0.0,0.0,0.0,0.0,0.0,0.0,0.0,0.0,0.0,0.0,0.0
treewidth-computation/TWComp_david_N87.wcnf,,,,,,,,,,,,,,,,,,,,,,,,,,,,,,,,,,,,,,,,,,,,,,,,,,,,,,
treewidth-computation/TWComp_eil51.tsp_N51.wcnf,44165.0,316999.0,0.0,0.0,-512.0,-512.0,210.13,-512.0,0.0,0.0,0.0,0.0,0.0,0.0,0.0,0.0,0.0,0.0,-512.0,-512.0,-512.0,0.0,0.0,0.0,0.0,0.0,0.0,0.0,0.0,0.0,0.0,0.0,0.0,0.0,0.0,0.0,0.0,-512.0,0.0,0.0,0.0,0.0,0.0,0.0,0.0,0.0,0.0,0.0,0.0,0.0,0.0,0.0,0.0,0.0
treewidth-computation/TWComp_huck_N74.wcnf,,,,,,,,,,,,,,,,,,,,,,,,,,,,,,,,,,,,,,,,,,,,,,,,,,,,,,
treewidth-computation/TWComp_mulsol.i.5-pp_N119.wcnf,,,,,,,,,,,,,,,,,,,,,,,,,,,,,,,,,,,,,,,,,,,,,,,,,,,,,,
treewidth-computation/TWComp_myciel4_N23.wcnf,6025.0,30519.0,0.0,0.0,-512.0,-512.0,2.13,-512.0,0.0,0.0,0.0,0.0,0.0,0.0,0.0,0.0,0.0,0.0,-512.0,-512.0,-512.0,0.0,0.0,0.0,0.0,0.0,0.0,0.0,0.0,0.0,0.0,0.0,0.0,0.0,0.0,0.0,0.0,-512.0,0.0,0.0,0.0,0.0,0.0,0.0,0.0,0.0,0.0,0.0,0.0,0.0,0.0,0.0,0.0,0.0
treewidth-computation/TWComp_ship-ship-pp_N30.wcnf,11594.0,66448.0,0.0,0.0,-512.0,-512.0,10.07,-512.0,0.0,0.0,0.0,0.0,0.0,0.0,0.0,0.0,0.0,0.0,-512.0,-512.0,-512.0,0.0,0.0,0.0,0.0,0.0,0.0,0.0,0.0,0.0,0.0,0.0,0.0,0.0,0.0,0.0,0.0,-512.0,0.0,0.0,0.0,0.0,0.0,0.0,0.0,0.0,0.0,0.0,0.0,0.0,0.0,0.0,0.0,0.0
treewidth-computation/TWComp_win95pts_N76.wcnf,,,,,,,,,,,,,,,,,,,,,,,,,,,,,,,,,,,,,,,,,,,,,,,,,,,,,,
uaq/uaq-nr-nr130-nc43-n3-k2-rpp4-ppr2-plb50.wcnf,1490.0,2343.0,121.0,120.0,11.31405,18.525,0.0,1.008333,0.0,0.0,0.0,0.0,0.0,0.016529,0.0,0.016529,0.016529,0.0,0.0,1.0,1.0,0.0,0.016529,5.431582,0.008333,1.0,0.047865,1.0,0.0,1.0,1.0,0.0,0.016529,5.431582,0.008333,1.0,0.047865,1.0,0.016529,5.431582,0.008333,1.0,0.0,0.0,0.0,0.0,0.0,0.0,0.0,0.0,0.0,0.0,0.0,0.0
uaq/uaq-nr-nr150-nc50-n3-k2-rpp4-ppr2-plb50.wcnf,1730.0,2680.0,141.0,140.0,11.269504,18.142857,0.01,1.007143,0.0,0.0,0.0,0.0,0.0,0.014184,0.0,0.014184,0.014184,0.0,0.0,1.0,1.0,0.0,0.014184,5.873822,0.007143,1.0,0.042165,1.0,0.0,1.0,1.0,0.0,0.014184,5.873822,0.007143,1.0,0.042165,1.0,0.014184,5.873822,0.007143,1.0,0.0,0.0,0.0,0.0,0.0,0.0,0.0,0.0,0.0,0.0,0.0,0.0
uaq/uaq-nr-nr220-nc73-n3-k2-rpp4-ppr2-plb50.wcnf,2690.0,4049.0,221.0,220.0,11.171946,17.404545,0.02,1.004545,0.0,0.0,0.0,0.0,0.0,0.00905,0.0,0.00905,0.00905,0.0,0.0,1.0,1.0,0.0,0.00905,7.382488,0.004545,1.0,0.028941,1.0,0.0,1.0,1.0,0.0,0.00905,7.382488,0.004545,1.0,0.028941,1.0,0.00905,7.382488,0.004545,1.0,0.0,0.0,0.0,0.0,0.0,0.0,0.0,0.0,0.0,0.0,0.0,0.0
uaq/uaq-plb-nr250-nc83-n5-k2-rpp3-ppr5-plb100.wcnf,2050.0,4274.0,0.0,0.0,-512.0,-512.0,0.05,-512.0,0.0,0.0,0.0,0.0,0.0,0.0,0.0,0.0,0.0,0.0,-512.0,-512.0,-512.0,0.0,0.0,0.0,0.0,0.0,0.0,0.0,0.0,0.0,0.0,0.0,0.0,0.0,0.0,0.0,0.0,-512.0,0.0,0.0,0.0,0.0,0.0,0.0,0.0,0.0,0.0,0.0,0.0,0.0,0.0,0.0,0.0,0.0
uaq/uaq-plb-nr250-nc83-n5-k2-rpp3-ppr5-plb90.wcnf,2050.0,4281.0,0.0,0.0,-512.0,-512.0,0.05,-512.0,0.0,0.0,0.0,0.0,0.0,0.0,0.0,0.0,0.0,0.0,-512.0,-512.0,-512.0,0.0,0.0,0.0,0.0,0.0,0.0,0.0,0.0,0.0,0.0,0.0,0.0,0.0,0.0,0.0,0.0,-512.0,0.0,0.0,0.0,0.0,0.0,0.0,0.0,0.0,0.0,0.0,0.0,0.0,0.0,0.0,0.0,0.0
uaq/uaq-ppr-nr200-nc66-n5-k2-rpp4-ppr6-plb100.wcnf,2046.0,4276.0,0.0,0.0,-512.0,-512.0,0.06,-512.0,0.0,0.0,0.0,0.0,0.0,0.0,0.0,0.0,0.0,0.0,-512.0,-512.0,-512.0,0.0,0.0,0.0,0.0,0.0,0.0,0.0,0.0,0.0,0.0,0.0,0.0,0.0,0.0,0.0,0.0,-512.0,0.0,0.0,0.0,0.0,0.0,0.0,0.0,0.0,0.0,0.0,0.0,0.0,0.0,0.0,0.0,0.0
uaq/uaq-rpp-nr100-nc33-n3-k2-rpp28-ppr2-plb20.wcnf,516.0,4964.0,0.0,0.0,-512.0,-512.0,0.09,-512.0,0.0,0.0,0.0,0.0,0.0,0.0,0.0,0.0,0.0,0.0,-512.0,-512.0,-512.0,0.0,0.0,0.0,0.0,0.0,0.0,0.0,0.0,0.0,0.0,0.0,0.0,0.0,0.0,0.0,0.0,-512.0,0.0,0.0,0.0,0.0,0.0,0.0,0.0,0.0,0.0,0.0,0.0,0.0,0.0,0.0,0.0,0.0
uaq/uaq-rpp-nr100-nc33-n3-k2-rpp6-ppr2-plb20.wcnf,516.0,1664.0,0.0,0.0,-512.0,-512.0,0.01,-512.0,0.0,0.0,0.0,0.0,0.0,0.0,0.0,0.0,0.0,0.0,-512.0,-512.0,-512.0,0.0,0.0,0.0,0.0,0.0,0.0,0.0,0.0,0.0,0.0,0.0,0.0,0.0,0.0,0.0,0.0,-512.0,0.0,0.0,0.0,0.0,0.0,0.0,0.0,0.0,0.0,0.0,0.0,0.0,0.0,0.0,0.0,0.0
vpa/UAutomizer_4BitCounterPointer_true-termination_true-valid-memsafety.c_Abstraction1.wcnf,4278.0,399594.0,0.0,0.0,-512.0,-512.0,2.05,-512.0,0.0,0.0,0.0,0.0,0.0,0.0,0.0,0.0,0.0,0.0,-512.0,-512.0,-512.0,0.0,0.0,0.0,0.0,0.0,0.0,0.0,0.0,0.0,0.0,0.0,0.0,0.0,0.0,0.0,0.0,-512.0,0.0,0.0,0.0,0.0,0.0,0.0,0.0,0.0,0.0,0.0,0.0,0.0,0.0,0.0,0.0,0.0
vpa/UAutomizer_c.03-alloca_true-termination_true-no-overflow.c.i_Abstraction3.wcnf,4656.0,453744.0,0.0,0.0,-512.0,-512.0,2.11,-512.0,0.0,0.0,0.0,0.0,0.0,0.0,0.0,0.0,0.0,0.0,-512.0,-512.0,-512.0,0.01,0.0,0.0,0.0,0.0,0.0,0.0,0.0,0.0,0.0,0.0,0.0,0.0,0.0,0.0,0.0,-512.0,0.0,0.0,0.0,0.0,0.0,0.0,0.0,0.0,0.0,0.0,0.0,0.0,0.0,0.0,0.0,0.0
vpa/UAutomizer_cstrpbrk_diffterm_alloca_true-termination.c.i_Abstraction4.wcnf,2016.0,129663.0,0.0,0.0,-512.0,-512.0,0.49,-512.0,0.0,0.0,0.0,0.0,0.0,0.0,0.0,0.0,0.0,0.0,-512.0,-512.0,-512.0,0.0,0.0,0.0,0.0,0.0,0.0,0.0,0.0,0.0,0.0,0.0,0.0,0.0,0.0,0.0,0.0,-512.0,0.0,0.0,0.0,0.0,0.0,0.0,0.0,0.0,0.0,0.0,0.0,0.0,0.0,0.0,0.0,0.0
vpa/UAutomizer_ll_append-alloca_false-termination.c.i_Abstraction1.wcnf,4278.0,399224.0,0.0,0.0,-512.0,-512.0,1.8,-512.0,0.0,0.0,0.0,0.0,0.0,0.0,0.0,0.0,0.0,0.0,-512.0,-512.0,-512.0,0.0,0.0,0.0,0.0,0.0,0.0,0.0,0.0,0.0,0.0,0.0,0.0,0.0,0.0,0.0,0.0,-512.0,0.0,0.0,0.0,0.0,0.0,0.0,0.0,0.0,0.0,0.0,0.0,0.0,0.0,0.0,0.0,0.0
wqueens/wqueens16_14.wcsp.dir.wcnf,256.0,4640.0,0.0,0.0,-512.0,-512.0,0.07,-512.0,0.0,0.0,0.0,0.0,0.0,0.0,0.0,0.0,0.0,0.0,-512.0,-512.0,-512.0,0.0,0.0,0.0,0.0,0.0,0.0,0.0,0.0,0.0,0.0,0.0,0.0,0.0,0.0,0.0,0.0,-512.0,0.0,0.0,0.0,0.0,0.0,0.0,0.0,0.0,0.0,0.0,0.0,0.0,0.0,0.0,0.0,0.0
xai-mindset2/house-votes-84.wcnf,6706.0,66908.0,0.0,0.0,-512.0,-512.0,10.09,-512.0,0.0,0.0,0.0,0.0,0.0,0.0,0.0,0.0,0.0,0.0,-512.0,-512.0,-512.0,0.0,0.0,0.0,0.0,0.0,0.0,0.0,0.0,0.0,0.0,0.0,0.0,0.0,0.0,0.0,0.0,-512.0,0.0,0.0,0.0,0.0,0.0,0.0,0.0,0.0,0.0,0.0,0.0,0.0,0.0,0.0,0.0,0.0
xai-mindset2/lupus.wcnf,6356.0,37580.0,0.0,0.0,-512.0,-512.0,6.11,-512.0,0.0,0.0,0.0,0.0,0.0,0.0,0.0,0.0,0.0,0.0,-512.0,-512.0,-512.0,0.0,0.0,0.0,0.0,0.0,0.0,0.0,0.0,0.0,0.0,0.0,0.0,0.0,0.0,0.0,0.0,-512.0,0.0,0.0,0.0,0.0,0.0,0.0,0.0,0.0,0.0,0.0,0.0,0.0,0.0,0.0,0.0,0.0
xai-mindset2/tae.wcnf,13621.0,70504.0,0.0,0.0,-512.0,-512.0,15.21,-512.0,0.0,0.0,0.0,0.0,0.0,0.0,0.0,0.0,0.0,0.0,-512.0,-512.0,-512.0,0.0,0.0,0.0,0.0,0.0,0.0,0.0,0.0,0.0,0.0,0.0,0.0,0.0,0.0,0.0,0.0,-512.0,0.0,0.0,0.0,0.0,0.0,0.0,0.0,0.0,0.0,0.0,0.0,0.0,0.0,0.0,0.0,0.0
