instance,algorithm_1,algorithm_2,algorithm_3,algorithm_4,algorithm_5,algorithm_6,algorithm_7,algorithm_8,algorithm_9,algorithm_10,algorithm_11,algorithm_12,algorithm_13,algorithm_14,algorithm_15,algorithm_16,algorithm_17,algorithm_18,algorithm_19
instance_220,18000.0,14.78,18000.0,18000.0,8.67,3.37,5.83,5.38,18000.0,3.07,69.36,1316.97,1.35,0.57,1263.57,1.39,0.56,2.84,1.46
instance_533,259.92,149.46,18000.0,261.62,187.73,3.04,0.34,120.56,18000.0,0.95,2.64,132.42,0.38,3.98,67.86,42.3,26.78,0.85,0.43
instance_505,18000.0,0.04,18000.0,18000.0,0.04,0.03,0.07,0.38,18000.0,0.02,0.08,31.31,0.03,0.05,32.52,0.13,0.08,0.03,0.04
instance_152,18000.0,68.81,18000.0,18000.0,86.72,13.45,288.49,20.6,18000.0,62.12,105.26,1089.58,14.08,40.39,1038.38,57.92,33.35,74.46,35.31
instance_7,18000.0,172.33,18000.0,18000.0,230.14,69.65,275.61,18000.0,18000.0,251.44,943.81,18000.0,79.4,18000.0,18000.0,485.79,228.53,156.96,224.23
instance_403,18000.0,1447.55,18000.0,18000.0,1439.09,183.25,1229.62,18000.0,18000.0,1420.12,18000.0,18000.0,329.81,18000.0,18000.0,18000.0,18000.0,1724.82,443.04
instance_464,2.07,3.88,22.05,2.05,7.67,8.82,55.05,34.71,28.82,7.8,10.81,3.37,8.17,14.85,4.49,60.41,16.98,7.47,7.81
instance_245,584.31,0.43,18000.0,579.98,0.37,0.43,0.31,101.59,18000.0,0.14,0.42,18000.0,0.41,0.13,1354.53,75.16,0.14,0.17,0.15
instance_251,18000.0,2.52,18000.0,18000.0,1.23,3.15,0.5,102.87,18000.0,22.34,18000.0,18000.0,0.44,0.73,18000.0,5.17,1.2,18.09,0.43
instance_508,18000.0,0.03,18000.0,18000.0,0.03,0.02,0.02,0.16,18000.0,0.02,0.09,26.61,0.03,0.02,27.95,0.09,0.02,0.03,0.04
instance_527,936.52,8.72,18000.0,907.17,0.62,0.94,0.19,189.11,18000.0,1.34,5.82,180.37,0.1,4.01,18000.0,30.77,2.75,1.08,0.24
instance_35,18000.0,59.63,18000.0,18000.0,50.22,56.42,27.06,18000.0,18000.0,27.36,174.82,18000.0,52.71,61.28,18000.0,231.61,133.69,63.91,32.18
instance_55,18000.0,34.58,18000.0,18000.0,24.59,1.28,52.76,20.94,18000.0,46.94,220.77,18000.0,8.07,6.18,18000.0,4.89,2.44,57.37,6.75
instance_408,18000.0,7.09,18000.0,18000.0,3.84,0.62,1.79,18000.0,18000.0,14.26,32.79,18000.0,0.98,1.59,18000.0,18000.0,1.29,14.63,4.85
instance_8,18000.0,35.79,18000.0,18000.0,43.94,34.64,18.82,983.88,18000.0,28.02,57.72,18000.0,47.31,39.12,18000.0,194.88,72.68,25.16,21.07
instance_291,18000.0,35.5,18000.0,18000.0,16.28,13.9,32.64,1290.52,18000.0,760.49,18000.0,18000.0,30.47,53.05,18000.0,107.4,32.67,613.98,85.89
instance_494,18000.0,0.19,18000.0,18000.0,0.15,0.07,0.09,0.76,18000.0,0.06,0.27,289.73,0.12,0.1,330.09,0.29,0.16,0.06,0.13
instance_475,18000.0,18000.0,18000.0,18000.0,18000.0,18000.0,18000.0,18000.0,18000.0,18000.0,18000.0,18000.0,18000.0,18000.0,18000.0,18000.0,18000.0,18000.0,18000.0
instance_243,18000.0,95.8,18000.0,18000.0,109.86,29.21,110.66,18000.0,18000.0,76.52,443.3,18000.0,28.38,201.76,1688.03,18000.0,137.38,56.11,74.95
instance_537,472.53,1.36,18000.0,466.32,0.38,0.34,0.1,19.99,18000.0,0.26,3.61,111.0,0.05,0.1,73.02,10.08,0.28,0.22,0.08
instance_373,18000.0,1.14,18000.0,18000.0,1.08,0.33,0.24,42.98,18000.0,0.33,1.03,18000.0,0.34,0.24,18000.0,24.9,0.23,0.3,0.2
instance_570,18000.0,50.66,18000.0,18000.0,15.71,31.45,2.65,229.76,18000.0,54.57,18000.0,18000.0,3.05,6.26,18000.0,40.68,9.59,31.22,2.35
instance_553,18000.0,50.99,18000.0,18000.0,6.02,75.16,6.29,18000.0,18000.0,93.25,18000.0,18000.0,12.11,35.7,18000.0,272.33,46.24,123.73,17.43
instance_183,113.16,2.28,18000.0,113.28,3.09,1.32,13.17,2.76,18000.0,13.26,20.08,217.87,0.9,1.8,146.53,4.06,2.9,6.89,3.43
instance_518,18000.0,0.18,18000.0,18000.0,0.18,0.07,0.1,0.7,18000.0,0.07,0.28,307.3,0.06,0.09,276.61,0.3,0.2,0.07,0.09
instance_146,18000.0,16.21,18000.0,18000.0,14.81,55.99,63.19,24.06,18000.0,57.86,153.2,18000.0,8.54,21.7,18000.0,37.38,46.82,58.28,301.97
instance_387,18000.0,949.92,18000.0,18000.0,198.34,81.87,482.09,18000.0,18000.0,110.02,605.03,18000.0,118.65,18000.0,18000.0,18000.0,148.37,102.83,701.76
instance_491,462.82,0.52,18000.0,459.66,0.5,0.42,0.19,8.2,18000.0,0.28,0.56,18000.0,0.17,0.39,18000.0,3.05,0.52,0.14,0.29
instance_293,18000.0,18000.0,18000.0,18000.0,18000.0,18000.0,18000.0,18000.0,18000.0,18000.0,18000.0,18000.0,18000.0,18000.0,18000.0,18000.0,18000.0,18000.0,18000.0
instance_271,18000.0,14.35,18000.0,18000.0,6.51,2.74,4.38,1046.09,18000.0,391.37,18000.0,18000.0,8.24,7.99,18000.0,264.07,12.17,394.85,3.27
instance_422,18000.0,18000.0,18000.0,18000.0,18000.0,18000.0,18000.0,18000.0,18000.0,18000.0,18000.0,18000.0,18000.0,18000.0,18000.0,18000.0,18000.0,18000.0,18000.0
instance_584,18000.0,65.58,18000.0,18000.0,67.41,24.85,101.33,18000.0,18000.0,76.86,327.07,18000.0,35.09,38.89,18000.0,881.91,85.07,39.01,34.91
instance_74,18000.0,2.27,18000.0,18000.0,1.53,1.26,46.33,16.05,18000.0,61.76,545.77,18000.0,3.16,1.75,18000.0,5.38,0.43,43.55,3.89
instance_210,18000.0,1.39,18000.0,18000.0,1.04,0.53,1.28,0.56,18000.0,0.52,2.89,45.06,0.42,0.12,345.04,0.24,0.12,0.54,1.02
instance_149,18000.0,28.12,18000.0,18000.0,23.95,80.09,43.72,13.19,18000.0,54.17,204.03,18000.0,18.13,8.17,18000.0,25.55,16.54,92.58,50.01
instance_66,18000.0,31.42,18000.0,18000.0,24.26,1.24,54.35,18.84,18000.0,42.31,225.3,18000.0,7.22,6.13,18000.0,4.72,2.15,65.42,6.26
instance_556,18000.0,18000.0,18000.0,18000.0,18.14,81.49,17.73,18000.0,18000.0,281.93,18000.0,18000.0,28.86,10.58,18000.0,151.68,11.14,58.14,23.35
instance_22,18000.0,577.74,18000.0,18000.0,837.33,180.64,594.79,18000.0,18000.0,514.87,1793.67,18000.0,110.27,18000.0,18000.0,1068.26,510.11,516.8,120.65
instance_583,18000.0,402.7,18000.0,18000.0,376.26,20.92,49.41,1625.3,54.02,188.36,18000.0,0.45,16.95,7.35,317.83,24.76,6.91,13.37,0.6
instance_320,18000.0,18.86,18000.0,18000.0,19.04,0.55,0.26,10.41,18000.0,0.47,7.44,18000.0,0.55,1.28,18000.0,4.29,1.31,0.28,0.53
instance_355,18000.0,18000.0,18000.0,18000.0,18000.0,18000.0,18000.0,18000.0,18000.0,18000.0,18000.0,18000.0,18000.0,18000.0,18000.0,18000.0,18000.0,18000.0,18000.0
instance_523,18000.0,25.59,18000.0,18000.0,6.7,6.84,6.29,18000.0,18000.0,19.54,83.3,18000.0,6.97,1440.56,18000.0,1305.04,154.24,20.0,13.31
instance_173,1593.11,4.45,18000.0,1377.05,3.76,1.35,2.41,2.5,18000.0,3.26,12.31,304.42,0.63,1.22,374.54,3.06,1.48,2.23,1.16
instance_227,18000.0,6.49,18000.0,18000.0,4.74,3.04,3.62,3.18,18000.0,1.72,41.7,1036.69,1.24,0.56,1020.81,1.55,0.58,1.57,1.02
instance_167,240.34,0.79,18000.0,227.58,1.29,0.97,4.89,1.24,18000.0,2.85,6.36,104.74,0.31,0.86,80.09,2.24,1.32,2.4,0.85
instance_313,18000.0,1055.14,18000.0,18000.0,765.5,495.88,18000.0,1741.19,18000.0,308.13,523.17,18000.0,484.65,549.36,18000.0,18000.0,535.44,18000.0,1226.14
instance_312,18000.0,27.6,18000.0,18000.0,26.47,0.17,0.07,2.52,18000.0,0.08,2.49,18000.0,0.18,0.36,18000.0,1.23,0.39,0.08,0.15
instance_239,18000.0,386.18,18000.0,18000.0,372.64,90.19,356.43,18000.0,18000.0,221.5,1446.23,18000.0,121.53,808.82,18000.0,18000.0,389.76,274.96,91.03
instance_536,105.15,0.2,147.11,104.95,0.38,0.32,0.08,25.96,147.54,0.18,0.9,49.59,0.04,0.21,51.15,8.65,0.33,0.13,0.1
instance_371,18000.0,132.47,18000.0,18000.0,59.57,51.68,105.66,18000.0,18000.0,49.16,206.01,18000.0,99.61,1597.47,18000.0,18000.0,138.0,55.86,127.82
instance_15,18000.0,319.94,18000.0,18000.0,566.11,196.2,1151.39,18000.0,18000.0,18000.0,18000.0,18000.0,315.75,1725.41,18000.0,701.93,529.52,18000.0,1455.4
instance_575,18000.0,78.76,18000.0,18000.0,65.69,82.87,599.88,132.0,18000.0,32.35,18000.0,18000.0,21.25,37.77,18000.0,229.62,41.23,23.75,17.32
instance_342,18000.0,43.69,18000.0,18000.0,40.88,28.45,14.68,80.32,18000.0,18.92,13.06,18000.0,29.66,2.92,18000.0,6.23,3.19,16.07,15.09
instance_116,18000.0,3.01,18000.0,18000.0,2.98,9.98,2.68,24.18,18000.0,11.02,86.12,18000.0,1.53,3.02,18000.0,32.01,4.09,10.12,0.59
instance_451,20.96,10.82,18000.0,20.74,12.49,18000.0,18000.0,213.32,18000.0,18000.0,18000.0,59.55,18000.0,19.98,69.73,27.82,27.05,18000.0,18000.0
instance_402,18000.0,2.39,18000.0,18000.0,2.2,0.21,0.11,3.81,18000.0,0.19,1.55,18000.0,0.19,0.24,18000.0,1.3,0.3,0.19,0.19
instance_37,18000.0,45.47,18000.0,18000.0,44.26,50.41,20.37,620.83,18000.0,44.18,130.43,18000.0,61.49,35.57,18000.0,49.97,54.0,41.66,27.98
instance_225,18000.0,24.01,18000.0,18000.0,36.54,6.46,36.57,3.45,18000.0,3.61,62.04,1566.21,2.31,0.45,1657.25,1.5,0.49,3.75,2.97
instance_45,18000.0,162.29,18000.0,18000.0,363.88,196.82,144.66,18000.0,18000.0,450.68,18000.0,18000.0,81.83,18000.0,18000.0,1298.18,602.37,352.54,231.24
instance_187,18000.0,6.12,18000.0,18000.0,5.51,11.31,9.62,4.95,18000.0,8.35,28.04,18000.0,1.92,2.76,18000.0,4.47,4.9,9.11,4.5
instance_309,18000.0,24.97,18000.0,18000.0,2.02,3.89,2.01,63.56,18000.0,3.1,67.05,18000.0,3.75,16.14,18000.0,43.23,16.08,1.78,3.47
instance_82,18000.0,158.18,18000.0,18000.0,415.6,8.72,71.79,331.92,18000.0,337.45,1224.53,18000.0,50.7,21.36,18000.0,43.75,11.36,338.1,21.91
instance_492,18000.0,0.15,18000.0,18000.0,0.14,0.07,0.04,0.74,18000.0,0.06,0.26,8.43,0.04,0.05,8.81,0.1,0.04,0.07,0.03
instance_350,18000.0,18000.0,18000.0,18000.0,18000.0,18000.0,18000.0,18000.0,18000.0,18000.0,18000.0,18000.0,18000.0,18000.0,18000.0,18000.0,18000.0,18000.0,18000.0
instance_16,18000.0,55.08,18000.0,18000.0,44.42,27.67,32.06,1764.02,18000.0,30.17,246.72,18000.0,24.82,35.24,18000.0,394.29,151.12,48.85,43.67
instance_279,18000.0,11.7,18000.0,18000.0,32.55,4.63,11.21,18000.0,18000.0,76.7,988.76,18000.0,14.55,38.96,18000.0,111.81,6.58,79.81,11.23
instance_382,18000.0,103.73,18000.0,18000.0,127.81,3.67,104.53,855.65,18000.0,16.44,126.83,18000.0,13.88,15.55,18000.0,228.16,148.09,14.26,11.61
instance_17,18000.0,39.43,18000.0,18000.0,44.41,62.72,15.5,190.5,18000.0,17.64,54.61,18000.0,54.48,16.61,18000.0,42.6,25.07,19.61,21.58
instance_421,18000.0,18000.0,18000.0,18000.0,18000.0,18000.0,18000.0,1.31,18000.0,18000.0,18000.0,18000.0,18000.0,44.77,18000.0,4.73,10.58,18000.0,780.24
instance_576,18000.0,195.55,18000.0,18000.0,187.85,59.39,20.01,18000.0,18000.0,18000.0,18000.0,18000.0,40.51,42.58,18000.0,228.39,92.77,1760.7,55.02
instance_130,18000.0,3.59,18000.0,18000.0,3.1,9.54,1.98,48.17,18000.0,1.96,3.87,18000.0,2.29,2.5,18000.0,8.77,3.28,2.58,0.94
instance_477,18000.0,18000.0,18000.0,18000.0,18000.0,18000.0,18000.0,18000.0,18000.0,18000.0,18000.0,18000.0,18000.0,18000.0,18000.0,18000.0,18000.0,18000.0,18000.0
instance_242,18000.0,137.34,18000.0,18000.0,144.27,44.52,98.69,18000.0,18000.0,58.42,476.5,18000.0,32.37,214.98,18000.0,18000.0,98.86,46.98,58.4
instance_139,18000.0,3.28,18000.0,18000.0,2.04,0.76,0.38,1363.52,18000.0,0.87,3.02,18000.0,0.86,0.78,18000.0,9.8,0.61,1.25,0.41
instance_128,18000.0,8.62,18000.0,18000.0,6.43,8.07,1.92,786.91,18000.0,1.84,2.93,18000.0,2.68,13.04,18000.0,48.53,4.33,2.74,1.87
instance_308,18000.0,795.94,18000.0,18000.0,18000.0,18000.0,18000.0,614.74,18000.0,18000.0,1661.84,18000.0,18000.0,18000.0,18000.0,18000.0,18000.0,18000.0,18000.0
instance_211,18000.0,40.6,18000.0,18000.0,62.44,8.69,50.76,7.02,18000.0,19.39,248.9,18000.0,2.78,0.66,18000.0,2.67,0.82,16.61,3.82
instance_114,18000.0,1.19,18000.0,18000.0,1.16,3.09,0.5,5.56,18000.0,4.82,48.33,18000.0,0.48,0.99,18000.0,6.88,1.63,5.34,0.2
instance_438,0.09,0.0,0.35,0.09,0.0,0.0,0.0,0.01,0.3,0.01,0.01,0.02,0.0,0.0,0.01,0.01,0.0,0.01,0.0
instance_295,18000.0,18000.0,18000.0,18000.0,391.87,1448.38,278.92,377.09,18000.0,610.08,1332.05,18000.0,1434.62,1774.91,18000.0,594.04,1590.6,18000.0,245.04
instance_280,18000.0,2.37,18000.0,18000.0,1.4,3.94,0.43,70.8,18000.0,63.49,18000.0,18000.0,0.5,0.77,18000.0,8.87,1.05,54.41,0.48
instance_70,18000.0,10.5,18000.0,18000.0,23.53,1.14,35.44,18.87,18000.0,61.23,218.74,18000.0,6.46,0.79,18000.0,3.61,1.08,55.01,3.21
instance_322,18000.0,21.45,18000.0,18000.0,1.41,2.29,1.28,33.55,18000.0,1.63,20.98,18000.0,2.24,5.02,18000.0,12.23,4.93,2.26,2.85
instance_340,18000.0,18000.0,18000.0,18000.0,18000.0,18000.0,18000.0,18000.0,18000.0,18000.0,18000.0,18000.0,18000.0,18000.0,18000.0,18000.0,18000.0,18000.0,18000.0
instance_541,18000.0,7.47,18000.0,18000.0,2.1,4.01,2.56,584.14,18000.0,6.11,22.82,18000.0,2.72,507.05,18000.0,335.67,190.66,11.4,2.21
instance_59,18000.0,16.24,18000.0,18000.0,25.93,1.2,17.05,13.74,18000.0,41.03,132.82,18000.0,3.6,2.37,18000.0,10.74,0.98,48.43,4.38
instance_150,18000.0,98.1,18000.0,18000.0,90.76,49.3,1193.47,27.82,18000.0,123.57,320.7,18000.0,28.68,139.48,18000.0,113.46,146.63,126.72,88.38
instance_447,17.85,28.69,7.71,17.49,153.44,39.64,7.42,2.3,7.49,104.18,230.36,26.77,114.38,34.56,27.38,0.27,18.34,76.46,51.05
instance_214,18000.0,125.15,18000.0,18000.0,118.51,9.29,90.8,5.69,18000.0,17.8,319.18,18000.0,3.64,1.27,18000.0,2.29,1.3,16.5,4.55
instance_90,18000.0,12.58,18000.0,18000.0,11.75,5.91,7.11,119.26,18000.0,9.41,65.51,18000.0,2.72,1.95,18000.0,24.11,3.01,8.0,5.37
instance_551,1723.2,174.0,18000.0,1680.19,1.58,2.15,1.36,244.38,18000.0,7.34,33.6,290.91,0.64,66.45,120.26,79.19,19.7,4.23,1.51
instance_119,18000.0,18000.0,18000.0,18000.0,18000.0,18000.0,18000.0,18000.0,18000.0,18000.0,18000.0,18000.0,18000.0,18000.0,18000.0,18000.0,18000.0,18000.0,18000.0
instance_148,359.55,1.45,18000.0,361.92,1.1,1.34,1.4,1.06,18000.0,1.04,4.06,18000.0,0.33,0.58,18000.0,3.62,1.04,1.23,1.04
instance_86,18000.0,277.82,18000.0,18000.0,204.57,14.75,197.94,337.65,18000.0,532.04,790.92,18000.0,42.31,36.57,18000.0,69.07,83.58,490.26,30.11
instance_297,18000.0,18000.0,18000.0,18000.0,18000.0,18000.0,18000.0,18000.0,18000.0,18000.0,18000.0,18000.0,18000.0,18000.0,18000.0,18000.0,18000.0,18000.0,18000.0
instance_289,18000.0,2.54,18000.0,18000.0,1.02,2.69,0.25,64.24,18000.0,108.23,18000.0,18000.0,0.42,0.51,18000.0,7.02,0.83,107.66,0.19
instance_27,18000.0,29.2,18000.0,18000.0,30.77,42.14,13.04,775.0,18000.0,20.14,49.98,18000.0,34.04,30.77,18000.0,148.13,56.65,20.02,19.25
instance_379,18000.0,78.8,18000.0,18000.0,344.21,10.23,12.45,18000.0,18000.0,188.99,650.91,18000.0,22.34,79.07,18000.0,18000.0,9.9,194.77,13.83
instance_204,18000.0,4.96,18000.0,18000.0,3.02,2.98,3.59,4.52,18000.0,2.01,41.86,895.85,1.02,0.52,999.96,2.09,0.56,1.83,0.83
instance_358,18000.0,67.8,18000.0,18000.0,49.6,90.65,70.79,39.52,18000.0,96.88,36.08,18000.0,91.67,11.47,18000.0,15.65,10.76,54.02,75.58
instance_135,18000.0,1.08,221.93,18000.0,1.34,0.19,0.21,35.98,18000.0,0.32,1.68,18000.0,0.14,0.04,18000.0,1.13,0.05,0.43,0.08
instance_246,18000.0,85.44,18000.0,18000.0,8.21,33.72,6.31,18000.0,18000.0,7.01,25.49,18000.0,10.84,4.22,18000.0,18000.0,4.15,2.42,4.55
instance_205,18000.0,11.91,18000.0,18000.0,5.24,4.57,7.65,292.38,18000.0,9.12,14.68,18000.0,5.48,6.58,18000.0,109.93,6.88,9.35,5.08
instance_104,18000.0,15.14,18000.0,18000.0,16.18,5.86,9.83,162.56,18000.0,8.56,25.45,18000.0,2.68,3.56,18000.0,20.89,2.58,12.64,6.65
instance_427,18000.0,5.88,18000.0,18000.0,18000.0,8.85,18000.0,3.72,18000.0,18000.0,18000.0,18000.0,2.27,1.0,18000.0,16.78,1.43,18000.0,4.75
instance_196,18000.0,33.8,18000.0,18000.0,52.65,8.15,42.81,4.78,18000.0,8.51,97.55,18000.0,3.08,0.64,18000.0,1.92,0.64,8.63,3.67
instance_100,18000.0,142.51,18000.0,18000.0,249.96,40.16,58.58,446.86,18000.0,24.47,46.9,18000.0,131.75,27.27,18000.0,91.25,30.03,33.02,262.3
instance_78,18000.0,343.84,18000.0,18000.0,297.84,1126.58,1414.12,18000.0,18000.0,507.51,668.77,18000.0,1345.19,446.33,18000.0,344.91,323.76,353.61,699.29
instance_330,18000.0,47.92,18000.0,18000.0,41.71,60.66,53.63,35.85,18000.0,53.66,28.25,18000.0,62.38,12.9,18000.0,14.17,11.75,33.59,38.34
instance_96,18000.0,10.65,18000.0,18000.0,8.43,6.28,11.33,171.91,18000.0,21.9,13.31,18000.0,2.85,1.85,18000.0,22.39,2.27,17.24,8.12
instance_595,18000.0,47.52,18000.0,18000.0,29.79,117.94,20.07,18000.0,18000.0,762.85,18000.0,18000.0,73.61,82.45,18000.0,18000.0,148.17,517.98,88.55
instance_89,18000.0,230.75,18000.0,18000.0,116.06,7.92,195.92,367.25,18000.0,407.12,1649.1,18000.0,75.72,43.54,18000.0,48.56,26.75,392.68,17.91
instance_265,18000.0,3.35,18000.0,18000.0,8.81,2.11,0.69,368.55,18000.0,45.84,18000.0,18000.0,0.68,0.84,18000.0,44.31,5.22,43.2,0.39
instance_430,18000.0,18000.0,18000.0,18000.0,18000.0,18000.0,18000.0,18000.0,18000.0,18000.0,18000.0,18000.0,18000.0,18000.0,18000.0,18000.0,18000.0,18000.0,18000.0
instance_240,18000.0,94.97,18000.0,18000.0,88.69,22.64,118.35,18000.0,18000.0,54.02,478.35,18000.0,39.84,193.71,18000.0,18000.0,191.45,49.13,51.02
instance_593,18000.0,1.6,37.97,18000.0,1.36,0.76,0.08,10.4,6.25,2.22,11.45,0.17,0.14,0.98,4.13,7.47,1.02,0.18,0.13
instance_24,18000.0,378.27,18000.0,18000.0,769.43,1602.29,18000.0,18000.0,18000.0,18000.0,18000.0,18000.0,18000.0,18000.0,18000.0,1211.18,519.62,18000.0,329.25
instance_367,18000.0,0.99,18000.0,18000.0,0.81,0.49,0.21,16.21,18000.0,0.23,0.69,18000.0,0.24,0.24,18000.0,4.05,0.24,0.26,0.2
instance_434,163.67,18000.0,175.07,160.67,18000.0,18000.0,18000.0,4.19,169.84,18000.0,18000.0,421.8,18000.0,18000.0,473.69,5.36,18000.0,18000.0,18000.0
instance_437,18000.0,31.55,18000.0,18000.0,360.16,2.7,18000.0,0.32,18000.0,18000.0,18000.0,18000.0,0.7,4.24,18000.0,0.51,0.85,18000.0,0.56
instance_305,18000.0,18000.0,18000.0,18000.0,18000.0,18000.0,18000.0,18000.0,18000.0,18000.0,18000.0,18000.0,18000.0,18000.0,18000.0,18000.0,18000.0,18000.0,18000.0
instance_170,18000.0,5.34,18000.0,18000.0,6.26,5.27,15.58,3.45,18000.0,13.89,22.11,754.32,3.49,2.9,571.92,2.29,3.35,13.62,5.64
instance_481,18000.0,7.68,18000.0,18000.0,11.58,18000.0,18000.0,388.4,18000.0,18000.0,18000.0,59.23,18000.0,15.6,56.16,41.21,12.97,18000.0,18000.0
instance_416,18000.0,18000.0,18000.0,18000.0,18000.0,18000.0,18000.0,1.1,18000.0,18000.0,18000.0,18000.0,18000.0,18000.0,18000.0,2.85,18000.0,18000.0,18000.0
instance_579,18000.0,18000.0,18000.0,18000.0,6.19,40.58,7.35,18000.0,18000.0,213.97,18000.0,18000.0,16.66,26.23,18000.0,18000.0,26.81,42.92,12.64
instance_253,18000.0,3.66,18000.0,18000.0,1.64,3.6,0.4,46.27,18000.0,38.91,18000.0,18000.0,0.42,0.47,18000.0,21.0,1.21,34.09,0.23
instance_335,18000.0,18000.0,18000.0,18000.0,18000.0,18000.0,18000.0,18000.0,18000.0,18000.0,18000.0,18000.0,18000.0,18000.0,18000.0,18000.0,18000.0,18000.0,18000.0
instance_495,18000.0,0.19,18000.0,18000.0,0.18,0.08,0.18,1.19,18000.0,0.06,0.3,360.86,0.1,0.12,339.99,0.33,0.13,0.07,0.09
instance_445,18000.0,18000.0,18000.0,18000.0,18000.0,18000.0,18000.0,0.45,18000.0,18000.0,18000.0,18000.0,18000.0,18000.0,18000.0,0.64,18000.0,18000.0,18000.0
instance_277,18000.0,101.79,18000.0,18000.0,117.44,8.26,88.49,18000.0,18000.0,18000.0,18000.0,18000.0,274.61,373.81,18000.0,703.86,133.26,18000.0,66.42
instance_349,18000.0,124.28,18000.0,18000.0,95.52,144.57,125.64,50.18,18000.0,137.95,49.05,18000.0,146.16,15.22,18000.0,17.99,16.08,71.47,105.93
instance_161,18000.0,23.46,18000.0,18000.0,27.34,56.69,43.04,14.98,18000.0,70.89,169.75,18000.0,18.35,14.59,18000.0,23.3,37.81,61.75,61.25
instance_460,675.96,1.59,18000.0,662.06,2.73,18000.0,18000.0,360.19,18000.0,18000.0,18000.0,11.95,18000.0,76.22,13.71,84.82,1.12,18000.0,1669.84
instance_71,18000.0,5.27,18000.0,18000.0,3.81,1.04,20.72,14.86,18000.0,40.42,84.64,18000.0,1.11,0.43,18000.0,3.39,0.77,38.36,2.25
instance_160,961.12,1.57,18000.0,1009.36,1.45,1.86,1.49,1.8,18000.0,1.14,3.46,18000.0,0.39,0.76,18000.0,4.49,1.16,1.14,1.43
instance_454,18000.0,18000.0,18000.0,18000.0,18000.0,18000.0,18000.0,18000.0,18000.0,18000.0,18000.0,18000.0,18000.0,18000.0,18000.0,18000.0,18000.0,18000.0,18000.0
instance_113,18000.0,3.94,18000.0,18000.0,2.73,11.32,2.87,22.81,18000.0,11.07,94.86,18000.0,1.95,3.28,18000.0,19.69,4.53,8.89,0.61
instance_316,18000.0,77.0,18000.0,18000.0,80.58,61.02,166.02,202.28,18000.0,46.47,85.97,18000.0,61.0,42.6,18000.0,156.29,46.42,48.42,61.61
instance_138,18000.0,1.43,18000.0,18000.0,2.42,2.13,1.51,24.21,18000.0,1.52,4.38,18000.0,8.46,4.33,18000.0,4.53,2.03,2.03,0.41
instance_585,18000.0,12.49,29.81,18000.0,12.75,2.16,0.11,18000.0,10.66,1.88,50.75,18000.0,0.36,1.76,18000.0,44.8,2.78,0.14,0.23
instance_456,18000.0,18000.0,18000.0,18000.0,18000.0,18000.0,18000.0,18000.0,18000.0,18000.0,18000.0,18000.0,18000.0,18000.0,18000.0,18000.0,1216.72,18000.0,18000.0
instance_488,18000.0,18000.0,18000.0,18000.0,18000.0,18000.0,18000.0,18000.0,18000.0,18000.0,18000.0,18000.0,18000.0,18000.0,18000.0,18000.0,18000.0,18000.0,18000.0
instance_94,18000.0,17.23,18000.0,18000.0,13.36,6.61,11.66,100.07,18000.0,6.68,100.34,18000.0,3.44,2.63,18000.0,30.3,3.06,10.41,20.92
instance_228,18000.0,31.57,18000.0,18000.0,39.28,3.11,38.82,1.38,18000.0,2.82,33.13,688.08,1.4,0.25,531.05,0.61,0.25,2.81,2.94
instance_288,18000.0,121.12,18000.0,18000.0,60.7,91.33,98.09,18000.0,18000.0,18000.0,18000.0,18000.0,325.21,18000.0,18000.0,1625.09,78.23,18000.0,201.47
instance_439,18000.0,18000.0,18000.0,18000.0,18000.0,18000.0,18000.0,0.22,18000.0,18000.0,18000.0,18000.0,18000.0,18000.0,18000.0,0.28,18000.0,18000.0,18000.0
instance_410,18000.0,104.99,18000.0,18000.0,18.3,4.21,13.11,18000.0,18000.0,30.25,355.85,18000.0,5.35,80.82,18000.0,1587.53,54.74,31.23,8.07
instance_503,18000.0,0.12,18000.0,18000.0,0.12,0.06,0.05,0.73,18000.0,0.06,0.26,38.47,0.03,0.05,30.33,0.1,0.05,0.04,0.05
instance_565,18000.0,252.96,18000.0,18000.0,502.2,19.35,505.56,1273.45,18000.0,94.45,1209.97,18000.0,28.91,184.69,18000.0,1011.31,458.77,68.24,80.19
instance_466,6.84,2.5,617.78,6.89,3.05,966.78,18000.0,150.71,18000.0,18000.0,18000.0,31.98,750.71,22.33,53.12,18.37,15.96,18000.0,546.12
instance_425,18000.0,1342.13,18000.0,18000.0,18000.0,18000.0,18000.0,0.46,18000.0,18000.0,18000.0,18000.0,18000.0,2.18,18000.0,0.95,2.01,18000.0,18000.0
instance_364,18000.0,10.25,18000.0,18000.0,8.97,4.72,14.66,18000.0,18000.0,5.28,9.16,18000.0,13.22,6.76,18000.0,18000.0,12.1,5.07,7.32
instance_46,18000.0,60.89,18000.0,18000.0,66.77,44.88,104.39,18000.0,18000.0,47.22,73.36,18000.0,38.75,703.86,18000.0,368.69,276.76,35.73,27.62
instance_226,18000.0,37.68,18000.0,18000.0,48.62,3.17,40.47,0.82,18000.0,2.52,32.52,523.33,1.71,0.28,632.94,0.59,0.33,2.37,2.85
instance_25,18000.0,83.18,18000.0,18000.0,81.75,161.13,42.03,741.13,18000.0,54.38,128.2,18000.0,93.87,83.76,18000.0,234.91,128.26,73.44,58.89
instance_453,18000.0,18000.0,18000.0,18000.0,18000.0,18000.0,18000.0,18000.0,18000.0,18000.0,18000.0,18000.0,18000.0,18000.0,18000.0,18000.0,18000.0,18000.0,18000.0
instance_482,1388.07,5.92,18000.0,1422.86,8.33,18000.0,18000.0,345.33,18000.0,18000.0,18000.0,42.72,18000.0,12.04,33.53,122.9,2.83,18000.0,18000.0
instance_21,18000.0,158.79,18000.0,18000.0,417.25,346.34,359.91,18000.0,18000.0,669.61,18000.0,18000.0,117.23,18000.0,18000.0,1436.69,589.24,378.57,124.98
instance_543,18000.0,22.63,18000.0,18000.0,18.37,6.93,1.31,18000.0,18000.0,3.03,12.61,18000.0,0.95,5.16,18000.0,985.53,18.11,3.22,3.58
instance_72,18000.0,6.33,18000.0,18000.0,5.64,1.05,3.62,16.05,18000.0,33.04,516.78,18000.0,2.67,0.69,18000.0,3.53,1.09,33.95,1.6
instance_417,18000.0,0.7,18000.0,18000.0,18.61,0.09,37.08,0.04,18000.0,18000.0,18000.0,18000.0,0.04,0.01,18000.0,0.12,0.03,18000.0,0.12
instance_283,18000.0,2.51,18000.0,18000.0,1.13,3.04,0.22,43.5,18000.0,20.33,551.53,18000.0,0.41,0.35,18000.0,2.53,0.74,16.02,0.17
instance_85,18000.0,51.51,18000.0,18000.0,56.57,76.52,97.03,918.75,18000.0,46.69,64.65,18000.0,32.6,20.41,18000.0,190.48,25.32,51.02,34.52
instance_328,18000.0,18000.0,18000.0,18000.0,18000.0,18000.0,18000.0,18000.0,18000.0,18000.0,18000.0,18000.0,18000.0,18000.0,18000.0,18000.0,18000.0,18000.0,18000.0
instance_326,18000.0,26.03,18000.0,18000.0,2.44,4.14,2.84,70.94,18000.0,2.93,50.68,18000.0,4.14,13.52,18000.0,35.72,13.87,2.85,3.35
instance_263,18000.0,5.09,18000.0,18000.0,3.18,2.82,6.64,1197.53,18000.0,232.24,18000.0,18000.0,1.05,5.71,18000.0,161.98,8.92,195.25,2.45
instance_252,18000.0,2.98,18000.0,18000.0,1.83,3.05,0.72,153.19,18000.0,49.46,18000.0,18000.0,0.66,0.69,18000.0,10.16,3.5,48.93,0.34
instance_405,18000.0,2.73,18000.0,18000.0,3.04,0.3,0.31,12.53,18000.0,1.0,2.34,18000.0,0.39,0.62,18000.0,2.79,0.47,0.65,0.43
instance_294,18000.0,3.72,18000.0,18000.0,3.82,0.3,0.2,0.85,18000.0,0.3,1.04,18000.0,0.29,0.22,18000.0,0.48,0.23,0.41,0.26
instance_51,18000.0,4.73,18000.0,18000.0,4.38,1.15,9.44,16.31,18000.0,36.27,207.68,18000.0,1.23,0.4,18000.0,2.62,0.39,34.74,1.66
instance_48,18000.0,27.58,18000.0,18000.0,29.95,32.17,9.3,18000.0,18000.0,12.19,42.9,18000.0,25.61,19.64,18000.0,119.57,64.62,12.24,13.08
instance_444,18000.0,0.06,18000.0,18000.0,0.06,0.06,0.06,0.05,18000.0,2.75,3.97,18000.0,0.04,0.04,18000.0,0.09,0.04,2.45,0.04
instance_467,18000.0,18000.0,18000.0,18000.0,18000.0,18000.0,18000.0,18000.0,18000.0,18000.0,18000.0,18000.0,18000.0,18000.0,18000.0,18000.0,18000.0,18000.0,18000.0
instance_545,18000.0,13.75,18000.0,18000.0,0.82,1.19,0.5,155.55,18000.0,2.52,8.62,18000.0,0.24,6.18,18000.0,22.35,1.85,2.45,0.4
instance_166,18000.0,4.76,18000.0,18000.0,4.2,6.47,8.25,3.61,18000.0,6.96,16.9,18000.0,2.77,2.51,18000.0,6.34,3.45,9.51,5.79
instance_290,18000.0,2.26,18000.0,18000.0,4.46,2.26,0.3,528.78,18000.0,65.78,18000.0,18000.0,0.33,0.6,18000.0,21.3,2.34,138.6,0.91
instance_529,496.44,124.84,18000.0,491.4,0.58,0.75,0.42,151.31,18000.0,1.28,3.75,196.64,0.23,5.08,200.7,32.81,3.68,0.94,0.3
instance_325,18000.0,36.62,18000.0,18000.0,35.47,0.21,0.09,3.23,18000.0,0.12,3.13,18000.0,0.22,0.45,18000.0,1.53,0.52,0.1,0.17
instance_202,18000.0,3.44,18000.0,18000.0,54.17,3.36,56.24,1.75,18000.0,4.62,41.12,614.38,1.67,0.47,664.21,0.9,0.47,4.21,3.2
instance_386,18000.0,8.7,18000.0,18000.0,3.68,0.35,0.48,14.64,18000.0,3.23,4.77,18000.0,0.92,0.57,18000.0,15.49,1.3,3.51,1.12
instance_392,18000.0,18000.0,18000.0,18000.0,18000.0,18000.0,18000.0,18000.0,18000.0,18000.0,18000.0,18000.0,18000.0,18000.0,18000.0,18000.0,18000.0,18000.0,1199.78
instance_122,18000.0,18000.0,18000.0,18000.0,18000.0,18000.0,18000.0,18000.0,18000.0,18000.0,18000.0,18000.0,18000.0,18000.0,18000.0,18000.0,18000.0,18000.0,18000.0
instance_284,18000.0,2.88,18000.0,18000.0,1.27,3.73,0.61,33.19,18000.0,45.05,18000.0,18000.0,0.45,0.62,18000.0,7.28,1.07,62.05,0.28
instance_63,18000.0,36.62,18000.0,18000.0,50.67,1.35,46.28,19.28,18000.0,49.66,199.06,18000.0,3.69,3.39,18000.0,2.72,1.81,86.67,2.87
instance_254,18000.0,5.42,18000.0,18000.0,7.51,3.84,4.02,710.85,18000.0,118.45,18000.0,18000.0,1.09,2.6,18000.0,57.21,5.06,150.7,1.72
instance_141,771.53,20.84,18000.0,771.37,25.61,12.19,164.72,13.6,18000.0,19.07,74.85,680.19,4.88,21.13,651.92,19.54,12.16,27.34,17.21
instance_234,18000.0,33.69,18000.0,18000.0,27.74,4.92,19.04,1090.07,18000.0,10.86,120.45,18000.0,8.18,42.48,1108.21,321.22,34.12,10.62,19.16
instance_38,18000.0,359.75,18000.0,18000.0,288.65,411.39,785.67,18000.0,18000.0,1668.5,18000.0,18000.0,117.45,18000.0,18000.0,1422.53,986.32,1174.69,929.12
instance_23,18000.0,66.0,18000.0,18000.0,47.06,66.5,118.24,18000.0,18000.0,136.86,336.25,18000.0,45.55,18000.0,18000.0,229.99,131.28,93.69,71.76
instance_432,18000.0,167.4,18000.0,18000.0,52.98,0.03,0.03,0.1,18000.0,211.88,186.39,1.82,0.02,0.0,0.53,0.18,0.01,378.34,0.02
instance_374,18000.0,9.87,18000.0,18000.0,59.27,4.14,9.81,18000.0,18000.0,28.8,112.13,18000.0,5.72,60.64,18000.0,18000.0,16.97,24.06,16.37
instance_261,18000.0,2.09,18000.0,18000.0,1.82,1.75,0.21,319.62,18000.0,27.31,18000.0,18000.0,0.5,0.53,18000.0,26.28,1.31,23.04,0.12
instance_13,18000.0,54.41,18000.0,18000.0,57.83,147.47,164.68,18000.0,18000.0,70.33,359.58,18000.0,77.69,1666.94,18000.0,680.55,157.44,64.29,135.05
instance_517,18000.0,0.17,18000.0,18000.0,0.15,0.08,0.15,0.87,18000.0,0.07,0.27,242.32,0.06,0.28,279.96,0.39,0.12,0.09,0.17
instance_586,18000.0,22.05,18000.0,18000.0,18000.0,18000.0,8.12,18000.0,18000.0,18000.0,18000.0,18000.0,18000.0,813.62,18000.0,187.01,802.21,18000.0,11.7
instance_381,18000.0,3.05,18000.0,18000.0,2.62,0.25,0.16,2.38,18000.0,0.2,1.71,18000.0,0.22,0.35,18000.0,1.77,0.28,0.3,0.29
instance_370,18000.0,18000.0,18000.0,18000.0,18000.0,18000.0,18000.0,18000.0,18000.0,1777.17,18000.0,18000.0,18000.0,18000.0,18000.0,18000.0,18000.0,18000.0,1263.66
instance_131,18000.0,0.74,18000.0,18000.0,1.39,1.18,0.65,451.38,18000.0,1.42,4.55,18000.0,1.14,6.54,18000.0,10.65,1.92,0.94,0.37
instance_144,192.67,4.6,18000.0,189.69,11.88,6.35,14.22,3.44,18000.0,6.83,15.83,18000.0,1.32,3.32,18000.0,9.05,4.47,6.99,5.63
instance_561,18000.0,157.97,18000.0,18000.0,109.81,142.53,26.55,303.08,18000.0,55.04,18000.0,18000.0,24.57,36.84,18000.0,514.83,35.44,42.6,11.75
instance_343,18000.0,18000.0,18000.0,18000.0,18000.0,18000.0,18000.0,18000.0,18000.0,18000.0,18000.0,18000.0,18000.0,18000.0,18000.0,18000.0,18000.0,18000.0,18000.0
instance_546,18000.0,22.8,18000.0,18000.0,14.34,1.65,5.33,1683.81,18000.0,18000.0,18000.0,18000.0,5.03,2.57,18000.0,174.19,1.63,18000.0,1.48
instance_522,1366.98,17.02,18000.0,1355.72,0.59,1.13,0.2,206.94,18000.0,1.36,5.4,220.36,0.12,7.9,277.33,18.22,4.49,1.08,0.21
instance_61,18000.0,52.81,18000.0,18000.0,36.76,1.25,63.84,18.62,18000.0,45.16,211.09,18000.0,31.15,1.92,18000.0,2.73,0.95,77.43,4.54
instance_77,18000.0,279.29,18000.0,18000.0,373.7,699.36,1071.59,18000.0,18000.0,274.37,534.92,18000.0,834.35,176.96,18000.0,295.78,177.52,271.05,333.07
instance_299,18000.0,94.21,18000.0,18000.0,88.42,3.04,3.09,11.03,18000.0,2.29,7.03,18000.0,3.31,2.67,18000.0,6.25,2.82,2.93,2.92
instance_380,18000.0,2.19,18000.0,18000.0,1.94,0.2,0.1,1.54,18000.0,0.18,1.5,18000.0,0.15,0.26,18000.0,0.85,0.24,0.21,0.2
instance_493,18000.0,0.02,18000.0,18000.0,0.02,0.02,0.01,0.38,18000.0,0.01,0.11,194.32,0.01,0.01,199.94,0.02,0.01,0.02,0.01
instance_500,18000.0,0.04,18000.0,18000.0,0.03,0.02,0.06,0.49,18000.0,0.02,0.08,17.98,0.05,0.09,17.55,0.13,0.04,0.02,0.05
instance_310,18000.0,13.54,18000.0,18000.0,13.37,0.17,0.07,1.61,18000.0,0.1,1.76,18000.0,0.17,0.27,18000.0,0.84,0.28,0.09,0.12
instance_298,18000.0,19.71,18000.0,18000.0,18.28,0.89,0.44,18.23,18000.0,0.45,13.06,18000.0,0.85,2.46,18000.0,7.67,2.51,0.41,0.76
instance_36,18000.0,61.85,18000.0,18000.0,64.75,26.04,45.81,984.29,18000.0,26.92,62.84,18000.0,16.78,189.27,18000.0,353.39,132.29,20.35,24.2
instance_287,18000.0,4.05,18000.0,18000.0,28.51,14.54,41.75,567.26,18000.0,476.63,18000.0,18000.0,16.95,15.04,18000.0,129.34,10.66,629.0,11.15
instance_125,18000.0,4.2,18000.0,18000.0,2.83,1.27,0.83,18000.0,18000.0,1.45,4.67,18000.0,1.49,0.48,18000.0,24.64,0.74,1.56,0.46
instance_237,18000.0,192.22,18000.0,18000.0,278.87,87.49,357.89,18000.0,18000.0,133.86,581.2,18000.0,57.19,284.86,18000.0,18000.0,482.43,148.87,165.45
instance_598,18000.0,44.82,18000.0,18000.0,16.59,8.01,1.48,185.2,908.31,27.75,18000.0,18000.0,1.92,2.21,18000.0,24.33,2.27,2.43,1.59
instance_134,18000.0,4.38,18000.0,18000.0,6.77,4.72,2.78,899.61,18000.0,5.25,7.81,18000.0,4.76,12.51,18000.0,105.97,5.76,4.62,0.52
instance_587,18000.0,158.75,614.75,18000.0,139.72,94.75,27.9,18000.0,18000.0,302.12,18000.0,18000.0,86.45,53.82,18000.0,147.09,53.28,1.69,157.17
instance_200,18000.0,34.57,18000.0,18000.0,31.39,6.57,25.02,5.84,18000.0,3.51,55.29,18000.0,2.28,0.51,18000.0,1.55,0.55,4.03,2.58
instance_580,18000.0,879.31,18000.0,18000.0,1.28,594.6,1.26,18000.0,871.3,18000.0,18000.0,18000.0,73.22,91.2,18000.0,93.78,92.51,1212.25,2.13
instance_596,18000.0,250.4,18000.0,18000.0,296.61,13.82,30.59,611.01,18000.0,105.02,88.24,18000.0,10.73,10.39,18000.0,104.97,48.52,199.1,24.87
instance_267,18000.0,3.62,18000.0,18000.0,2.9,3.44,0.88,118.72,18000.0,37.93,18000.0,18000.0,0.45,0.74,18000.0,13.31,1.31,36.6,0.21
instance_189,1108.68,64.72,18000.0,1145.15,68.33,13.36,245.44,17.32,18000.0,45.23,108.17,1085.8,24.4,31.75,918.81,40.5,27.38,63.43,18.41
instance_206,18000.0,5.73,18000.0,18000.0,5.17,3.22,4.73,1.42,18000.0,3.78,64.72,1254.89,1.24,0.46,1070.34,0.98,0.42,3.88,1.05
instance_457,1.32,0.33,64.74,1.31,0.66,1679.95,18000.0,31.46,18000.0,18000.0,18000.0,0.44,18000.0,13.46,0.65,5.46,1.05,18000.0,75.78
instance_80,18000.0,9.39,18000.0,18000.0,7.76,6.01,4.87,144.11,18000.0,8.22,59.97,18000.0,2.46,1.73,18000.0,32.86,2.48,5.87,9.2
instance_393,18000.0,2.81,18000.0,18000.0,2.59,0.45,0.17,14.73,18000.0,0.71,3.22,18000.0,0.26,0.51,18000.0,9.21,0.39,0.68,0.32
instance_168,18000.0,6.29,18000.0,18000.0,5.68,7.89,7.4,3.99,18000.0,7.5,21.77,561.52,1.35,2.0,421.48,2.22,3.51,5.95,4.77
instance_356,18000.0,88.22,18000.0,18000.0,53.13,96.45,64.25,36.95,18000.0,100.96,38.57,18000.0,97.92,11.33,18000.0,15.24,11.45,45.95,65.26
instance_317,18000.0,72.19,18000.0,18000.0,71.94,3.13,3.08,12.56,18000.0,2.57,8.04,18000.0,3.36,2.24,18000.0,5.03,2.54,3.07,3.35
instance_531,18000.0,37.72,18000.0,18000.0,12.75,1.23,1.34,4.82,18000.0,18000.0,18000.0,18000.0,1.08,2.06,18000.0,65.01,1.01,18000.0,2.54
instance_375,18000.0,3.38,18000.0,18000.0,2.83,0.35,1.17,7.26,18000.0,0.75,4.64,18000.0,0.36,0.34,18000.0,3.42,0.46,0.91,0.73
instance_562,18000.0,18000.0,18000.0,18000.0,18000.0,425.22,18000.0,18000.0,18000.0,18000.0,18000.0,18000.0,336.68,419.45,18000.0,18000.0,606.45,18000.0,593.23
instance_165,262.67,6.1,18000.0,256.11,8.68,2.47,47.23,4.38,18000.0,15.74,29.35,221.94,1.74,5.88,215.08,8.27,4.38,17.15,7.79
instance_42,18000.0,187.56,18000.0,18000.0,192.4,84.86,232.19,18000.0,18000.0,788.08,1221.24,18000.0,170.99,18000.0,18000.0,18000.0,301.3,1292.21,102.77
instance_151,18000.0,25.61,18000.0,18000.0,28.78,200.12,58.78,18.83,18000.0,79.46,188.81,18000.0,7.09,17.25,18000.0,19.0,31.1,60.87,29.48
instance_311,18000.0,183.88,18000.0,18000.0,18000.0,18000.0,18000.0,18000.0,18000.0,1760.82,381.06,18000.0,18000.0,18000.0,18000.0,1398.69,18000.0,695.3,18000.0
instance_260,18000.0,1.22,18000.0,18000.0,0.84,0.84,0.71,90.17,18000.0,27.48,1195.33,18000.0,0.29,0.34,18000.0,2.57,0.73,31.21,1.34
instance_554,18000.0,30.55,18000.0,18000.0,26.07,12.71,10.04,69.48,18000.0,25.29,18000.0,18000.0,19.06,20.17,18000.0,209.04,14.15,18.66,8.48
instance_12,18000.0,46.62,18000.0,18000.0,64.4,52.23,73.02,1539.13,18000.0,183.41,494.24,18000.0,24.63,97.03,18000.0,588.88,156.78,145.32,31.35
instance_257,18000.0,3.53,18000.0,18000.0,19.77,2.62,12.34,169.52,18000.0,339.99,18000.0,18000.0,0.37,2.13,18000.0,25.63,11.85,327.88,4.51
instance_19,18000.0,1484.55,18000.0,18000.0,931.23,689.09,18000.0,18000.0,18000.0,18000.0,18000.0,18000.0,1597.76,18000.0,18000.0,18000.0,18000.0,1377.15,309.2
instance_286,18000.0,3.38,18000.0,18000.0,3.3,2.19,0.36,99.13,18000.0,281.98,18000.0,1523.47,0.25,0.52,1614.17,15.67,2.92,195.68,0.36
instance_510,18000.0,0.13,18000.0,18000.0,0.12,0.06,0.03,0.92,18000.0,0.07,0.24,30.78,0.04,0.05,25.69,0.1,0.04,0.07,0.03
instance_319,18000.0,18000.0,18000.0,18000.0,18000.0,18000.0,18000.0,18000.0,18000.0,18000.0,18000.0,18000.0,18000.0,18000.0,18000.0,18000.0,18000.0,18000.0,18000.0
instance_118,18000.0,18000.0,18000.0,18000.0,18000.0,18000.0,18000.0,18000.0,18000.0,18000.0,18000.0,18000.0,18000.0,18000.0,18000.0,18000.0,18000.0,18000.0,18000.0
instance_285,18000.0,3.62,18000.0,18000.0,1.26,3.41,0.28,158.75,18000.0,44.86,18000.0,18000.0,0.4,0.72,18000.0,13.61,1.81,45.35,0.26
instance_79,18000.0,88.63,18000.0,18000.0,241.59,11.37,190.94,297.75,18000.0,290.12,964.76,18000.0,43.0,8.8,18000.0,28.15,6.9,324.32,35.29
instance_459,246.16,48.09,18000.0,242.99,34.12,8.44,165.07,65.0,18000.0,16.57,175.89,841.84,9.25,13.29,798.58,536.54,9.95,14.6,9.82
instance_589,18000.0,40.29,18000.0,18000.0,43.01,12.75,4.72,1555.43,18000.0,220.12,18000.0,18000.0,16.45,33.7,18000.0,101.38,42.35,94.1,68.33
instance_479,18000.0,0.58,249.81,18000.0,1.53,1.13,9.26,17.81,18000.0,4.19,10.84,18000.0,1.55,2.23,18000.0,23.53,2.74,4.37,1.51
instance_216,18000.0,13.77,18000.0,18000.0,14.25,13.14,63.8,24.77,18000.0,10.35,6.89,18000.0,15.02,6.25,18000.0,78.88,6.34,10.29,14.55
instance_465,18000.0,1.71,18000.0,18000.0,3.59,18000.0,18000.0,324.17,18000.0,18000.0,18000.0,15.5,18000.0,9.49,14.8,100.97,0.8,18000.0,18000.0
instance_449,18000.0,0.07,18000.0,18000.0,0.73,0.07,5.88,0.03,18000.0,18000.0,18000.0,0.4,0.02,0.01,0.88,0.04,0.02,18000.0,0.1
instance_67,18000.0,5.04,18000.0,18000.0,8.91,0.98,9.55,11.99,18000.0,18.77,130.24,18000.0,0.6,0.36,18000.0,1.83,0.5,18.83,1.59
instance_472,294.37,24.86,18000.0,283.06,17.22,16.61,170.97,34.57,18000.0,1.33,8.99,401.68,7.39,5.14,382.75,41.67,5.26,1.7,18.02
instance_62,18000.0,2.77,18000.0,18000.0,4.57,1.11,8.13,17.71,18000.0,47.33,207.57,18000.0,1.47,0.92,18000.0,3.5,0.52,41.06,1.68
instance_333,18000.0,28.0,18000.0,18000.0,25.08,22.57,17.8,25.3,18000.0,24.72,23.95,18000.0,23.04,4.66,18000.0,10.69,4.82,9.02,17.66
instance_372,18000.0,1.66,18000.0,18000.0,1.43,0.86,0.84,217.95,18000.0,1.36,1.8,18000.0,0.64,0.57,18000.0,14.26,1.0,0.9,1.17
instance_346,18000.0,18000.0,18000.0,18000.0,18000.0,18000.0,18000.0,18000.0,18000.0,18000.0,18000.0,18000.0,18000.0,18000.0,18000.0,18000.0,18000.0,18000.0,18000.0
instance_344,18000.0,18000.0,18000.0,18000.0,18000.0,18000.0,18000.0,18000.0,18000.0,18000.0,18000.0,18000.0,18000.0,18000.0,18000.0,18000.0,18000.0,18000.0,18000.0
instance_217,18000.0,112.61,18000.0,18000.0,138.93,9.84,109.65,10.5,18000.0,20.7,288.24,1467.87,3.85,1.09,1463.0,2.34,1.25,23.81,5.83
instance_452,18000.0,7.71,318.29,18000.0,22.39,8.51,142.0,60.72,593.74,29.7,37.84,18000.0,14.6,34.67,18000.0,127.57,23.28,33.5,15.67
instance_357,18000.0,548.89,18000.0,18000.0,514.72,853.81,549.32,679.66,18000.0,554.6,136.64,18000.0,934.44,132.48,18000.0,145.5,139.28,679.67,560.52
instance_520,861.7,208.94,18000.0,856.79,0.68,0.77,0.32,180.85,18000.0,1.02,6.18,232.51,0.16,1.71,100.42,20.94,2.96,1.22,0.48
instance_229,18000.0,1.68,18000.0,18000.0,5.18,1.0,6.21,0.74,18000.0,0.69,12.45,18000.0,0.45,0.15,18000.0,0.29,0.15,0.73,2.97
instance_97,18000.0,7.94,18000.0,18000.0,6.65,5.18,1.76,143.98,18000.0,7.04,6.51,18000.0,1.49,1.79,18000.0,26.07,1.94,4.22,2.88
instance_43,18000.0,190.32,18000.0,18000.0,18000.0,102.58,435.84,18000.0,18000.0,157.52,722.43,18000.0,122.97,1447.83,18000.0,1414.42,561.56,243.09,319.5
instance_323,18000.0,18000.0,18000.0,18000.0,18000.0,18000.0,18000.0,18000.0,18000.0,18000.0,18000.0,18000.0,18000.0,18000.0,18000.0,18000.0,18000.0,18000.0,18000.0
instance_5,18000.0,63.3,18000.0,18000.0,138.07,89.06,164.72,18000.0,18000.0,226.28,403.38,18000.0,209.6,311.63,18000.0,702.75,222.49,144.2,115.43
instance_501,18000.0,0.17,18000.0,18000.0,0.16,0.08,0.1,0.82,18000.0,0.05,0.29,268.75,0.09,0.1,343.45,0.35,0.16,0.07,0.1
instance_52,18000.0,155.59,18000.0,18000.0,44.9,1.44,159.69,31.54,18000.0,121.32,685.88,18000.0,20.81,29.92,18000.0,13.11,2.56,160.42,5.5
instance_512,104.95,0.39,18000.0,99.22,0.32,0.16,0.03,3.77,18000.0,0.06,0.5,18000.0,0.12,0.11,18000.0,0.34,0.16,0.1,0.06
instance_83,18000.0,8.35,18000.0,18000.0,9.71,5.58,5.07,141.73,18000.0,25.08,27.36,18000.0,3.94,1.99,18000.0,21.45,2.45,5.6,8.12
instance_567,18000.0,96.09,18000.0,18000.0,73.12,301.91,55.05,18000.0,18000.0,18000.0,18000.0,18000.0,72.75,70.71,18000.0,18000.0,361.23,18000.0,64.8
instance_429,18000.0,18000.0,18000.0,18000.0,18000.0,18000.0,18000.0,0.26,18000.0,18000.0,18000.0,18000.0,18000.0,18000.0,18000.0,0.69,18000.0,18000.0,18000.0
instance_98,18000.0,353.72,18000.0,18000.0,508.11,333.13,18000.0,1440.28,18000.0,318.33,285.01,18000.0,643.87,185.54,18000.0,265.5,540.88,353.17,415.37
instance_84,18000.0,34.55,18000.0,18000.0,30.6,28.01,9.24,108.56,18000.0,6.28,35.84,18000.0,10.08,5.89,18000.0,39.4,8.52,7.57,9.14
instance_198,18000.0,19.98,18000.0,18000.0,16.18,4.54,12.87,3.35,18000.0,5.5,115.82,18000.0,1.77,0.57,18000.0,1.84,0.65,6.02,2.1
instance_304,18000.0,18000.0,18000.0,18000.0,18000.0,18000.0,18000.0,18000.0,18000.0,18000.0,18000.0,18000.0,18000.0,18000.0,18000.0,18000.0,18000.0,18000.0,18000.0
instance_398,18000.0,240.69,18000.0,18000.0,413.4,41.23,18000.0,18000.0,18000.0,271.67,1550.45,18000.0,341.48,18000.0,18000.0,18000.0,18000.0,250.58,1268.44
instance_400,18000.0,21.26,18000.0,18000.0,8.13,1.78,1.93,18000.0,18000.0,7.58,18.81,18000.0,5.36,6.64,18000.0,890.9,14.69,8.65,2.39
instance_282,18000.0,3.18,18000.0,18000.0,1.36,3.67,0.37,409.27,18000.0,69.01,18000.0,18000.0,0.55,1.02,18000.0,34.52,8.8,62.57,0.25
instance_156,408.65,4.7,18000.0,421.39,5.44,3.55,10.72,3.38,18000.0,8.36,12.44,18000.0,1.37,3.77,18000.0,7.7,3.72,7.99,8.29
instance_18,18000.0,33.58,18000.0,18000.0,27.26,32.39,14.01,65.47,18000.0,20.2,34.77,18000.0,38.59,19.46,18000.0,23.11,20.54,14.5,16.03
instance_480,18000.0,18000.0,18000.0,18000.0,18000.0,18000.0,18000.0,18000.0,18000.0,18000.0,18000.0,18000.0,18000.0,18000.0,18000.0,18000.0,18000.0,18000.0,18000.0
instance_203,18000.0,6.39,18000.0,18000.0,4.07,2.94,3.62,4.36,18000.0,1.62,48.25,1373.14,1.17,0.49,1016.73,3.2,0.48,1.4,0.91
instance_563,18000.0,5.55,18000.0,18000.0,5.64,4.32,1.3,220.73,139.44,9.39,12.67,18000.0,4.49,14.48,18000.0,105.49,21.14,315.77,1.94
instance_44,18000.0,27.51,18000.0,18000.0,25.78,50.65,10.51,154.04,18000.0,11.48,31.14,18000.0,25.27,14.96,18000.0,38.27,18.6,13.99,15.36
instance_362,18000.0,18000.0,18000.0,18000.0,18000.0,18000.0,18000.0,18000.0,18000.0,18000.0,18000.0,18000.0,18000.0,18000.0,18000.0,18000.0,18000.0,18000.0,18000.0
instance_440,18000.0,18000.0,18000.0,18000.0,18000.0,17.94,18000.0,0.39,18000.0,18000.0,18000.0,18000.0,86.24,1523.22,18000.0,1.11,6.96,18000.0,96.6
instance_502,18000.0,0.19,18000.0,18000.0,0.18,0.07,0.17,0.87,18000.0,0.06,0.28,18000.0,0.07,0.11,18000.0,0.26,0.1,0.07,0.15
instance_428,18000.0,1.02,18000.0,18000.0,454.19,1.06,18000.0,0.07,18000.0,18000.0,18000.0,5.57,0.43,0.29,4.95,0.12,0.26,18000.0,0.54
instance_302,18000.0,20.28,18000.0,18000.0,0.82,1.69,0.84,32.99,18000.0,0.74,21.77,18000.0,1.71,5.29,18000.0,13.73,4.95,0.96,1.48
instance_436,18000.0,0.02,25.63,18000.0,0.04,0.25,0.9,0.03,24.27,18000.0,959.01,18000.0,0.08,0.0,18000.0,0.02,0.0,18000.0,0.11
instance_514,18000.0,0.04,18000.0,18000.0,0.03,0.03,0.08,0.37,18000.0,0.02,0.07,21.07,0.04,0.04,23.45,0.11,0.03,0.02,0.04
instance_3,18000.0,22.73,18000.0,18000.0,23.56,37.52,12.04,412.24,18000.0,19.28,50.09,18000.0,19.98,18.13,18000.0,69.21,50.61,18.9,24.18
instance_163,18000.0,35.46,18000.0,18000.0,37.27,58.51,87.73,25.0,18000.0,58.18,172.04,18000.0,5.32,34.42,18000.0,29.77,31.13,79.65,51.23
instance_592,18000.0,339.93,208.84,18000.0,24.86,52.27,78.58,316.32,40.98,460.94,18000.0,18000.0,50.32,55.05,18000.0,30.35,53.67,0.73,27.53
instance_559,18000.0,231.08,18000.0,18000.0,217.29,260.71,67.06,907.99,18000.0,100.69,18000.0,18000.0,26.43,67.86,18000.0,632.26,86.07,18000.0,76.97
instance_394,18000.0,6.33,18000.0,18000.0,3.34,0.72,0.66,18000.0,18000.0,2.74,6.72,18000.0,0.88,3.61,18000.0,665.79,6.71,3.17,2.25
instance_184,403.28,10.75,18000.0,399.35,12.0,2.7,40.8,6.43,18000.0,19.31,31.3,244.65,2.25,7.95,273.08,11.84,8.06,22.05,4.04
instance_236,0.14,0.04,2.02,0.13,0.04,0.02,0.03,0.49,1.62,0.01,0.23,0.1,0.02,0.09,0.11,0.63,0.09,0.01,0.02
instance_28,18000.0,489.77,18000.0,18000.0,849.48,482.99,592.29,18000.0,18000.0,18000.0,18000.0,18000.0,159.48,18000.0,18000.0,18000.0,614.21,1721.96,436.24
instance_175,116.26,1.44,18000.0,117.54,1.28,0.69,2.23,1.39,18000.0,2.29,7.33,70.82,0.39,0.77,51.58,2.38,0.73,3.64,0.67
instance_496,18000.0,0.12,18000.0,18000.0,0.12,0.06,0.04,0.38,18000.0,0.06,0.27,59.73,0.03,0.04,49.83,0.1,0.04,0.07,0.03
instance_478,64.33,17.39,18000.0,63.27,15.57,15.21,98.5,67.43,18000.0,17.84,56.04,32.11,10.49,18.99,40.71,104.09,20.26,19.18,12.78
instance_351,18000.0,444.07,18000.0,18000.0,388.8,557.07,496.63,215.54,18000.0,640.84,150.32,18000.0,541.43,98.1,18000.0,51.89,94.96,219.55,413.72
instance_41,18000.0,528.81,18000.0,18000.0,742.08,447.42,512.72,18000.0,18000.0,751.58,18000.0,18000.0,257.42,18000.0,18000.0,18000.0,1017.22,549.74,661.42
instance_401,18000.0,11.27,18000.0,18000.0,5.22,4.13,2.96,18000.0,18000.0,48.34,53.7,18000.0,1.85,5.38,18000.0,487.18,4.03,50.71,5.99
instance_530,18000.0,41.22,18000.0,18000.0,4.97,2.19,2.28,18000.0,18000.0,4.13,23.09,18000.0,0.63,23.85,18000.0,536.43,26.32,2.34,1.66
instance_29,18000.0,52.02,18000.0,18000.0,44.26,105.04,13.01,128.6,18000.0,32.34,69.51,18000.0,38.33,30.2,18000.0,46.56,52.09,30.21,27.94
instance_455,18000.0,18000.0,18000.0,18000.0,18000.0,18000.0,18000.0,18000.0,18000.0,18000.0,18000.0,18000.0,18000.0,18000.0,18000.0,18000.0,18000.0,18000.0,18000.0
instance_99,18000.0,253.39,18000.0,18000.0,258.25,7.64,467.87,217.83,18000.0,382.31,890.86,18000.0,42.28,36.38,18000.0,39.54,35.01,414.9,131.84
instance_573,18000.0,1.28,41.38,18000.0,1.2,4.33,0.1,29.87,17.84,14.3,27.07,0.16,0.15,0.37,3.99,37.34,0.24,0.24,0.16
instance_26,18000.0,30.36,18000.0,18000.0,27.84,33.67,11.82,208.09,18000.0,16.47,58.24,18000.0,26.1,14.35,18000.0,27.81,27.98,14.25,14.46
instance_232,18000.0,218.0,18000.0,18000.0,309.01,68.32,443.03,18000.0,18000.0,115.65,962.41,18000.0,56.77,341.15,18000.0,18000.0,304.79,209.51,135.1
instance_250,18000.0,68.39,18000.0,18000.0,54.32,46.55,35.0,18000.0,18000.0,352.19,18000.0,18000.0,5.03,11.6,18000.0,214.37,23.18,381.69,16.52
instance_599,18000.0,275.43,18000.0,18000.0,292.06,42.69,293.8,569.44,18000.0,38.22,86.51,18000.0,30.68,176.06,18000.0,873.38,140.26,60.83,19.43
instance_499,18000.0,0.77,18000.0,18000.0,0.8,0.76,0.2,17.36,18000.0,0.27,0.96,18000.0,0.3,0.85,18000.0,5.49,0.67,0.51,0.24
instance_249,18000.0,3.67,18000.0,18000.0,1.66,3.25,0.92,829.53,18000.0,61.3,18000.0,18000.0,0.42,0.71,18000.0,66.27,6.4,130.31,0.29
instance_484,18000.0,4.62,18000.0,18000.0,9.66,18000.0,18000.0,347.11,18000.0,18000.0,18000.0,39.65,18000.0,13.88,38.77,55.7,17.61,18000.0,1452.58
instance_361,18000.0,18000.0,18000.0,18000.0,18000.0,18000.0,18000.0,18000.0,18000.0,18000.0,1434.38,18000.0,18000.0,1757.37,18000.0,18000.0,18000.0,18000.0,18000.0
instance_145,122.38,0.87,18000.0,127.32,0.82,0.85,0.59,0.96,18000.0,0.48,2.11,19.61,0.45,0.4,25.22,1.3,0.56,1.0,1.11
instance_384,18000.0,4.35,18000.0,18000.0,7.78,1.19,6.17,19.28,18000.0,1.36,5.77,18000.0,1.72,1.65,18000.0,4.72,0.81,1.42,1.77
instance_76,18000.0,11.16,18000.0,18000.0,11.36,6.0,7.49,105.51,18000.0,12.05,86.84,18000.0,2.26,2.0,18000.0,25.67,3.17,16.69,11.41
instance_337,18000.0,95.77,18000.0,18000.0,91.29,72.18,118.83,71.89,18000.0,19.32,50.31,18000.0,72.44,42.02,18000.0,62.45,42.6,52.63,66.52
instance_450,40.16,0.96,1051.47,40.27,1.91,589.82,18000.0,20.2,18000.0,18000.0,18000.0,3.76,494.74,22.17,6.07,14.72,12.0,18000.0,744.88
instance_327,18000.0,1345.95,18000.0,18000.0,1184.71,1637.71,931.61,984.09,18000.0,1458.18,1001.36,18000.0,1627.96,197.36,18000.0,153.51,200.22,1121.63,822.46
instance_235,18000.0,143.81,18000.0,18000.0,98.86,64.81,105.59,18000.0,18000.0,68.58,428.58,18000.0,54.65,182.46,18000.0,18000.0,196.33,82.1,59.41
instance_162,18000.0,19.7,18000.0,18000.0,17.18,85.31,66.1,20.09,18000.0,79.23,111.36,18000.0,21.39,16.68,18000.0,19.26,22.02,85.53,75.08
instance_273,18000.0,7.41,18000.0,18000.0,15.03,50.94,40.84,18000.0,18000.0,1783.64,18000.0,18000.0,10.2,230.48,18000.0,172.85,14.04,1727.29,139.68
instance_524,809.44,28.1,18000.0,821.04,0.57,0.74,0.27,138.55,18000.0,1.78,7.3,233.0,0.12,2.34,261.69,81.27,10.94,1.68,0.28
instance_147,18000.0,35.39,18000.0,18000.0,40.31,125.45,68.62,12.34,18000.0,96.29,211.89,18000.0,27.57,19.65,18000.0,42.91,24.98,70.95,31.48
instance_126,2.93,0.07,3.64,2.92,0.1,0.05,0.01,0.24,18000.0,0.03,0.4,17.4,0.01,0.0,14.43,0.05,0.0,0.07,0.01
instance_221,18000.0,6.34,18000.0,18000.0,5.42,3.2,4.53,3.47,18000.0,2.63,66.65,1118.69,1.27,0.53,1705.68,1.41,0.51,2.38,1.03
instance_262,18000.0,5.03,18000.0,18000.0,4.17,6.42,1.82,18000.0,18000.0,217.35,18000.0,18000.0,1.31,1.56,18000.0,394.81,15.19,233.44,2.7
instance_397,18000.0,18000.0,18000.0,18000.0,18000.0,18000.0,18000.0,18000.0,18000.0,18000.0,18000.0,18000.0,18000.0,18000.0,18000.0,18000.0,18000.0,18000.0,18000.0
instance_186,18000.0,4.25,18000.0,18000.0,4.05,7.57,5.38,2.86,18000.0,6.17,23.34,565.22,1.36,1.3,598.2,2.18,2.14,5.95,4.02
instance_490,18000.0,5.43,18000.0,18000.0,4.01,0.95,1.53,45.64,18000.0,1.36,2.44,18000.0,2.13,2.46,18000.0,9.91,1.55,1.79,1.18
instance_20,18000.0,287.59,18000.0,18000.0,366.19,582.96,293.61,18000.0,18000.0,493.9,18000.0,18000.0,524.64,18000.0,18000.0,829.27,416.12,306.41,454.35
instance_121,18000.0,0.14,621.0,18000.0,0.15,0.53,0.59,0.37,620.96,18000.0,18000.0,0.81,0.13,0.08,1.21,0.56,0.06,18000.0,0.31
instance_538,18000.0,1529.58,18000.0,18000.0,116.94,44.16,347.91,18000.0,18000.0,18000.0,18000.0,18000.0,37.32,456.41,18000.0,18000.0,56.07,18000.0,66.59
instance_164,414.96,11.65,18000.0,436.86,16.15,8.45,62.6,5.64,18000.0,16.25,32.1,310.76,6.21,11.7,222.52,15.16,7.13,14.17,9.51
instance_108,18000.0,574.61,18000.0,18000.0,478.89,8.78,343.87,229.35,18000.0,463.56,1277.85,18000.0,131.91,70.82,18000.0,40.34,39.07,475.84,25.94
instance_258,18000.0,2.41,18000.0,18000.0,7.43,2.57,1.28,18000.0,18000.0,67.42,18000.0,18000.0,0.45,2.28,18000.0,47.56,4.11,69.59,0.61
instance_409,18000.0,5.15,18000.0,18000.0,4.94,0.32,0.12,5.09,18000.0,0.26,2.57,18000.0,0.23,0.44,18000.0,3.01,0.42,0.32,0.36
instance_486,1220.22,35.69,18000.0,1220.94,36.92,2.21,50.78,35.84,18000.0,0.76,9.07,18000.0,2.29,3.31,18000.0,32.41,3.19,1.15,2.58
instance_532,18000.0,44.95,18000.0,18000.0,5.66,3.26,1.25,18000.0,18000.0,2.32,12.69,18000.0,0.4,211.32,18000.0,132.62,39.68,2.39,5.34
instance_470,19.0,7.2,18000.0,18.73,7.3,1398.97,18000.0,281.4,18000.0,18000.0,18000.0,103.67,18000.0,22.24,112.23,21.14,30.59,18000.0,1171.99
instance_331,18000.0,83.83,18000.0,18000.0,84.13,67.7,62.86,124.51,18000.0,54.29,72.93,18000.0,65.97,25.6,18000.0,81.13,26.86,48.99,51.07
instance_396,18000.0,18000.0,18000.0,18000.0,302.47,951.79,18000.0,18000.0,18000.0,546.62,18000.0,18000.0,18000.0,18000.0,18000.0,18000.0,18000.0,465.07,792.32
instance_169,1095.27,30.93,18000.0,1085.63,42.77,7.54,203.63,18.11,18000.0,42.81,166.6,912.69,17.22,40.31,722.73,45.1,24.52,49.64,12.87
instance_446,18000.0,18000.0,18000.0,18000.0,18000.0,18000.0,18000.0,2.01,18000.0,18000.0,18000.0,18000.0,18000.0,18000.0,18000.0,5.24,879.07,18000.0,663.68
instance_57,18000.0,5.28,18000.0,18000.0,3.52,1.08,21.51,15.16,18000.0,42.79,89.18,18000.0,1.19,0.46,18000.0,3.44,0.77,40.47,2.09
instance_485,18000.0,18000.0,18000.0,18000.0,18000.0,18000.0,18000.0,18000.0,18000.0,18000.0,18000.0,18000.0,18000.0,18000.0,18000.0,18000.0,18000.0,18000.0,18000.0
instance_388,18000.0,18000.0,18000.0,18000.0,18000.0,18000.0,18000.0,18000.0,18000.0,18000.0,18000.0,18000.0,18000.0,18000.0,18000.0,18000.0,18000.0,18000.0,18000.0
instance_360,18000.0,99.01,18000.0,18000.0,67.73,105.98,62.84,46.64,18000.0,102.83,28.79,18000.0,102.62,9.21,18000.0,12.47,9.26,75.94,76.11
instance_137,7.59,0.07,3.85,7.63,0.05,0.05,0.02,0.11,18000.0,0.05,0.73,6.49,0.02,0.01,6.79,0.07,0.01,0.04,0.03
instance_540,18000.0,0.32,18000.0,18000.0,0.28,0.33,0.05,0.55,18000.0,49.94,87.77,18000.0,0.05,0.07,18000.0,23.64,0.05,41.37,0.07
instance_498,18000.0,0.17,18000.0,18000.0,0.16,0.07,0.13,1.09,18000.0,0.05,0.26,251.67,0.08,0.15,240.21,0.27,0.09,0.06,0.09
instance_414,18000.0,0.3,18000.0,18000.0,2.58,0.37,3.35,2.81,18000.0,18000.0,18000.0,11.0,0.09,0.12,4.23,3.53,0.08,18000.0,1.58
instance_549,18000.0,12.15,18000.0,18000.0,1.91,2.24,1.17,846.74,18000.0,4.83,17.14,18000.0,2.52,22.97,18000.0,185.35,26.52,6.78,1.89
instance_513,18000.0,0.19,18000.0,18000.0,0.18,0.07,0.1,0.59,18000.0,0.08,0.29,18000.0,0.07,0.17,18000.0,0.31,0.15,0.08,0.09
instance_318,18000.0,18000.0,18000.0,18000.0,18000.0,18000.0,18000.0,18000.0,18000.0,18000.0,18000.0,18000.0,18000.0,18000.0,18000.0,18000.0,18000.0,18000.0,18000.0
instance_525,80.86,427.83,18000.0,80.39,0.3,0.54,0.17,35.78,18000.0,0.45,2.24,64.8,0.09,5.75,52.85,16.29,5.36,0.32,0.15
instance_577,18000.0,12.69,18000.0,18000.0,11.91,5.65,3.4,18000.0,18000.0,27.41,20.27,18000.0,4.87,12.53,18000.0,115.21,23.38,29.62,3.0
instance_339,18000.0,123.29,18000.0,18000.0,119.31,212.08,186.31,245.9,18000.0,107.81,104.84,18000.0,213.88,68.2,18000.0,80.16,73.28,119.37,126.34
instance_329,18000.0,28.59,18000.0,18000.0,25.56,28.59,18.88,28.94,18000.0,25.55,23.88,18000.0,27.7,4.71,18000.0,10.5,4.87,18.43,20.55
instance_1,18000.0,81.96,18000.0,18000.0,115.16,80.53,123.56,18000.0,18000.0,259.21,594.07,18000.0,47.91,18000.0,18000.0,483.59,386.09,243.25,88.8
instance_230,18000.0,18000.0,18000.0,18000.0,18000.0,18000.0,18000.0,18000.0,18000.0,18000.0,18000.0,18000.0,18000.0,18000.0,18000.0,18000.0,18000.0,18000.0,18000.0
instance_566,18000.0,18000.0,18000.0,18000.0,75.6,103.76,29.67,18000.0,754.1,18000.0,18000.0,18000.0,98.49,40.7,18000.0,135.66,42.86,3.02,83.77
instance_270,18000.0,4.55,18000.0,18000.0,3.08,3.28,2.6,365.84,18000.0,120.62,18000.0,18000.0,0.62,0.72,18000.0,48.82,4.42,118.56,1.55
instance_231,18000.0,66.4,18000.0,18000.0,79.2,14.52,25.15,27.37,18000.0,200.47,329.52,18000.0,13.74,15.61,18000.0,15.95,15.17,29.0,16.6
instance_348,18000.0,613.15,18000.0,18000.0,556.86,787.9,772.31,275.3,18000.0,838.57,156.93,18000.0,818.82,111.31,18000.0,69.64,101.82,368.49,635.23
instance_509,18000.0,0.04,18000.0,18000.0,0.04,0.03,0.05,0.49,18000.0,0.02,0.07,36.6,0.04,0.13,38.68,0.12,0.04,0.03,0.05
instance_127,18000.0,1.1,18000.0,18000.0,1.1,0.67,1.27,4.1,18000.0,0.39,2.51,18000.0,1.05,0.43,18000.0,1.09,0.73,0.41,0.72
instance_574,18000.0,7.03,18000.0,18000.0,11.15,2.49,3.04,1366.99,18000.0,1588.87,16.92,18000.0,1.8,8.01,18000.0,80.48,51.55,227.74,3.05
instance_172,21.52,0.51,18000.0,22.32,0.49,0.35,0.43,0.79,18000.0,0.8,4.15,28.2,0.18,0.35,23.1,1.04,0.33,0.63,0.76
instance_441,18000.0,18000.0,18000.0,18000.0,18000.0,18000.0,18000.0,2.93,18000.0,18000.0,18000.0,18000.0,18000.0,18000.0,18000.0,3.8,18000.0,18000.0,18000.0
instance_224,18000.0,19.52,18000.0,18000.0,39.59,5.33,32.44,3.88,18000.0,11.86,175.84,1206.46,2.29,0.55,1379.32,1.58,0.61,11.15,3.86
instance_334,18000.0,61.54,18000.0,18000.0,59.17,76.36,75.84,47.02,18000.0,54.18,59.81,18000.0,77.28,29.27,18000.0,30.27,29.54,61.24,93.67
instance_407,18000.0,5.46,18000.0,18000.0,5.04,0.4,0.28,9.05,18000.0,0.6,3.34,18000.0,0.25,0.68,18000.0,6.17,0.79,0.54,0.41
instance_182,18000.0,4.12,18000.0,18000.0,3.6,5.52,4.36,1.98,18000.0,4.66,13.07,18000.0,1.18,1.77,18000.0,1.58,4.05,5.52,5.3
instance_178,597.89,5.11,18000.0,595.87,7.82,3.22,34.0,7.08,18000.0,13.96,34.33,1001.43,3.6,7.02,547.64,13.58,8.3,15.13,5.81
instance_88,18000.0,115.9,18000.0,18000.0,208.69,77.64,34.56,302.43,18000.0,28.57,131.43,18000.0,36.23,18.69,18000.0,79.64,28.76,30.74,45.92
instance_558,18000.0,72.93,18000.0,18000.0,78.99,200.57,27.16,585.44,18000.0,215.12,18000.0,18000.0,15.79,35.0,18000.0,564.54,51.89,143.63,43.69
instance_133,0.2,0.1,3.75,0.2,0.08,0.05,0.01,0.12,18000.0,0.06,0.6,15.08,0.01,0.05,13.71,0.07,0.03,0.06,0.01
instance_363,18000.0,206.38,18000.0,18000.0,181.17,202.98,160.97,84.95,18000.0,241.43,56.03,18000.0,198.31,27.76,18000.0,31.95,26.71,100.57,168.31
instance_539,976.58,80.46,18000.0,961.54,0.64,0.8,0.38,290.46,18000.0,2.16,10.46,18000.0,0.24,14.77,178.69,36.68,3.24,1.7,0.43
instance_238,18000.0,271.13,18000.0,18000.0,128.97,39.2,163.24,18000.0,18000.0,77.51,423.32,18000.0,41.34,224.99,18000.0,18000.0,228.24,74.27,56.24
instance_269,18000.0,5.7,18000.0,18000.0,16.84,1.88,3.77,18000.0,18000.0,62.05,18000.0,18000.0,3.07,4.03,18000.0,239.1,4.68,60.84,3.87
instance_47,18000.0,110.66,18000.0,18000.0,130.62,134.23,209.06,18000.0,18000.0,194.03,346.26,18000.0,65.64,18000.0,18000.0,1001.12,417.92,240.37,175.14
instance_292,18000.0,1.94,18000.0,18000.0,1.79,1.61,0.27,45.95,18000.0,18.14,591.68,18000.0,0.29,0.4,18000.0,5.21,0.93,17.89,0.14
instance_264,18000.0,3.6,18000.0,18000.0,2.09,4.22,0.75,408.44,18000.0,72.27,18000.0,18000.0,0.58,0.9,18000.0,26.79,7.91,84.72,0.51
instance_516,801.12,0.96,18000.0,839.1,0.87,1.79,0.51,47.16,18000.0,0.66,0.87,18000.0,0.63,0.92,18000.0,8.35,1.46,0.41,0.92
instance_276,18000.0,3.61,18000.0,18000.0,1.52,4.12,1.04,1211.82,18000.0,206.85,18000.0,18000.0,0.67,0.98,18000.0,99.21,6.59,232.46,0.88
instance_180,34.94,0.58,18000.0,35.33,0.62,0.39,0.25,0.59,18000.0,0.28,1.43,15.3,0.23,0.27,15.78,0.94,0.28,0.24,0.12
instance_93,18000.0,8.57,18000.0,18000.0,7.82,6.74,12.31,163.21,18000.0,11.56,17.61,18000.0,2.12,2.93,18000.0,29.56,2.31,14.43,11.12
instance_32,18000.0,51.41,18000.0,18000.0,49.76,42.34,23.76,425.65,18000.0,35.78,88.72,18000.0,51.09,20.41,18000.0,49.2,67.11,32.22,29.98
