instance,feature_47,feature_81,feature_32,feature_46,feature_77
instance_1,1.1772,0.9352,0.0,0.0024,0.1132
instance_2,7.0388,0.5292,0.0,0.0004,0.0024
instance_3,0.0624,0.1876,0.1364,0.1828,0.0024
instance_4,5.2764,0.19,0.0,0.0012,0.0
instance_5,1.1728,0.9344,0.0,0.0016,0.1152
instance_7,1.1792,0.9356,0.0,0.0024,0.1124
instance_8,2.0528,0.6932,0.0,0.0,0.0
instance_11,6.3832,0.1252,0.0,0.0024,0.0024
instance_12,3.3304,0.8344,0.0004,0.0028,0.0404
instance_13,0.9848,0.0516,0.0,0.0004,0.0032
instance_14,1.1864,0.9224,0.0092,0.0584,0.0864
instance_15,0.0,0.0472,0.1396,0.0468,0.0004
instance_17,13.6056,0.0772,0.0,0.0004,0.0
instance_18,3.6872,0.6404,0.002,0.0016,0.172
instance_20,0.3196,1.0516,0.2068,0.0984,1.2756
instance_21,1.1752,0.9348,0.0,0.0008,0.1116
instance_22,0.924,0.6544,0.1332,0.284,0.7392
instance_24,5.7364,0.5312,0.0,0.0004,0.0024
instance_27,1.1716,0.9332,0.0008,0.0064,0.1116
instance_28,6.4736,0.4944,0.0,0.0004,0.0036
instance_30,0.3456,0.2,0.0108,0.0548,0.004
instance_31,0.0,0.154,0.0168,0.154,0.1232
instance_32,1.1064,0.928,0.016,0.0684,0.1056
instance_34,0.0,0.0448,0.3648,0.0444,0.0
instance_38,3.5452,0.652,0.0144,0.0212,0.0224
instance_40,4.2124,0.7892,0.0008,0.002,0.0084
instance_41,0.3268,0.2,0.0164,0.0716,0.004
instance_42,1.1496,0.9348,0.0112,0.0576,0.1032
instance_43,6.7184,0.6664,0.0004,0.0008,0.0444
instance_44,11.3204,0.626,0.0008,0.0008,0.0568
instance_47,,,,,
instance_49,0.0,0.14,0.014,0.0184,0.0
instance_51,0.0,0.0472,0.1848,0.0468,0.0004
instance_52,1.2668,0.1536,0.0004,0.0048,0.0
instance_53,0.13,0.188,0.088,0.1704,0.0028
instance_54,3.86,0.432,0.0008,0.0044,0.0012
instance_55,0.1092,1.0,0.0544,0.0272,0.168
instance_56,3.1964,0.5696,0.0,0.0016,0.0332
instance_57,0.334,0.2,0.0144,0.066,0.004
instance_62,1.048,0.2,0.0104,0.0252,0.4156
instance_64,9.6132,0.0772,0.0,0.0004,0.0
instance_65,1.1668,0.934,0.0004,0.0044,0.1168
instance_66,1.0984,0.9252,0.0056,0.0488,0.1188
instance_67,0.0612,0.1876,0.1332,0.1824,0.0024
instance_71,4.8172,0.7388,0.0,0.0004,0.0216
instance_73,0.0,0.0448,0.4172,0.044,0.0
instance_74,1.1848,0.9344,0.0,0.0008,0.1116
instance_76,1.1532,0.9208,0.0104,0.0536,0.1036
instance_77,0.0,0.0992,0.012,0.0992,0.0008
instance_78,8.9932,0.6196,0.0012,0.0016,0.0648
instance_79,2.5676,0.6584,0.0,0.0004,0.0004
instance_80,1.1076,0.918,0.0188,0.096,0.0872
instance_82,0.9448,0.2472,0.0,0.004,0.0016
instance_83,1.1264,0.9308,0.004,0.05,0.1156
instance_84,1.2228,0.9144,0.0064,0.042,0.1056
instance_86,0.8404,0.0676,0.01,0.02,0.0
instance_88,2.0444,0.6956,0.0,0.0,0.0
instance_89,0.1028,0.2324,0.1108,0.2008,0.0116
instance_91,0.6564,0.048,0.0064,0.0132,0.0
instance_94,4.5668,0.536,0.0008,0.002,0.0052
instance_95,9.416,0.0712,0.0,0.0004,0.0
instance_96,0.4676,0.5692,0.0404,0.0144,0.3356
instance_97,0.1008,1.6668,0.0624,0.124,0.9176
instance_102,0.4796,0.5476,0.044,0.016,0.3412
instance_103,1.1456,0.9344,0.0004,0.0064,0.1148
instance_104,1.8272,0.698,0.0,0.0,0.0016
instance_105,1.9656,0.348,0.012,0.0964,0.0072
instance_106,4.4668,0.172,0.0,0.0004,0.0
instance_108,1.1728,0.9284,0.0068,0.0436,0.1208
instance_109,6.1012,0.8648,0.0004,0.0256,0.3948
instance_111,0.8936,0.06,0.006,0.0164,0.0
instance_115,0.4856,0.5612,0.0432,0.0156,0.34
instance_117,7.5148,0.1232,0.0,0.0008,0.0
instance_118,1.1132,0.9236,0.0128,0.0548,0.0972
instance_119,3.0288,0.9624,0.0004,0.0016,0.0532
instance_120,0.0,0.3636,0.1788,0.3608,1.4112
instance_121,0.0404,0.1876,0.1732,0.184,0.0028
instance_122,2.4696,0.6032,0.0,0.0,0.0
instance_123,0.0,0.0492,0.008,0.0492,0.0
instance_124,0.0444,0.1876,0.1772,0.184,0.0024
instance_125,5.5876,0.6724,0.0004,0.0112,0.5244
instance_128,0.6508,0.0672,0.0128,0.024,0.0
instance_130,0.0084,0.034,0.036,0.0336,0.0
instance_131,4.6444,0.538,0.0004,0.0008,0.0016
instance_132,5.5508,0.2544,0.0,0.0008,0.0
instance_135,1.812,0.2012,0.0196,0.062,0.0824
instance_136,5.8092,0.7308,0.0004,0.002,0.0676
instance_139,11.3984,0.8012,0.0,0.0004,0.0616
instance_140,1.1384,0.9172,0.014,0.0612,0.0968
instance_141,0.0668,0.188,0.1308,0.1804,0.0028
instance_142,4.938,0.1484,0.0,0.0008,0.0004
instance_143,2.1944,0.5936,0.0024,0.0088,0.0164
instance_144,1.1092,0.4548,0.0072,0.0412,0.008
instance_146,0.9848,0.2804,0.0,0.0032,0.008
instance_147,0.3396,0.2,0.0148,0.066,0.004
instance_149,5.9108,0.5512,0.0,0.0004,0.0008
instance_150,0.0,0.1212,0.0668,0.1208,0.0176
instance_151,1.9532,0.6784,0.0,0.0,0.0004
instance_153,6.04,0.814,0.0004,0.0272,0.3708
instance_155,17.5384,0.0484,0.0,0.0,0.0
instance_156,0.0636,0.4988,0.0312,0.3472,0.7588
instance_157,1.9528,0.6784,0.0,0.0,0.0004
instance_158,3.012,0.7964,0.004,0.0068,0.0088
instance_159,1.2876,0.2272,0.0156,0.04,0.4292
instance_161,1.26,0.4444,0.0012,0.0132,0.0168
instance_162,1.1732,0.9364,0.0,0.0008,0.1112
instance_163,1.122,0.9204,0.0124,0.0648,0.0884
instance_164,5.8512,0.6024,0.0036,0.0184,0.3236
instance_165,2.0736,0.6876,0.0004,0.0004,0.0032
instance_166,1.5132,1.1748,0.0008,0.0132,0.1932
instance_168,12.8648,0.762,0.0,0.0,0.0904
instance_170,,,,,
instance_172,0.0,0.0104,0.2844,0.01,1.9732
instance_174,4.9368,0.512,0.0,0.0008,0.0012
instance_176,1.1748,0.9344,0.0,0.002,0.112
instance_178,0.7924,0.1616,0.0148,0.0524,0.006
instance_179,0.2856,0.0376,0.0208,0.0324,0.0
instance_180,1.0524,0.3496,0.0004,0.006,0.086
instance_181,5.7988,0.502,0.0,0.0004,0.002
instance_184,3.9428,0.242,0.0,0.0008,0.0
instance_186,0.0,0.1876,0.3416,0.184,0.0028
instance_187,0.0,0.0448,0.5044,0.044,0.0
instance_189,1.5204,1.1616,0.0012,0.0216,0.192
instance_190,1.8884,0.0976,0.0,0.0016,0.0
instance_192,12.2896,0.7728,0.0,0.0,0.0864
instance_193,7.0732,0.5004,0.0,0.0004,0.0056
instance_194,0.1464,1.0,0.0428,0.0212,0.168
instance_196,0.0912,1.6668,0.0332,0.0664,0.918
instance_197,1.0804,0.9304,0.012,0.0596,0.102
instance_198,7.0704,0.5036,0.0,0.0004,0.0044
instance_199,0.016,0.1876,0.3268,0.184,0.0032
instance_201,5.9156,0.632,0.0004,0.0128,0.4192
instance_202,0.0448,0.1876,0.1692,0.184,0.002
instance_203,8.9932,0.6196,0.0012,0.0016,0.0648
instance_204,1.6472,1.1736,0.0008,0.0168,0.1856
instance_205,7.846,0.0684,0.0,0.0012,0.0
instance_207,2.2016,0.592,0.0024,0.0088,0.0144
instance_209,5.5508,0.2544,0.0,0.0008,0.0
instance_210,0.4152,0.732,0.2856,0.1288,1.6004
instance_211,0.5732,0.0672,0.0128,0.0236,0.0
instance_212,0.7404,0.0596,0.0092,0.0192,0.0
instance_213,0.0,0.0516,0.0092,0.0516,0.0
instance_217,0.0,1.198,0.0712,0.0284,0.4404
instance_218,5.5576,0.6628,0.0004,0.0124,0.5916
instance_219,1.1588,0.9352,0.0,0.0024,0.1108
instance_220,0.0,0.3156,0.158,0.3136,1.392
instance_222,2.53,0.6144,0.0,0.0,0.0
instance_223,0.1924,1.524,0.3428,1.3716,1.2592
instance_224,0.0,0.0448,0.436,0.044,0.0
instance_225,3.31,0.1688,0.0,0.0028,0.0
instance_226,0.0,0.7272,0.138,0.5164,0.2112
instance_227,0.0,0.0232,0.0028,0.0232,0.0
instance_229,0.1528,1.6668,0.0716,0.1404,0.918
instance_230,0.924,0.6544,0.1332,0.284,0.7392
instance_231,0.1464,1.0,0.0428,0.0212,0.168
instance_232,0.0,0.0448,0.4336,0.044,0.0
instance_233,8.0888,0.66,0.0004,0.0152,0.346
instance_235,35.8088,0.6096,0.0,0.0,0.0772
instance_237,0.0,0.0512,0.0144,0.0508,0.0
instance_238,1.1748,0.936,0.0,0.0016,0.1136
instance_240,0.0,0.0448,0.326,0.0444,0.0
instance_245,0.9904,0.3184,0.0,0.0036,0.2268
instance_246,0.0,0.0448,0.4316,0.044,0.0
instance_247,11.9288,0.6504,0.0004,0.0012,0.0508
instance_248,1.152,0.9244,0.0096,0.0484,0.0996
instance_249,1.1776,0.9352,0.0008,0.0064,0.114
instance_250,1.1728,0.9344,0.0,0.0004,0.1132
instance_252,0.0,0.0448,0.3344,0.0444,0.0
instance_254,0.0,0.0472,0.1596,0.0468,0.0004
instance_255,0.0,0.018,1.2908,0.0176,0.0032
instance_256,2.276,0.9632,0.0068,0.0088,0.0208
instance_257,2.54,0.6212,0.0,0.0,0.0
instance_258,0.046,0.3356,0.0116,0.1808,0.5956
instance_259,1.8424,1.2792,0.0004,0.0072,0.23
instance_261,0.0,0.0448,0.3748,0.0444,0.0
instance_262,1.136,0.9172,0.0024,0.0612,0.0992
instance_263,1.1832,0.9192,0.0072,0.0384,0.1048
instance_265,0.8448,0.0676,0.0104,0.0196,0.0
instance_267,6.2436,0.4184,0.004,0.0048,0.0956
instance_268,4.1428,0.43,0.0008,0.0036,0.0012
instance_269,0.0,0.092,0.006,0.008,0.0
instance_271,6.7092,0.144,0.0004,0.0084,0.0008
instance_272,1.1216,0.9128,0.0084,0.0552,0.1052
instance_273,1.3532,1.0452,0.0028,0.0316,0.1496
instance_274,7.0732,0.5004,0.0,0.0004,0.0056
instance_275,1.0852,0.9256,0.01,0.0436,0.1152
instance_276,1.96,0.6816,0.0,0.0004,0.0
instance_277,1.1624,0.9236,0.0096,0.0492,0.094
instance_278,0.2916,0.0224,0.008,0.0044,0.0
instance_279,3.31,0.1688,0.0,0.0028,0.0
instance_280,0.3616,0.2,0.0072,0.0364,0.004
instance_281,1.3656,1.056,0.0028,0.0312,0.1436
instance_283,1.9432,0.6796,0.0,0.0004,0.0004
instance_284,1.0944,0.9316,0.0132,0.0672,0.088
instance_285,35.6516,0.6088,0.0,0.0,0.0348
instance_286,1.1756,0.9356,0.0,0.0016,0.1108
instance_287,2.1464,0.6444,0.0,0.0,0.0
instance_288,7.5148,0.1232,0.0,0.0008,0.0
instance_290,5.0064,0.2944,0.0,0.0012,0.0008
instance_292,1.182,0.9372,0.0008,0.0124,0.1176
instance_293,0.7956,0.06,0.008,0.0164,0.0
instance_295,10.6468,0.7144,0.0004,0.0004,0.0532
instance_296,1.96,0.6816,0.0,0.0004,0.0
instance_299,1.2704,0.2592,0.01,0.006,0.0004
instance_300,1.1708,0.936,0.0004,0.0036,0.1156
instance_302,4.8592,0.9128,0.0036,0.0084,0.006
instance_303,3.1268,0.658,0.0,0.0004,0.0108
instance_304,1.2072,0.9324,0.0,0.0016,0.11
instance_305,3.2812,0.6864,0.0,0.0004,0.0028
instance_306,0.3248,0.2,0.0132,0.0608,0.0044
instance_309,0.8252,0.4428,0.0524,0.116,0.6596
instance_310,1.946,0.6644,0.0,0.0,0.0
instance_312,0.1284,1.6668,0.0624,0.1232,0.918
instance_313,0.0,0.0448,0.4024,0.0444,0.0
instance_314,1.0544,0.9312,0.0124,0.0628,0.1056
instance_315,3.9304,0.5408,0.0,0.0004,0.0008
instance_317,0.0,0.8,0.1076,0.036,1.0596
instance_318,0.2828,0.2,0.0248,0.0972,0.004
instance_319,1.1752,0.9244,0.0156,0.0788,0.0904
instance_320,1.1648,0.9344,0.0004,0.0052,0.1104
instance_323,3.092,0.8092,0.0004,0.0008,0.0172
instance_324,0.0412,0.1876,0.1648,0.184,0.0024
instance_326,0.084,0.2324,0.1712,0.2204,0.0104
instance_327,2.7448,0.5428,0.0,0.0004,0.0016
instance_328,0.0728,1.6668,0.0416,0.0828,0.9176
instance_329,0.7612,0.0452,0.0056,0.0104,0.0
instance_331,2.0732,0.688,0.0004,0.0004,0.0032
instance_332,0.05,0.1876,0.154,0.1832,0.002
instance_333,1.28,0.1928,0.0008,0.008,0.0004
instance_334,0.0,0.0904,0.0216,0.0904,0.0
instance_335,0.3476,0.2,0.0124,0.0608,0.004
instance_336,1.1504,0.9264,0.0096,0.0488,0.1092
instance_338,6.8852,0.2988,0.0,0.0016,0.0
instance_339,1.178,0.9344,0.0,0.0008,0.1128
instance_341,1.2716,0.2592,0.01,0.006,0.0004
instance_342,0.0,0.0448,0.3712,0.0444,0.0
instance_345,0.0,0.1292,0.0688,0.1288,0.0256
instance_346,2.9952,0.5184,0.0,0.0,0.0052
instance_348,0.1092,1.0,0.0544,0.0272,0.168
instance_349,4.3944,0.3292,0.0004,0.002,0.0032
instance_350,6.0828,0.8868,0.0008,0.0304,0.564
instance_351,0.3284,0.03,0.014,0.008,0.0
instance_353,5.7,0.6952,0.0,0.0004,0.0064
instance_356,1.6992,0.3056,0.0044,0.0164,0.0124
instance_357,1.0692,0.932,0.0084,0.0528,0.1176
instance_359,0.0,0.0448,0.4268,0.044,0.0
instance_361,1.1352,0.9196,0.0088,0.0564,0.0908
instance_363,1.052,0.216,0.0328,0.0512,0.1236
instance_364,,,,,
instance_366,1.368,1.0504,0.002,0.0408,0.1648
instance_368,1.1752,0.9344,0.0,0.0008,0.1136
instance_370,1.1632,0.9356,0.0004,0.0036,0.1116
instance_371,1.004,0.9296,0.0188,0.0932,0.1084
instance_376,0.3104,0.026,0.0108,0.006,0.0
instance_378,0.1564,1.0,0.0428,0.0212,0.168
instance_380,2.6232,0.5812,0.0,0.0,0.0
instance_381,6.0372,0.854,0.0008,0.0304,0.224
instance_385,1.1168,0.9268,0.01,0.0504,0.1092
instance_389,1.458,0.2488,0.0008,0.01,0.0
instance_390,9.898,0.2468,0.0004,0.0048,0.0
instance_393,0.0,0.0164,0.0024,0.0164,0.0
instance_394,0.6684,0.0672,0.0116,0.0232,0.0
instance_396,5.214,0.1456,0.0,0.0004,0.0
instance_399,0.3268,0.2,0.0156,0.0716,0.004
instance_400,0.046,0.1876,0.1616,0.1836,0.0024
instance_404,0.0,0.0472,0.1736,0.0468,0.0004
instance_407,0.9528,0.1284,0.0124,0.0212,0.0176
instance_408,2.088,0.1476,0.0004,0.0456,0.06
instance_409,1.0984,0.9216,0.0084,0.0536,0.1144
instance_411,3.6676,0.642,0.0016,0.0016,0.172
instance_412,,,,,
instance_413,1.8596,0.0728,0.0004,0.0028,1.1824
instance_414,2.1456,0.6512,0.0,0.0,0.0
instance_415,0.0508,0.1876,0.1352,0.1832,0.0028
instance_417,1.1388,0.8324,0.0196,0.0248,0.0692
instance_418,2.3824,0.964,0.0056,0.0076,0.0208
instance_419,1.1348,0.926,0.0092,0.0468,0.114
instance_422,0.0312,0.1876,0.1972,0.1844,0.0024
instance_424,4.5356,0.1996,0.0,0.0012,0.0
instance_425,1.1668,0.9376,0.0024,0.0588,0.0944
instance_426,0.3152,0.2,0.0184,0.0788,0.004
instance_427,6.5004,0.89,0.0,0.0,0.1544
instance_430,3.954,0.2424,0.0,0.0012,0.0
instance_431,1.1808,0.9112,0.0136,0.06,0.108
instance_432,0.0,0.03,0.0032,0.03,0.0
instance_433,2.6132,0.5768,0.0,0.0,0.0
instance_434,0.2292,1.8648,0.162,0.166,1.0492
instance_436,0.7772,0.0676,0.0108,0.02,0.0
instance_437,1.178,0.934,0.0,0.0016,0.1108
instance_438,1.1732,0.9344,0.0004,0.0044,0.1116
instance_439,3.9304,0.5408,0.0,0.0004,0.0008
instance_440,7.0492,0.4996,0.0,0.0004,0.0052
instance_441,0.0,0.0104,0.1516,0.0104,1.9724
instance_443,0.06,0.1876,0.1348,0.1828,0.0024
instance_444,0.0516,0.1876,0.1616,0.1832,0.0028
instance_446,2.2976,0.6308,0.0,0.0,0.0
instance_447,6.5004,0.89,0.0,0.0,0.1604
instance_448,1.4636,1.07,0.0024,0.0256,0.1588
instance_449,0.0412,0.1876,0.1576,0.184,0.0032
instance_450,1.0868,0.926,0.0104,0.0668,0.1064
instance_452,1.1844,0.9184,0.0072,0.0384,0.1012
instance_453,12.2552,0.5952,0.0004,0.0008,0.0256
instance_454,1.272,1.0648,0.004,0.03,0.1444
instance_456,6.7968,0.0988,0.0,0.0016,0.0008
instance_457,0.0,0.0024,1.0668,0.0024,1.9952
instance_458,0.0,0.0096,1.3332,0.0092,1.9988
instance_459,0.4544,0.5612,0.0396,0.0144,0.3376
instance_461,0.0,0.0448,0.368,0.0444,0.0
instance_462,1.9496,0.1468,0.0004,0.0036,0.0
instance_465,0.4988,0.0324,0.0048,0.0308,0.0
instance_466,1.2744,1.0672,0.002,0.0208,0.1612
instance_467,0.0,0.0472,0.126,0.0468,0.0004
instance_469,0.3356,0.2,0.014,0.066,0.004
instance_470,1.1456,0.9204,0.008,0.0412,0.1052
instance_471,0.8348,0.06,0.0084,0.0164,0.0
instance_472,1.25,0.9292,0.0104,0.0668,0.1016
instance_473,0.0,0.0448,0.4256,0.044,0.0
instance_474,0.4384,0.0424,0.0096,0.0408,0.0
instance_476,14.2716,0.2152,0.0,0.0004,0.0008
instance_477,2.486,0.548,0.0028,0.0072,0.0
instance_478,1.072,0.9272,0.0044,0.0552,0.104
instance_479,0.0,0.0576,0.0088,0.0576,0.0
instance_480,3.2204,0.8296,0.0012,0.0032,0.0052
instance_481,6.7764,0.1016,0.0,0.0016,0.0012
instance_482,5.252,0.2944,0.0,0.0012,0.0008
instance_485,0.6816,0.0596,0.0076,0.0168,0.0
instance_488,17.5336,0.0484,0.0,0.0,0.0
instance_489,0.8884,0.2752,0.0528,0.084,0.1704
instance_490,0.0084,0.0392,0.0424,0.0388,0.0
instance_491,2.1668,0.8204,0.0028,0.006,0.0064
instance_494,4.3224,0.1608,0.0,0.0008,0.0
instance_496,0.0,0.5716,0.0844,0.568,0.1484
instance_497,8.6444,0.6156,0.0016,0.002,0.0544
instance_498,1.1848,0.9352,0.0,0.0012,0.1096
instance_500,1.0968,0.9224,0.0088,0.0556,0.0972
instance_501,0.3284,0.03,0.014,0.008,0.0
instance_502,2.726,0.646,0.0,0.0004,0.0032
instance_503,2.5748,0.0688,0.0,0.0004,0.0
instance_504,1.1368,0.8848,0.0424,0.0512,0.0684
instance_505,8.3684,0.558,0.0016,0.002,0.0548
instance_506,4.436,0.4052,0.0008,0.0028,0.0044
instance_507,0.2332,1.8888,0.1332,0.136,1.0284
instance_508,7.3092,0.4636,0.0,0.002,0.0008
instance_509,11.0416,0.622,0.0004,0.0008,0.068
instance_510,7.4936,0.5316,0.0016,0.0084,0.596
instance_511,1.1584,0.9224,0.01,0.0516,0.1068
instance_512,0.0,0.206,0.0288,0.2052,0.2856
instance_513,4.756,0.5712,0.0008,0.002,0.0092
instance_515,0.0,0.0672,0.0168,0.0668,0.0
instance_519,1.0424,0.084,0.0,0.0016,0.0004
instance_522,3.9044,0.842,0.004,0.0084,0.0576
instance_527,0.0988,1.0,0.0444,0.022,0.168
instance_530,7.6724,0.4576,0.0,0.0016,0.0008
instance_531,0.1148,1.1164,0.1728,1.0364,1.1404
instance_532,1.1952,0.9184,0.0072,0.0464,0.1024
instance_535,1.0196,0.922,0.0104,0.0672,0.1156
instance_536,1.1904,0.9296,0.0012,0.0104,0.1092
instance_537,1.1372,0.9368,0.002,0.01,0.1068
instance_538,2.5056,0.62,0.0,0.0,0.0
instance_539,0.0716,0.1876,0.1252,0.1804,0.0024
instance_540,2.9952,0.5184,0.0,0.0,0.0052
instance_541,4.6444,0.538,0.0004,0.0008,0.0016
instance_542,6.0444,0.6948,0.0004,0.0124,0.6084
instance_543,0.0,0.0204,0.002,0.0204,0.0
instance_544,1.1796,0.9172,0.0044,0.0384,0.1004
instance_546,5.2152,0.1452,0.0,0.0004,0.0
instance_547,0.0,0.5,0.2292,0.4948,1.4444
instance_549,3.7356,0.6236,0.0,0.0,0.0096
instance_552,8.5072,0.6592,0.0004,0.0044,0.034
instance_553,0.0,0.0448,0.4224,0.044,0.0
instance_556,4.8204,0.116,0.0,0.0,0.002
instance_557,7.0668,0.32,0.0,0.0012,0.0
instance_558,0.1132,0.2564,0.0876,0.1932,0.0224
instance_560,4.1288,0.5584,0.0,0.0004,0.0016
instance_563,0.4552,0.5656,0.0436,0.0156,0.34
instance_564,2.5324,0.6284,0.0,0.0,0.0
instance_565,1.782,0.862,0.0,0.0004,0.0148
instance_566,3.076,0.8064,0.0,0.0012,0.0104
instance_567,1.158,0.9312,0.0004,0.0044,0.1136
instance_568,0.1244,1.0,0.0428,0.0212,0.168
instance_569,1.3092,1.0596,0.0056,0.0308,0.154
instance_570,1.174,0.9324,0.006,0.0376,0.1028
instance_571,2.0788,0.6836,0.0,0.0004,0.0028
instance_572,1.1668,0.9352,0.0,0.0016,0.1148
instance_577,4.398,0.4044,0.0008,0.0028,0.0032
instance_578,1.1552,0.9212,0.0132,0.0672,0.0856
instance_580,0.3356,0.2,0.0148,0.066,0.004
instance_582,9.2356,0.38,0.0,0.0004,0.0
instance_583,1.016,0.9248,0.016,0.0672,0.1032
instance_584,3.694,0.6404,0.002,0.0016,0.172
instance_585,2.1104,0.7576,0.0004,0.0008,0.0108
instance_586,5.0812,0.5768,0.0004,0.0008,0.0604
instance_588,0.9428,0.242,0.0412,0.0672,0.1432
instance_590,4.3356,0.022,0.0,0.0032,0.0
instance_591,5.8348,0.7224,0.0004,0.0124,0.6552
instance_593,2.6708,0.6668,0.0764,0.0632,0.0604
instance_596,0.028,0.1876,0.196,0.1844,0.0028
instance_599,7.8188,0.0704,0.0,0.0012,0.0
instance_601,0.7456,0.7776,0.2,0.3952,0.7488
instance_602,0.0968,0.8832,0.098,0.7036,1.0308
instance_603,3.5312,0.564,0.002,0.0076,0.004
instance_604,3.1668,0.7804,0.0,0.0,0.0064
instance_606,0.7296,0.0532,0.0068,0.0144,0.0
instance_607,2.726,0.646,0.0,0.0004,0.0032
instance_608,9.0532,0.0912,0.0,0.0012,0.0656
instance_609,3.5452,0.652,0.0144,0.0212,0.0224
instance_610,5.2848,0.5236,0.0,0.0004,0.0008
instance_611,3.9684,0.0388,0.0,0.0064,0.0
instance_612,1.0648,0.9208,0.0144,0.0608,0.0964
instance_613,,,,,
instance_614,1.9908,0.042,0.0,0.0156,0.0
instance_615,5.3672,0.3012,0.0012,0.01,0.0008
instance_616,1.1588,0.9344,0.0,0.0016,0.1136
instance_617,0.3392,0.2,0.0144,0.066,0.004
instance_618,1.0872,0.9304,0.01,0.0504,0.102
instance_620,3.4396,0.2484,0.0004,0.0392,0.0152
instance_621,5.996,0.2208,0.0,0.0004,0.0008
instance_622,0.0,0.0108,0.1604,0.0108,1.9696
instance_623,13.7564,0.3876,0.0,0.0,0.0292
instance_625,0.6328,0.0596,0.01,0.0188,0.0
instance_626,0.3148,0.0272,0.0112,0.0064,0.0
instance_630,0.0,0.1876,0.3156,0.184,0.0024
instance_631,1.4516,0.0168,0.002,0.0064,0.0
instance_632,3.8876,0.926,0.0016,0.0016,0.182
instance_634,4.3016,0.296,0.0012,0.012,0.0008
instance_636,2.3828,0.766,0.0128,0.028,0.012
instance_637,1.8,0.7044,0.0,0.0,0.0
instance_638,1.9432,0.6796,0.0,0.0004,0.0004
instance_639,1.1512,0.052,0.0,0.0024,1.2368
instance_640,1.1024,0.9204,0.0084,0.0444,0.12
instance_641,2.158,0.6784,0.0,0.0,0.0
instance_643,0.322,0.2,0.0172,0.0788,0.004
instance_644,5.2176,0.1456,0.0,0.0004,0.0
instance_645,1.8112,0.7424,0.0,0.0,0.0004
instance_647,5.9892,0.8536,0.0004,0.0288,0.5112
instance_648,0.0,0.0104,0.152,0.0104,1.9732
instance_650,2.0732,0.688,0.0004,0.0004,0.0032
instance_651,2.0444,0.6956,0.0,0.0,0.0
instance_652,1.166,0.9352,0.0004,0.002,0.1116
instance_654,7.4252,0.6264,0.002,0.002,0.1044
instance_655,0.0572,1.0,0.0444,0.022,0.168
instance_656,0.062,1.0,0.052,0.026,0.168
instance_659,0.0,0.0004,0.7272,0.0004,1.9888
instance_660,2.312,0.6356,0.0,0.0,0.0
instance_662,1.2164,0.9188,0.0104,0.0556,0.1084
instance_664,11.0512,0.3828,0.0,0.0004,0.0088
instance_665,1.9436,0.6796,0.0,0.0,0.0004
instance_666,1.04,0.9272,0.008,0.0408,0.1304
instance_667,0.3296,0.2,0.0128,0.066,0.0044
instance_668,0.0264,0.188,0.2156,0.1848,0.0028
instance_669,1.1804,0.9208,0.0084,0.0452,0.1112
instance_670,4.3996,0.3428,0.0004,0.002,0.0008
instance_673,4.4208,0.5368,0.0008,0.0024,0.002
instance_674,2.782,0.6632,0.0656,0.0648,0.06
instance_676,7.2036,0.5172,0.0,0.0004,0.004
instance_677,1.1408,0.934,0.0024,0.0124,0.1176
instance_678,1.0916,0.9284,0.012,0.06,0.1116
instance_679,3.836,0.868,0.0004,0.002,0.038
instance_680,1.1536,0.258,0.0004,0.0068,0.0004
instance_681,4.3048,0.0224,0.0,0.0032,0.0
instance_682,3.6832,0.6404,0.002,0.0016,0.172
instance_684,0.0,0.0448,0.3988,0.0444,0.0
instance_685,0.3296,0.2,0.0148,0.0716,0.004
instance_686,3.0268,0.9624,0.0004,0.0016,0.054
instance_687,4.296,0.7332,0.0044,0.006,0.042
instance_688,1.118,0.924,0.0112,0.0584,0.1136
instance_690,0.8144,0.0676,0.0112,0.02,0.0
instance_693,1.6616,0.964,0.0012,0.0232,0.1124
instance_694,0.0,0.0448,0.286,0.0444,0.0
instance_695,1.456,1.1776,0.0012,0.0204,0.2016
instance_696,6.1396,0.8996,0.0008,0.0264,0.6488
instance_697,1.114,0.8996,0.0228,0.1004,0.0968
instance_700,3.938,0.3932,0.0,0.0012,0.0
instance_701,2.736,0.8052,0.0032,0.0052,0.0208
instance_702,1.1188,0.9232,0.0064,0.0328,0.1052
instance_703,1.1604,0.9348,0.0,0.0024,0.1132
instance_705,6.7968,0.0988,0.0,0.0016,0.0008
instance_707,0.0,0.0472,0.158,0.0468,0.0004
instance_708,0.0,0.0768,0.0172,0.0768,0.0
instance_709,0.55,2.0528,0.0088,0.022,1.8348
instance_713,3.038,0.9624,0.0004,0.0016,0.0528
instance_714,4.2284,0.8688,0.0,0.0012,0.0216
instance_715,0.1024,1.0,0.048,0.024,0.168
instance_717,2.8664,0.0296,0.0016,0.0076,0.0036
instance_719,1.074,0.9276,0.0188,0.0784,0.0924
instance_720,0.9916,0.6012,0.002,0.0032,0.0496
instance_724,0.0,0.1744,0.0212,0.174,0.2056
instance_725,7.0776,0.4676,0.0,0.002,0.0004
instance_726,2.8484,0.0488,0.0,0.0004,0.0
instance_727,0.34,0.2,0.0136,0.066,0.004
instance_728,7.3976,0.5356,0.0004,0.0008,0.0028
instance_729,1.1296,0.9236,0.0068,0.0444,0.1092
instance_730,1.1784,0.9344,0.0008,0.0064,0.11
instance_733,0.0252,0.2564,0.3076,0.2516,0.0116
instance_736,0.2748,1.8388,0.1936,0.1992,1.02
instance_738,0.0792,0.1876,0.1172,0.1804,0.0028
instance_739,0.0,0.1444,0.0788,0.144,0.0504
instance_741,,,,,
instance_742,1.1488,0.9356,0.0004,0.0052,0.1152
instance_744,1.1732,0.9348,0.0,0.0008,0.1116
instance_746,2.3416,0.0816,0.0,0.0004,0.0
instance_747,1.1964,0.9304,0.0104,0.0536,0.1008
instance_748,1.5488,0.232,0.0324,0.0796,0.0184
instance_749,0.0,0.0668,1.7144,0.0644,2.0
instance_752,0.0476,0.1876,0.152,0.1832,0.0032
instance_753,1.1916,0.9344,0.0,0.0024,0.11
instance_757,2.6232,0.5812,0.0,0.0,0.0
instance_759,0.1268,0.188,0.0892,0.1704,0.0024
instance_763,0.2984,0.2,0.0244,0.0972,0.004
instance_764,1.96,0.6816,0.0,0.0004,0.0
instance_765,1.4772,0.0556,0.0004,0.0264,0.0188
instance_766,0.1216,0.9916,0.124,0.7136,1.09
instance_767,1.5152,1.186,0.002,0.0204,0.184
instance_768,8.9932,0.6196,0.0012,0.0016,0.0648
instance_769,0.0,0.0448,0.5672,0.044,0.0
instance_771,3.6004,0.0456,0.0004,0.0096,0.0
instance_772,11.2624,0.63,0.0004,0.0008,0.0868
instance_773,0.096,0.1876,0.0952,0.1756,0.0024
instance_776,1.1796,0.9352,0.0,0.002,0.1108
instance_777,1.2524,0.2536,0.0012,0.0076,0.0052
instance_778,1.1604,0.9196,0.004,0.0552,0.1144
instance_779,1.1788,0.916,0.004,0.0544,0.0944
instance_780,0.1432,1.0,0.0572,0.0284,0.168
instance_781,0.062,1.0,0.052,0.026,0.168
instance_782,0.0572,1.0,0.0444,0.022,0.168
instance_784,0.1992,1.902,0.1176,0.1196,1.0588
instance_785,0.2608,1.8572,0.1716,0.176,1.0232
instance_786,0.0016,0.14,0.0136,0.0184,0.0
instance_787,1.3232,0.2444,0.0148,0.0092,0.0
instance_789,2.1608,0.6552,0.0,0.0,0.0
instance_791,1.954,0.6784,0.0,0.0,0.0004
instance_792,5.974,0.3476,0.0004,0.0036,0.0004
instance_793,5.936,0.7624,0.0012,0.0048,0.0024
instance_794,3.0916,0.7776,0.0,0.0,0.0068
instance_797,1.1816,0.934,0.0,0.0004,0.1124
instance_800,1.0852,0.914,0.0036,0.0972,0.0948
instance_802,1.0624,0.9232,0.0132,0.0676,0.1068
instance_810,0.0,0.0472,0.1228,0.0468,0.0004
instance_811,0.3428,1.0632,0.076,0.0356,1.2484
instance_814,4.4356,0.332,0.0004,0.002,0.004
instance_816,0.0696,1.6668,0.0456,0.0904,0.9176
instance_817,0.0,0.0448,0.3576,0.0444,0.0
instance_818,0.0916,1.0,0.0572,0.0284,0.168
instance_819,1.1092,0.8092,0.0096,0.012,0.066
instance_820,1.2544,1.0608,0.0024,0.0248,0.1476
instance_822,1.1632,0.256,0.0012,0.0088,0.0072
instance_823,1.9532,0.6784,0.0,0.0,0.0004
instance_825,0.0,0.0192,0.002,0.0192,0.0
instance_827,1.1868,0.9348,0.0004,0.0032,0.1148
instance_828,1.698,0.7328,0.0,0.0004,0.0004
instance_829,0.1424,0.786,0.088,0.5312,0.9668
instance_832,0.456,0.5592,0.0412,0.0148,0.3452
instance_833,3.8396,0.1396,0.0,0.0008,0.0
instance_834,1.1748,0.922,0.0096,0.0496,0.1112
instance_837,0.7116,0.048,0.0044,0.0116,0.0
instance_839,1.0652,0.9324,0.0096,0.048,0.11
instance_842,0.2884,0.0876,0.0504,0.0748,0.0
instance_843,8.4656,0.1208,0.0,0.0008,0.0
instance_844,1.1636,0.9232,0.0096,0.0612,0.0892
instance_845,0.3268,0.2,0.0176,0.0788,0.004
instance_849,,,,,
instance_850,0.7928,0.0676,0.008,0.02,0.0
instance_851,4.406,0.3388,0.0004,0.002,0.0008
instance_852,5.2204,0.8624,0.0,0.0008,0.038
instance_853,0.0,0.1604,0.018,0.16,0.1608
instance_855,0.0432,0.1876,0.1648,0.184,0.0028
instance_856,14.7588,0.6312,0.0004,0.0004,0.0744
instance_859,1.1676,0.5068,0.0016,0.0172,0.0176
instance_860,0.0,0.0448,0.33,0.0444,0.0
instance_861,0.0,0.1144,0.056,0.114,0.012
instance_862,0.0,0.0448,0.3804,0.0444,0.0
instance_864,3.5724,0.308,0.0004,0.0228,0.1024
instance_865,1.1728,0.9348,0.0,0.0012,0.112
instance_866,1.1544,0.926,0.0064,0.0328,0.1104
instance_867,5.1812,0.8644,0.0,0.0008,0.0368
instance_868,4.418,0.3164,0.0016,0.0244,0.046
instance_871,1.1656,0.9348,0.0,0.0024,0.1152
instance_874,0.224,1.8716,0.154,0.1572,1.05
instance_875,3.9636,0.58,0.0008,0.0028,0.0048
instance_876,4.75,0.846,0.0,0.0,0.0828
instance_878,3.2428,0.4992,0.0,0.0004,0.0016
instance_881,0.1044,1.0,0.05,0.0248,0.168
instance_882,0.0,0.0448,0.388,0.0444,0.0
instance_883,0.034,0.188,0.178,0.1848,0.0024
instance_884,5.2684,0.6696,0.0004,0.0136,0.6716
instance_885,0.0064,0.0264,0.0284,0.0264,0.0
instance_888,3.4396,0.2484,0.0004,0.0392,0.0152
instance_890,3.402,0.2216,0.0004,0.034,0.0792
instance_891,0.024,0.188,0.2104,0.1848,0.0028
instance_892,0.298,0.9436,0.0176,0.0308,0.1008
instance_894,1.4008,1.0588,0.0008,0.0212,0.144
instance_896,5.7228,0.6448,0.0004,0.0124,0.5628
instance_898,2.6132,0.5768,0.0,0.0,0.0
instance_901,,,,,
instance_902,0.0756,1.1304,0.1616,1.0492,1.1568
instance_905,1.2084,0.918,0.0092,0.048,0.1032
instance_906,1.876,0.7216,0.0,0.0,0.0
instance_907,1.1648,0.9356,0.0,0.0016,0.1132
instance_908,1.1032,0.9296,0.0124,0.0628,0.11
instance_910,5.3144,0.6524,0.0004,0.0136,0.5028
instance_914,,,,,
instance_918,0.3332,0.2,0.0156,0.072,0.004
instance_919,6.04,0.814,0.0004,0.0272,0.3708
instance_920,4.0628,0.5956,0.0016,0.0048,0.006
instance_921,0.2148,1.8836,0.1396,0.1424,1.0516
instance_922,0.3384,0.0324,0.0164,0.0092,0.0
instance_925,1.9528,0.6784,0.0,0.0,0.0004
instance_926,1.1048,0.92,0.012,0.0612,0.1116
instance_927,2.8284,0.4448,0.012,0.0488,0.0004
instance_929,1.1796,0.9352,0.0,0.0016,0.1116
instance_930,1.594,0.124,0.01,0.0192,1.118
instance_932,7.0668,0.32,0.0,0.0012,0.0
instance_933,0.0,0.0448,0.4504,0.044,0.0
instance_935,4.16,0.086,0.0004,0.0088,0.0
instance_936,1.084,0.9132,0.012,0.0628,0.122
instance_937,21.0808,0.8236,0.0,0.0,0.0476
instance_939,2.454,0.0652,0.0048,0.016,0.0056
instance_940,8.6444,0.6156,0.0016,0.002,0.0544
instance_941,2.9532,0.2692,0.0,0.0016,0.002
instance_942,3.6832,0.6404,0.002,0.0016,0.172
instance_943,0.0,0.0124,0.0008,0.0124,0.0
instance_945,4.1532,0.7472,0.0,0.0012,0.02
instance_947,4.5292,0.5948,0.0,0.0004,0.0012
instance_948,14.804,0.204,0.0,0.0,0.0
instance_949,1.1056,0.9272,0.0132,0.0664,0.1
instance_950,6.4736,0.4944,0.0,0.0004,0.0036
instance_952,3.6136,0.6436,0.0016,0.0016,0.172
instance_953,0.0,0.0448,0.47,0.044,0.0
instance_956,0.3036,0.2,0.02,0.0872,0.004
instance_957,1.1796,0.9344,0.0,0.0008,0.1132
instance_958,11.9368,0.0932,0.0,0.0004,0.0
instance_959,1.1868,0.9352,0.0004,0.0064,0.1124
instance_960,3.1892,1.064,0.0044,0.0084,0.0392
instance_961,1.1712,0.934,0.0,0.002,0.1108
instance_962,6.6064,0.8472,0.0008,0.0008,0.0872
instance_964,0.4576,0.5456,0.0368,0.0136,0.338
instance_965,0.0072,0.0296,0.0312,0.0296,0.0
instance_966,7.1072,0.8168,0.0,0.0,0.1112
instance_967,6.7796,0.0916,0.0,0.002,0.0
instance_968,1.1876,0.9324,0.0,0.002,0.11
instance_969,0.0,0.0448,0.4208,0.044,0.0
instance_970,16.3852,1.1332,0.0,0.0012,0.1076
instance_971,1.5292,0.5584,0.0056,0.0072,0.038
instance_972,8.5148,0.5508,0.0,0.0008,0.0
instance_973,0.9624,0.0736,0.0,0.0012,0.0196
instance_974,0.0,0.0448,0.436,0.044,0.0
instance_976,6.7196,0.9056,0.0024,0.0028,0.0712
instance_977,0.2404,1.8484,0.182,0.1868,1.0448
instance_978,1.1664,0.9368,0.0008,0.0064,0.1132
instance_979,5.248,0.3692,0.0008,0.0044,0.0
instance_981,1.1324,0.9224,0.0036,0.0492,0.09
instance_983,6.0212,0.8256,0.0004,0.0292,0.4576
instance_986,8.6296,0.6136,0.0016,0.002,0.0544
instance_987,0.3384,0.0324,0.0164,0.0092,0.0
instance_988,0.3688,0.2,0.0064,0.0364,0.004
instance_989,0.0,0.0472,0.1588,0.0468,0.0004
instance_993,1.8652,1.2588,0.0004,0.0076,0.228
instance_995,5.5284,0.9092,0.0036,0.0052,0.0824
instance_996,0.3044,0.2,0.0184,0.0788,0.0044
instance_997,4.4176,0.53,0.0004,0.0012,0.002
instance_998,1.1676,0.9364,0.0,0.0032,0.1148
instance_1001,0.5584,2.0532,0.0096,0.0232,1.8348
instance_1002,1.1732,0.9364,0.0,0.002,0.1128
instance_1003,0.3584,0.2,0.0108,0.0548,0.004
instance_1005,0.0,0.6668,0.1156,0.6612,0.1868
instance_1007,4.976,0.566,0.0008,0.002,0.0108
instance_1009,0.0088,0.0368,0.04,0.0364,0.0
instance_1011,6.716,0.8868,0.0012,0.002,0.0536
instance_1013,4.712,0.556,0.0004,0.002,0.0028
instance_1014,0.0,0.074,0.0164,0.074,0.0
instance_1018,5.6208,0.5056,0.0,0.0004,0.0012
instance_1020,0.0,0.2172,0.032,0.2164,0.2996
instance_1021,0.0296,0.188,0.2104,0.1848,0.0028
instance_1022,0.6808,0.5144,0.0532,0.1036,0.278
instance_1023,,,,,
instance_1025,0.0864,1.6668,0.0344,0.0688,0.918
instance_1026,1.1852,0.9332,0.0,0.002,0.11
instance_1027,3.2708,0.8132,0.0,0.0,0.0048
instance_1028,3.2316,0.7468,0.0004,0.0012,0.0048
instance_1029,0.0292,0.188,0.2156,0.1848,0.0024
instance_1030,0.0,0.0472,0.1588,0.0468,0.0004
instance_1032,0.0272,0.1876,0.228,0.1844,0.0024
instance_1034,1.5444,1.182,0.0008,0.0164,0.1912
instance_1035,0.224,1.8716,0.154,0.1572,1.05
instance_1036,0.6844,0.4368,0.0636,0.1316,0.5692
instance_1037,0.2964,0.028,0.0124,0.0068,0.0
instance_1038,1.0836,0.9236,0.0104,0.0544,0.1112
instance_1039,0.0208,0.1876,0.1972,0.1852,0.0032
instance_1040,6.0596,0.5196,0.0,0.0004,0.002
instance_1041,0.0,0.802,0.08,0.03,1.07
instance_1043,5.592,0.5164,0.0,0.0004,0.002
instance_1044,0.008,0.0372,0.04,0.0372,0.0
instance_1045,1.0796,0.9276,0.0108,0.0548,0.106
instance_1046,1.7792,0.6968,0.0,0.0,0.0
instance_1047,21.1972,0.1736,0.0,0.0,0.0
instance_1048,2.752,0.6668,0.0504,0.0584,0.0616
instance_1049,0.0,0.0448,0.2748,0.0444,0.0
instance_1051,0.3104,0.026,0.0108,0.006,0.0
instance_1053,16.4372,0.3584,0.0,0.0004,0.0028
instance_1054,0.028,0.1876,0.2228,0.1844,0.0028
instance_1056,1.0936,0.9256,0.0072,0.06,0.0916
instance_1057,5.0988,0.5504,0.0004,0.0008,0.0032
instance_1058,1.1752,0.9112,0.0096,0.0508,0.1172
instance_1059,3.0192,0.9644,0.0004,0.0016,0.0524
instance_1060,0.2944,0.2,0.024,0.0976,0.004
instance_1061,1.9244,0.1456,0.0004,0.0036,0.0
instance_1065,2.0784,0.6836,0.0,0.0004,0.0028
instance_1066,7.2056,0.5168,0.0,0.0004,0.0036
instance_1067,0.5616,2.0524,0.0096,0.0232,1.8348
instance_1068,4.6444,0.538,0.0004,0.0008,0.0016
instance_1070,0.0,0.0448,0.4648,0.044,0.0
instance_1071,1.1076,0.9208,0.014,0.0612,0.1056
instance_1074,0.81,0.0676,0.0096,0.02,0.0
instance_1075,0.4408,0.5676,0.0436,0.0156,0.3416
instance_1078,0.0,0.0712,0.0112,0.0712,0.0
instance_1081,0.0,0.074,0.0164,0.074,0.0
instance_1082,7.0704,0.5036,0.0,0.0004,0.0044
instance_1084,0.5616,2.0524,0.0096,0.0232,1.8348
instance_1085,1.1732,0.9332,0.0,0.0024,0.1104
instance_1087,2.5336,0.6268,0.0,0.0,0.0
instance_1088,3.8176,0.4908,0.0004,0.0244,0.0216
instance_1089,1.136,0.9276,0.01,0.0504,0.0928
instance_1091,6.056,0.8532,0.0008,0.0296,0.5232
instance_1093,1.954,0.6784,0.0,0.0,0.0004
instance_1094,13.4032,0.2168,0.0,0.0,0.0
instance_1097,3.082,0.5904,0.0052,0.026,0.0032
instance_1098,6.1532,0.6856,0.0016,0.0048,0.0112
instance_1099,1.8204,0.6984,0.0,0.0,0.0016
instance_1100,0.7464,0.0592,0.0084,0.0168,0.0
instance_1102,5.932,0.7076,0.002,0.0056,0.0168
instance_1103,0.352,0.2,0.0108,0.0548,0.004
instance_1104,0.312,0.2,0.0184,0.0784,0.004
instance_1105,1.048,0.9268,0.0032,0.0784,0.1076
instance_1108,1.1668,0.9336,0.0,0.0016,0.1144
instance_1109,1.174,0.9344,0.0,0.0008,0.1128
instance_1111,0.0664,0.57,0.0408,0.3928,0.8184
instance_1112,0.0708,0.1876,0.1332,0.1816,0.0024
instance_1113,17.1676,0.8228,0.0,0.0,0.0616
instance_1116,1.1728,0.9168,0.0064,0.0416,0.108
instance_1117,5.3028,0.5336,0.0004,0.0016,0.0076
instance_1118,0.0,0.0448,0.366,0.0444,0.0
instance_1121,1.5492,1.18,0.0008,0.0132,0.2048
instance_1122,1.1168,0.9208,0.0132,0.0676,0.1032
instance_1126,0.0,0.0304,0.0028,0.03,0.0
instance_1127,7.846,0.0684,0.0,0.0012,0.0
instance_1128,0.276,1.0344,0.2068,0.1,1.2924
instance_1129,0.2068,1.8936,0.1276,0.13,1.058
instance_1130,3.076,0.8064,0.0,0.0012,0.0104
instance_1131,7.9468,0.6476,0.0012,0.006,0.7592
instance_1132,2.8376,0.2268,0.0,0.0004,0.0344
instance_1133,1.1704,0.9328,0.0,0.0024,0.1116
instance_1134,9.5564,0.5832,0.0,0.0004,0.0
instance_1135,1.862,0.6772,0.0,0.0,0.0
instance_1136,5.1824,0.5364,0.0004,0.0008,0.0016
instance_1138,0.298,0.9436,0.0176,0.0308,0.1008
instance_1139,0.6844,0.4368,0.0636,0.1316,0.5692
instance_1140,1.1832,0.934,0.0,0.002,0.1112
instance_1141,1.7468,0.118,0.0012,0.0088,1.3028
instance_1143,0.3252,0.2,0.0152,0.0716,0.004
instance_1145,18.1536,0.684,0.0004,0.0008,0.0092
instance_1146,1.5916,1.1668,0.002,0.0216,0.18
instance_1147,0.6112,0.0528,0.0076,0.016,0.0
instance_1148,2.9628,0.2076,0.0004,0.0016,0.0252
instance_1149,0.008,0.0376,0.04,0.0372,0.0
instance_1150,1.1668,0.9232,0.008,0.0408,0.1124
instance_1154,0.042,0.1876,0.1712,0.184,0.0028
instance_1158,0.0852,1.6668,0.0384,0.0764,0.9176
instance_1159,6.9664,0.5748,0.0004,0.0008,0.0032
instance_1162,0.0556,0.1876,0.1484,0.1832,0.0028
instance_1164,1.166,0.9356,0.0008,0.0064,0.112
instance_1165,0.0,0.0448,0.362,0.0444,0.0
instance_1167,0.4904,0.0156,0.0008,0.0152,0.0
instance_1169,1.1744,0.934,0.0,0.002,0.1104
instance_1170,3.0244,0.962,0.0004,0.0016,0.0536
instance_1172,6.7912,0.5344,0.0,0.0004,0.002
instance_1175,0.0,0.092,0.006,0.008,0.0
instance_1176,0.1244,1.0,0.0428,0.0212,0.168
instance_1179,0.0,0.0396,0.0056,0.0396,0.0
instance_1180,1.138,0.92,0.0096,0.05,0.1088
instance_1181,1.1732,0.9368,0.0,0.0016,0.1116
instance_1183,0.0804,0.1876,0.1252,0.1808,0.0028
instance_1184,0.8044,0.0532,0.0072,0.0136,0.0
instance_1186,5.7364,0.5312,0.0,0.0004,0.0024
instance_1187,0.278,0.1028,0.06,0.088,0.0
instance_1188,4.1724,0.5756,0.0012,0.0032,0.0068
instance_1190,2.0736,0.6876,0.0004,0.0004,0.0032
instance_1191,0.0,0.1224,0.0652,0.122,0.0184
instance_1192,2.8976,0.6968,0.0024,0.0088,0.0596
instance_1194,5.4108,0.5164,0.0,0.0004,0.002
instance_1196,0.0,0.0344,0.004,0.0344,0.0
instance_1197,2.7932,1.146,0.0016,0.0036,0.754
instance_1198,0.0,0.0472,0.1812,0.0468,0.0004
instance_1199,7.156,0.4664,0.0,0.002,0.0008
instance_1201,8.5072,0.6592,0.0004,0.0044,0.034
instance_1202,1.162,0.9356,0.0004,0.0064,0.1188
instance_1203,0.858,0.1084,0.0072,0.016,0.0
instance_1204,1.1756,0.9156,0.0084,0.0448,0.1044
instance_1205,,,,,
instance_1206,0.2028,1.898,0.1224,0.1248,1.0604
instance_1207,,,,,
instance_1209,1.0964,0.93,0.0092,0.0468,0.1092
instance_1210,9.3924,0.0712,0.0,0.0004,0.0
instance_1212,9.3924,0.0712,0.0,0.0004,0.0
instance_1213,0.3636,1.0,0.1,0.0344,1.5324
instance_1218,0.3636,1.0,0.1144,0.0392,1.5324
instance_1219,5.082,0.5772,0.0004,0.0008,0.0604
instance_1220,4.464,0.1816,0.0,0.0004,0.0
instance_1221,7.8104,0.4552,0.0,0.0016,0.0008
instance_1222,1.9524,0.1752,0.0008,0.0052,0.0004
instance_1223,1.052,0.0904,0.0,0.0016,0.022
instance_1224,0.3224,0.0244,0.0096,0.0052,0.0
instance_1226,4.16,0.086,0.0004,0.0088,0.0
instance_1227,1.1156,0.9308,0.0104,0.0532,0.1204
instance_1228,0.288,0.2,0.0236,0.0972,0.004
instance_1229,1.7004,0.7372,0.0,0.0004,0.0004
instance_1233,0.0,0.2792,0.1412,0.2772,1.3716
instance_1234,0.0768,1.6668,0.0556,0.1104,0.918
instance_1236,1.1756,0.9348,0.0,0.0008,0.1136
instance_1237,6.1396,0.8996,0.0008,0.0264,0.6488
instance_1238,0.1992,1.902,0.1176,0.1196,1.0604
instance_1239,1.166,0.936,0.0004,0.004,0.1116
instance_1240,1.1676,0.4324,0.0008,0.012,0.0212
instance_1242,1.9528,0.6784,0.0,0.0,0.0004
instance_1243,0.0,0.0448,0.2868,0.0444,0.0
instance_1244,1.1476,0.9272,0.0028,0.0348,0.1168
instance_1248,5.8992,0.7856,0.0024,0.0036,0.0176
instance_1249,7.094,0.1328,0.0,0.0012,0.0
instance_1252,1.1704,0.936,0.0004,0.004,0.1116
instance_1255,1.0784,0.9356,0.0116,0.0592,0.1076
instance_1256,0.1004,0.1876,0.0988,0.176,0.0024
instance_1259,0.0948,1.6668,0.0436,0.0864,0.918
instance_1260,1.8644,0.7256,0.0,0.0,0.0
instance_1262,0.0,0.0472,0.1244,0.0468,0.0004
instance_1263,5.8992,0.7856,0.0024,0.0036,0.0176
instance_1264,3.4088,0.6588,0.0,0.0004,0.0012
instance_1266,6.4632,0.1608,0.0,0.002,0.0
instance_1267,5.1736,0.0364,0.0,0.0,0.006
instance_1269,1.0832,0.9176,0.0052,0.0452,0.0996
instance_1270,2.5748,0.0688,0.0,0.0004,0.032
instance_1271,2.7924,1.144,0.0016,0.0036,0.7532
instance_1272,1.1616,0.9352,0.0,0.0016,0.112
instance_1275,0.4428,0.5496,0.0488,0.0176,0.3496
instance_1276,2.0732,0.688,0.0004,0.0004,0.0032
instance_1277,0.0488,0.1876,0.156,0.1836,0.0028
instance_1278,1.0524,0.3496,0.0004,0.006,0.086
instance_1280,0.2108,1.8888,0.1332,0.136,1.0572
instance_1281,6.4128,0.1236,0.0,0.0028,0.002
instance_1283,0.0516,0.1876,0.1576,0.1836,0.0024
instance_1285,1.1588,0.9352,0.0,0.0016,0.112
instance_1286,1.0412,0.0604,0.0004,0.0032,0.0
instance_1288,1.4984,1.1848,0.0012,0.0208,0.1956
instance_1289,0.0,0.0448,0.36,0.0444,0.0
instance_1291,1.6636,0.1696,0.0208,0.0604,0.0284
instance_1292,0.3084,0.2,0.0204,0.0872,0.004
instance_1293,0.0988,1.0,0.0444,0.022,0.168
instance_1294,4.9036,0.7364,0.0,0.0,0.0088
instance_1298,9.3924,0.0712,0.0,0.0004,0.0
instance_1300,4.4432,0.268,0.0004,0.0016,0.002
instance_1301,0.0,0.0856,0.0184,0.0852,0.0
instance_1302,0.4552,0.5656,0.0436,0.0156,0.34
instance_1306,0.0,0.0336,0.0052,0.0332,0.0
instance_1307,1.1584,0.9364,0.0,0.0012,0.114
instance_1308,1.168,0.9204,0.0096,0.0492,0.0996
instance_1309,7.1168,0.7876,0.0,0.0004,0.1252
instance_1310,0.0,0.0448,0.3396,0.0444,0.0
instance_1311,5.5576,0.6628,0.0004,0.0124,0.5916
instance_1312,1.1528,0.9308,0.0044,0.0572,0.1048
instance_1313,6.7912,0.5344,0.0,0.0004,0.002
instance_1314,2.276,0.9632,0.0068,0.0088,0.0208
instance_1317,2.3336,0.4984,0.0,0.0,0.0
instance_1319,0.0,0.0448,0.5504,0.044,0.0
instance_1320,0.5772,0.3308,0.0772,0.1104,0.1476
instance_1324,2.752,0.6668,0.0504,0.0584,0.0616
instance_1325,3.044,0.1172,0.0144,0.0188,0.0
instance_1326,3.8336,0.8952,0.0016,0.0364,0.0376
instance_1327,0.344,0.2,0.0112,0.0548,0.004
instance_1328,1.124,0.9236,0.0132,0.068,0.118
instance_1329,0.7828,0.06,0.0064,0.0164,0.0
instance_1330,3.6136,0.6436,0.0016,0.0016,0.172
instance_1331,0.0476,0.1876,0.1816,0.184,0.0032
instance_1334,1.514,1.1772,0.002,0.0212,0.1852
instance_1335,1.1168,0.9252,0.0136,0.0688,0.0904
instance_1336,1.148,0.9228,0.0116,0.0608,0.112
instance_1337,0.0,0.0472,0.1588,0.0468,0.0004
instance_1339,1.698,0.7328,0.0,0.0004,0.0004
instance_1341,1.7964,0.698,0.0,0.0004,0.0
instance_1342,2.8656,0.6904,0.0356,0.0468,0.002
instance_1343,0.5948,0.0672,0.0116,0.0232,0.0
instance_1345,0.0088,0.0364,0.0392,0.0364,0.0
instance_1346,12.2552,0.5952,0.0004,0.0008,0.0256
instance_1347,1.18,0.934,0.0,0.0012,0.1144
instance_1349,0.3332,0.2,0.0124,0.0608,0.004
instance_1350,7.094,0.1328,0.0,0.0012,0.0
instance_1351,0.3284,0.03,0.014,0.008,0.0
instance_1352,16.164,0.6932,0.0,0.0004,0.9576
instance_1353,1.5984,1.2764,0.0104,0.0248,0.628
instance_1355,0.0596,0.1876,0.152,0.1824,0.0028
instance_1357,1.8344,1.2784,0.0004,0.0072,0.2536
instance_1358,0.8456,0.0676,0.0092,0.0204,0.0
instance_1359,1.1828,0.914,0.0096,0.0504,0.1092
instance_1362,4.5224,0.2428,0.0,0.0008,0.0004
instance_1364,0.7708,0.4552,0.0008,0.0016,0.0512
instance_1365,12.8808,0.6828,0.0004,0.0004,0.0132
instance_1366,3.5,0.8368,0.0,0.0,0.0044
instance_1367,1.1828,0.9352,0.0004,0.0052,0.1096
instance_1368,1.5488,0.1068,0.0,0.0048,0.0
instance_1369,0.59,0.568,0.088,0.1752,0.7428
instance_1370,8.39,0.8428,0.0004,0.0012,0.0032
instance_1372,5.1824,0.5364,0.0004,0.0008,0.0016
instance_1373,5.382,0.5616,0.0004,0.0008,0.0
instance_1374,1.8888,0.0432,0.002,0.0128,0.0
instance_1375,0.076,1.6668,0.0456,0.0904,0.918
instance_1376,8.4248,0.878,0.0,0.0,0.074
instance_1377,2.8216,0.666,0.0,0.0004,0.004
instance_1378,0.0568,0.1876,0.1504,0.1824,0.0028
instance_1385,3.3588,0.2368,0.0004,0.042,0.0196
instance_1386,3.8916,0.1636,0.0,0.0004,0.018
instance_1387,1.0796,0.9272,0.008,0.0504,0.1072
instance_1388,0.0,0.0552,0.0184,0.0552,0.0
instance_1390,3.402,0.2216,0.0004,0.034,0.0792
instance_1391,5.7028,0.6952,0.0,0.0004,0.0064
instance_1394,0.3508,0.2,0.0096,0.0548,0.004
instance_1395,0.0676,0.188,0.1264,0.1808,0.0028
instance_1397,1.1184,0.926,0.0104,0.0532,0.106
instance_1398,1.8188,0.6988,0.0,0.0,0.0016
instance_1400,0.0084,0.0336,0.0364,0.0336,0.0
instance_1402,1.1784,0.9356,0.0,0.0008,0.1112
instance_1403,4.6652,0.338,0.0004,0.002,0.0008
instance_1404,1.1076,0.92,0.0084,0.0448,0.0928
instance_1405,4.2124,0.9608,0.0,0.0,0.0748
instance_1406,3.1268,0.658,0.0,0.0004,0.0108
instance_1407,1.2948,1.0552,0.0088,0.0396,0.1364
instance_1408,3.0216,0.176,0.0,0.0044,0.0
instance_1409,0.3384,0.2,0.0132,0.0612,0.004
instance_1410,1.1564,0.9212,0.0096,0.0492,0.1092
instance_1412,0.328,0.2,0.0152,0.0716,0.004
instance_1417,2.5788,0.5872,0.0,0.0,0.0
instance_1418,0.3384,0.0324,0.0164,0.0092,0.0
instance_1419,1.5352,0.2668,0.0304,0.0916,0.1136
instance_1421,1.1768,0.9348,0.0,0.0004,0.1128
instance_1423,4.714,0.5668,0.0008,0.0024,0.0092
instance_1424,6.056,0.8532,0.0008,0.0296,0.5232
instance_1426,0.3104,0.026,0.0108,0.006,0.0
instance_1428,1.0308,0.9376,0.0124,0.062,0.0952
instance_1429,0.0016,0.14,0.0136,0.0184,0.0
instance_1430,1.338,0.4448,0.0,0.0032,0.0
instance_1431,2.0748,0.474,0.0012,0.004,0.0272
instance_1432,1.884,0.0928,0.002,0.0164,1.0988
instance_1434,0.0,0.0448,0.4016,0.0444,0.0
instance_1436,3.01,0.6656,0.0,0.0008,0.0048
instance_1437,1.1164,0.922,0.0104,0.054,0.0956
instance_1438,0.1024,1.0,0.048,0.024,0.168
instance_1439,19.3676,0.1772,0.0,0.0,0.0
instance_1440,1.1732,0.9348,0.0004,0.0064,0.1052
instance_1441,1.166,0.9352,0.0004,0.0036,0.1116
instance_1443,10.4944,0.382,0.0,0.0004,0.0048
instance_1444,0.0556,0.1876,0.1616,0.1832,0.0032
instance_1445,1.1996,0.9316,0.0004,0.0032,0.1092
instance_1447,2.7648,0.738,0.0092,0.0204,0.0116
instance_1451,1.1336,0.9276,0.0052,0.0324,0.0996
instance_1454,0.336,0.2,0.0136,0.066,0.0044
instance_1455,1.0552,0.1404,0.014,0.0248,0.054
instance_1457,4.7464,0.864,0.0,0.0,0.0832
instance_1458,3.0756,0.8068,0.0,0.0012,0.0104
instance_1459,0.0,0.0448,0.2772,0.0444,0.0
instance_1461,1.0508,0.9296,0.0064,0.0324,0.1076
instance_1463,0.0,0.0448,0.3096,0.0444,0.0
instance_1464,2.8524,0.2324,0.0,0.0004,0.0352
instance_1465,6.0596,0.5196,0.0,0.0004,0.002
instance_1466,1.0748,0.9252,0.0136,0.058,0.1036
instance_1467,15.7372,0.2012,0.0,0.0,0.0
instance_1469,4.5292,0.5948,0.0,0.0004,0.0012
instance_1470,0.0,0.0472,0.1384,0.0468,0.0004
instance_1471,0.616,0.0596,0.0108,0.0184,0.0
instance_1473,3.0856,0.6384,0.0,0.0004,0.0032
instance_1475,,,,,
instance_1476,0.0,0.0448,0.4372,0.044,0.0
instance_1477,0.0656,1.6668,0.05,0.0996,0.918
instance_1478,6.0256,0.6768,0.0064,0.0064,0.0896
instance_1479,0.0664,0.1876,0.1392,0.1812,0.0024
instance_1480,1.2272,0.9232,0.0136,0.0692,0.1184
instance_1481,1.284,0.3076,0.0012,0.0124,0.0004
instance_1482,2.0732,0.688,0.0004,0.0004,0.0032
instance_1484,1.876,0.7216,0.0,0.0,0.0
instance_1486,6.4736,0.4944,0.0,0.0004,0.0036
instance_1487,0.0468,0.1876,0.1652,0.1836,0.0028
instance_1488,,,,,
instance_1491,0.7188,0.3956,0.11,0.164,0.166
instance_1492,0.0008,0.104,0.0076,0.01,0.0
instance_1494,1.7824,0.0996,0.0008,0.0064,1.152
instance_1495,2.408,0.7424,0.0124,0.0276,0.0116
instance_1496,3.95,0.59,0.0016,0.0056,0.0064
instance_1497,2.5216,0.1256,0.0,0.0004,0.0
instance_1498,2.8148,0.6668,0.0608,0.0588,0.06
instance_1501,1.36,0.2484,0.0184,0.0112,0.0
instance_1502,1.2116,0.4444,0.0012,0.014,0.0164
instance_1507,0.0416,0.1876,0.1484,0.1836,0.0032
instance_1509,0.5904,0.6028,0.294,0.112,1.4896
instance_1510,5.2204,0.5236,0.0,0.0004,0.0008
instance_1512,0.0572,1.0,0.0444,0.022,0.168
instance_1513,0.0892,1.0,0.0544,0.0272,0.168
instance_1514,3.24,0.424,0.0,0.0,0.1384
instance_1516,3.2804,0.838,0.0,0.0008,0.032
instance_1517,11.9288,0.6504,0.0004,0.0012,0.0508
instance_1519,1.1636,0.9272,0.0064,0.0324,0.1048
instance_1522,1.2036,0.2496,0.0012,0.0076,0.0056
instance_1524,1.1212,0.9244,0.0084,0.0544,0.1184
instance_1525,1.1688,0.9224,0.0108,0.056,0.1128
instance_1526,5.3524,0.6164,0.0,0.0004,0.0044
instance_1527,11.4984,0.774,0.0,0.0,0.0904
instance_1529,5.0664,0.8844,0.0004,0.0004,0.0732
instance_1531,0.9916,0.6012,0.002,0.0032,0.0496
instance_1533,1.2868,1.0648,0.004,0.0216,0.1544
instance_1535,3.5724,0.308,0.0004,0.0228,0.1024
instance_1536,1.1268,0.9296,0.0068,0.0436,0.1108
instance_1539,1.1824,0.9344,0.0,0.0008,0.1128
instance_1541,1.7272,0.7124,0.0,0.0004,0.0004
instance_1542,0.8056,0.0452,0.0056,0.0104,0.0
instance_1543,0.3064,0.0252,0.01,0.0056,0.0
instance_1544,0.0792,1.6668,0.0372,0.0736,0.918
instance_1545,0.062,1.6668,0.0356,0.0712,0.9176
instance_1546,2.088,0.1476,0.0004,0.0456,0.06
instance_1548,1.1676,0.9372,0.0008,0.0064,0.1108
instance_1549,0.3384,0.2,0.0144,0.066,0.004
instance_1550,1.912,0.9692,0.0148,0.018,0.0224
instance_1551,2.6508,0.0692,0.0,0.0,0.0264
instance_1552,1.8672,0.6872,0.0,0.0004,0.0
instance_1553,1.1612,0.9256,0.0068,0.0348,0.102
instance_1554,0.0372,0.1876,0.1732,0.1844,0.0032
instance_1555,6.1012,0.8648,0.0004,0.0256,0.3948
instance_1556,0.0,0.0448,0.5176,0.044,0.0
instance_1557,1.06,0.926,0.0068,0.044,0.114
instance_1559,1.8264,0.698,0.0,0.0,0.0016
instance_1560,2.0732,0.8232,0.0032,0.0068,0.0052
instance_1561,14.2716,0.2152,0.0,0.0004,0.0008
instance_1562,6.0536,0.8468,0.0008,0.0288,0.4592
instance_1563,0.0,0.802,0.08,0.03,1.07
instance_1564,0.0,0.0448,0.344,0.0444,0.0
instance_1565,0.0,0.0812,0.044,0.0808,0.0008
instance_1566,21.0808,0.8236,0.0,0.0,0.0476
instance_1567,1.366,1.0508,0.0016,0.0396,0.1204
instance_1570,0.0,0.1292,0.0712,0.1288,0.0256
instance_1572,6.166,0.5164,0.0,0.0004,0.0044
instance_1573,0.1008,0.1876,0.1,0.1756,0.0028
instance_1574,0.7228,0.24,0.0436,0.068,0.0392
instance_1576,0.2988,0.024,0.0088,0.0052,0.0
instance_1577,3.78,0.6488,0.0004,0.0204,0.016
instance_1580,3.3608,0.2328,0.0004,0.03,0.0924
instance_1582,0.0,0.0764,0.044,0.0764,0.0004
instance_1583,25.268,0.604,0.0,0.0004,0.0264
instance_1584,6.6748,0.8924,0.0,0.0,0.1584
instance_1586,1.2076,0.9288,0.0008,0.0128,0.1072
instance_1587,0.044,0.1876,0.1632,0.184,0.0036
instance_1588,0.0,0.0448,0.3636,0.0444,0.0
instance_1589,9.8928,0.3808,0.0,0.0004,0.0004
instance_1590,0.3332,0.0312,0.0152,0.0084,0.0
instance_1591,0.4308,0.5648,0.0384,0.014,0.3376
instance_1593,5.0812,0.5768,0.0004,0.0008,0.0604
instance_1594,1.104,0.9212,0.0136,0.0684,0.1248
instance_1596,0.0,0.0228,0.0036,0.0228,0.0
instance_1597,0.074,0.532,0.0356,0.3632,0.7872
instance_1598,3.7532,0.9532,0.0,0.0,0.0316
instance_1599,0.0588,1.6668,0.04,0.0796,0.918
instance_1600,4.418,0.3164,0.0016,0.0244,0.046
instance_1602,0.0,0.0684,0.0032,0.0044,0.0
instance_1603,1.1244,0.9192,0.012,0.0612,0.1128
instance_1604,4.5236,0.1692,0.0,0.0004,0.0
instance_1605,1.9432,0.6796,0.0,0.0004,0.0004
instance_1606,0.0,0.3636,0.1708,0.3608,1.4112
instance_1607,6.0596,0.5196,0.0,0.0004,0.002
instance_1609,7.8468,0.2784,0.0,0.0012,0.0
instance_1610,1.4596,0.0176,0.002,0.0068,0.0
instance_1611,0.318,0.2,0.0172,0.0788,0.004
instance_1612,4.9296,0.2668,0.0004,0.0016,0.0028
instance_1613,1.9244,0.1456,0.0004,0.0036,0.0
instance_1614,5.2176,0.1456,0.0,0.0004,0.0
